29.50,29.70,29.80,29.80,29.70,29.80,29.80,29.70,29.60,29.70,29.80,29.70,29.80,30.20,30.70,31.50,32.50,33.40,34.20,34.60,34.80,34.60,34.70,34.60,34.30,34.20,34.30,34.40,34.20,34.10,34.00,33.90,33.70,33.60,33.60,33.20,33.50,33.40,33.20,33.10,33.10,33.10,33.10,32.90,32.70,32.60,32.60,32.50,32.60,32.50,32.50,32.30,32.20,32.00,31.80,31.90,32.10,32.00,31.70,31.70,31.70,31.60,31.60,31.50,31.40,31.40,31.50,31.50,31.60,31.60,31.80,32.10,32.20,32.50,32.90,33.00,32.90,32.90,32.70,32.50,32.10,31.30,31.10,30.80,30.30,30.00,29.50,29.00,28.80,28.50,28.10,27.70,27.70,27.70,27.60,27.80,27.70,27.90,28.00,28.20,28.40,28.70,29.40,30.10,30.30,30.50,30.80,30.90,30.90,31.20,31.10,31.10,31.00,31.00,30.90,30.80,30.80,30.80,30.80,30.70,30.80,30.60,30.80,30.80,30.60,30.60,30.50,30.30,30.30,30.20,30.40,30.30,30.30,30.30,30.20,30.10,30.20,30.20,30.10,30.20,30.20,30.10,30.10,29.90,30.00,29.90,29.90,29.90,29.90,30.00,29.90,30.00,29.90,29.80,30.00,30.00,29.80,29.70,29.80,29.80,30.10,29.70,29.60,29.70,29.70,29.90,29.80,29.80,29.80,29.90,30.00,29.80,30.00,29.80,29.70,30.00,29.80,29.70,29.70,29.70,29.70,29.80,29.60,29.40,29.40,29.60,29.40,29.40,29.20,28.90,28.50,28.00,27.30,27.10,26.60,26.20,25.80,25.50,24.80,24.70,24.70,24.40,24.10,23.80,23.80,23.80,23.80,23.70,23.70,23.90,23.90,23.80,23.60,23.80,23.90,23.80,23.90,24.00,23.80,23.90,23.70,23.90,23.90,23.80,23.90,23.90,23.60,24.00,23.60,23.80,23.90,23.70,23.60,23.60,23.80,23.70,23.80,23.60,23.80,23.80,23.80,23.70,23.50,23.60,23.80,23.60,23.50,23.60,23.70,23.60,23.70,23.50,23.60,23.60,23.80,23.80,23.60,23.60,23.60,23.80,23.80,23.80,23.70,23.60,23.80,23.80,23.60,23.60,23.50,23.80,23.60,23.70,23.70,23.70,23.80,23.70,23.60,23.60,23.60,23.60,23.70,23.80,23.80,23.80,23.50,23.70,23.90,23.60,23.50,23.80,23.50,23.50,23.50,23.60,23.70,23.60,23.60,23.80,23.60,23.60,23.50,23.60,23.40,23.40,23.40,23.60,23.70,23.70,23.60,23.50,23.50,23.50,23.40,23.40,23.50,23.50,23.50,23.60,23.60,23.60,23.40,23.60,23.80,23.60,23.50,23.50,23.60,23.50,23.50,23.60,23.60,23.60,23.50,23.50,23.60,23.60,23.80,23.70,23.70,23.60,23.50,23.50,23.60,23.80,23.50,23.50,23.50,23.40,23.40,23.40,23.40,23.80,23.80,23.60,23.60,23.50,23.50,23.60,23.80,23.70,23.60,23.60,23.80,23.60,23.50,23.40,23.40,23.60,23.80,23.70,23.60,23.80,23.50,23.60,23.60,23.60,23.70,23.60,23.60,23.60,23.60,23.60
28.80,29.20,29.40,29.70,29.60,29.80,29.90,29.90,29.80,29.80,29.80,29.80,29.80,29.70,30.20,30.80,31.50,32.80,33.50,34.10,34.50,34.60,34.80,35.00,34.60,34.50,34.40,34.40,34.30,34.10,33.90,33.90,33.90,33.60,33.40,33.50,33.60,33.50,33.20,33.20,33.10,33.10,33.10,33.00,33.00,32.90,32.70,32.60,32.50,32.50,32.50,32.30,32.30,32.20,32.10,32.10,32.10,32.10,31.80,31.60,31.60,31.50,31.50,31.50,31.50,31.40,31.60,31.60,31.60,31.60,31.80,32.20,32.20,32.70,32.90,33.00,33.00,32.90,32.70,32.70,32.00,31.50,31.10,30.80,30.30,29.90,29.70,29.30,28.70,28.30,28.00,27.70,27.80,27.80,27.60,27.80,27.60,27.70,28.00,28.20,28.50,28.90,29.40,30.00,30.40,30.50,30.90,31.10,31.10,31.20,31.20,31.10,31.10,31.00,30.80,30.80,30.80,30.90,30.90,30.70,30.60,30.60,30.80,30.70,30.60,30.60,30.50,30.50,30.50,30.60,30.60,30.40,30.40,30.30,30.40,30.10,30.20,30.30,30.10,30.10,30.20,30.10,30.10,30.00,30.00,29.90,29.90,29.80,30.00,30.00,30.00,30.00,30.00,29.80,29.90,30.00,30.10,29.70,29.80,30.10,30.00,30.00,29.70,29.90,29.70,30.00,29.90,29.80,29.90,30.00,30.20,30.00,30.00,30.10,30.10,30.00,30.00,29.80,30.00,29.80,29.70,29.40,29.50,29.60,29.70,29.50,29.70,29.70,29.20,29.00,28.60,28.30,27.50,27.20,26.80,26.40,25.90,25.40,25.20,24.80,24.60,24.30,24.30,24.00,23.90,23.70,23.90,23.80,23.90,24.00,24.00,23.80,23.80,23.90,23.80,23.90,23.90,23.90,23.90,23.90,23.70,23.90,23.90,23.70,23.70,23.70,23.70,23.80,23.80,23.80,23.80,23.80,23.70,23.80,23.90,23.60,23.80,23.50,23.80,23.80,23.80,23.70,23.60,23.60,23.90,23.70,23.80,23.60,23.70,23.60,23.70,23.60,23.80,23.80,23.90,23.80,23.60,23.60,23.60,23.70,23.80,23.60,23.50,23.60,23.70,23.80,23.70,23.60,23.90,23.80,23.60,23.70,23.70,23.60,23.70,23.60,23.60,23.70,23.60,23.70,23.70,23.60,23.80,23.60,23.60,23.60,23.60,23.60,23.50,23.90,23.60,23.60,23.80,23.60,23.70,23.50,23.50,23.60,23.70,23.60,23.50,23.80,23.60,23.40,23.50,23.60,23.60,23.50,23.50,23.70,23.50,23.60,23.50,23.60,23.60,23.60,23.60,23.50,23.50,23.50,23.60,23.60,23.80,23.60,23.50,23.50,23.60,23.60,23.70,23.50,23.60,23.50,23.60,23.70,23.80,23.80,23.70,23.70,23.70,23.60,23.50,23.60,23.60,23.60,23.60,23.60,23.60,23.80,23.40,23.50,23.60,23.70,23.50,23.50,23.60,23.50,23.40,23.50,23.50,23.60,23.60,23.60,23.60,23.40,23.40,23.40,23.50,23.60,23.70,23.50,23.70,23.70,23.60,23.60,23.60,23.50,23.40,23.40,23.60,23.60,23.40,23.40
28.20,28.50,29.00,29.30,29.60,29.70,29.70,29.80,29.80,29.80,29.80,29.80,29.80,29.80,30.00,30.20,30.60,31.60,32.40,33.40,34.10,34.30,34.30,34.60,34.60,34.60,34.50,34.40,34.40,34.30,33.90,33.80,33.90,33.90,33.60,33.50,33.70,33.70,33.50,33.40,33.20,33.10,33.00,33.00,33.00,33.10,32.70,32.70,32.60,32.50,32.30,32.40,32.30,32.20,32.20,32.10,32.10,32.00,31.80,31.70,31.60,31.50,31.30,31.30,31.50,31.40,31.70,31.70,31.70,31.80,31.80,32.30,32.30,32.70,32.90,33.00,33.00,32.90,32.70,32.50,32.00,31.60,31.30,30.80,30.30,30.00,29.60,29.40,28.70,28.10,28.00,27.70,27.80,27.80,27.80,27.70,27.70,27.70,27.90,28.10,28.50,28.90,29.30,29.80,30.40,30.60,30.60,31.10,31.20,31.10,31.20,31.20,30.90,30.90,30.90,30.90,30.90,30.90,30.80,30.60,30.70,30.70,30.60,30.80,30.50,30.60,30.40,30.30,30.50,30.60,30.50,30.40,30.40,30.20,30.40,30.20,30.20,30.20,30.20,30.10,30.10,30.10,30.20,30.10,30.10,30.00,30.10,30.00,29.90,29.90,30.00,30.00,30.00,29.80,29.80,30.10,30.00,30.00,29.90,30.10,30.00,30.00,29.90,29.90,29.80,30.00,30.00,29.70,29.80,29.80,30.00,29.80,30.10,29.70,29.90,30.00,29.90,29.90,30.00,29.80,30.00,29.60,29.60,29.60,29.60,29.60,29.70,29.60,29.30,29.00,28.70,28.30,27.80,27.30,26.80,26.30,25.80,25.50,25.20,24.80,24.60,24.30,24.20,23.90,23.90,23.90,23.90,23.80,23.70,23.80,23.90,23.80,23.80,23.80,23.80,23.90,23.90,23.70,23.90,23.90,23.70,23.80,23.80,23.90,23.70,23.70,23.80,24.00,23.80,23.80,24.00,23.90,23.80,23.80,23.80,23.60,23.50,23.70,23.80,23.60,23.70,23.70,23.70,23.80,23.90,23.50,23.60,23.50,23.90,23.50,23.70,23.80,23.80,23.80,23.60,23.50,23.70,23.70,23.60,23.60,23.80,23.60,23.50,23.80,23.70,23.80,23.70,23.60,23.60,23.80,23.40,23.60,23.70,23.60,23.60,23.80,23.60,23.90,23.70,23.70,23.80,23.60,23.70,23.80,23.70,23.60,23.80,23.80,23.80,23.90,23.60,23.60,23.80,23.60,23.60,23.50,23.60,23.70,23.80,23.80,23.80,23.70,23.60,23.70,23.60,23.60,23.50,23.60,23.60,23.50,23.40,23.60,23.70,23.70,23.80,23.80,23.60,23.50,23.70,23.80,23.60,23.50,23.80,23.50,23.40,23.50,23.60,23.80,23.60,23.80,23.60,23.50,23.70,23.50,23.60,23.70,23.60,23.70,23.70,23.70,23.70,23.60,23.60,23.60,23.60,23.50,23.80,23.60,23.40,23.60,23.60,23.50,23.50,23.50,23.40,23.30,23.30,23.50,23.60,23.60,23.60,23.50,23.60,23.40,23.50,23.60,23.70,23.60,23.60,23.50,23.60,23.60,23.60,23.60,23.70,23.80,23.70,23.90,23.80,23.50,23.40,23.50
27.20,28.10,28.20,28.70,29.00,29.40,29.70,29.70,29.80,29.80,29.70,29.70,29.80,29.80,30.00,30.00,30.00,30.80,31.70,32.60,33.40,33.90,34.30,34.40,34.60,34.70,34.50,34.40,34.40,34.30,34.00,33.90,33.90,33.90,33.80,33.70,33.60,33.70,33.40,33.40,33.40,33.20,33.20,33.00,33.00,33.00,32.90,32.70,32.60,32.50,32.30,32.30,32.30,32.10,32.20,32.20,32.00,32.00,31.90,31.80,31.70,31.60,31.60,31.50,31.50,31.40,31.60,31.60,31.70,31.80,32.10,32.10,32.30,32.60,32.90,33.00,33.00,33.00,32.80,32.50,32.20,31.70,31.20,30.90,30.40,30.10,29.50,29.40,28.80,28.40,28.00,27.90,27.80,27.60,27.70,27.70,27.60,27.80,28.10,27.90,28.40,28.80,29.30,29.80,30.10,30.60,30.90,31.10,31.30,31.00,31.20,31.20,31.10,30.90,30.90,31.00,31.10,31.20,30.80,30.80,30.80,30.90,30.40,30.90,30.80,30.50,30.60,30.60,30.50,30.60,30.40,30.20,30.20,30.40,30.50,30.30,30.20,30.30,30.30,30.10,29.90,30.00,30.00,30.30,30.10,30.00,30.00,30.10,29.80,29.80,29.90,29.90,30.00,29.80,30.00,30.00,30.10,30.00,29.80,30.10,30.00,29.90,30.00,29.80,29.90,29.70,30.00,30.00,29.80,30.00,30.20,30.10,30.10,30.10,30.00,29.90,30.00,30.00,30.00,29.80,30.00,29.70,29.70,29.70,29.70,29.50,29.70,29.50,29.40,29.10,28.90,28.30,28.00,27.30,26.90,26.20,25.80,25.50,25.10,24.80,24.60,24.40,24.10,23.90,23.90,23.80,23.90,23.90,23.90,23.80,23.80,23.90,23.80,23.90,23.90,23.90,23.80,23.80,23.80,23.80,23.70,23.70,23.80,23.80,23.70,23.80,23.80,23.80,23.80,23.80,23.80,23.70,23.70,23.60,23.60,23.70,23.50,23.70,23.70,23.60,23.60,23.60,23.80,23.90,23.80,23.40,23.70,23.60,24.10,23.90,23.90,23.80,23.60,23.70,23.60,23.80,23.90,23.90,23.80,23.60,23.80,23.70,23.60,23.70,23.60,23.80,23.60,23.60,23.50,23.60,23.50,23.80,23.80,23.50,23.60,23.80,23.60,24.10,23.60,23.70,23.80,23.70,23.50,23.80,23.70,23.80,23.90,23.80,23.60,23.50,23.60,23.70,23.80,23.70,23.90,23.80,23.80,23.60,23.90,23.80,23.70,23.50,23.60,23.80,23.60,23.60,23.60,23.80,23.70,23.60,23.60,23.50,23.90,23.60,23.60,23.50,23.50,23.50,23.80,23.70,23.60,23.60,23.60,23.50,23.40,23.60,23.80,23.80,23.60,23.60,23.40,23.40,23.60,23.50,23.70,23.60,23.60,23.60,23.70,23.60,23.50,23.50,23.60,23.60,23.60,23.70,23.50,23.40,23.50,23.60,23.70,23.70,23.60,23.50,23.50,23.60,23.50,23.60,23.60,23.60,23.60,23.60,23.50,23.30,23.60,23.60,23.50,23.50,23.50,23.50,23.60,23.50,23.50,23.60,23.90,23.90,23.70,23.60,23.50,23.50,23.40,23.50
26.40,26.60,27.20,27.70,28.30,28.80,29.50,29.60,29.40,29.80,29.80,29.70,29.80,29.70,29.70,29.80,29.80,30.10,30.60,32.00,32.30,33.10,34.10,34.30,34.40,34.50,34.50,34.40,34.40,34.20,34.20,34.00,33.90,33.90,33.80,33.70,33.70,33.70,33.50,33.30,33.30,33.10,33.00,33.00,32.90,32.90,32.90,32.80,32.70,32.50,32.60,32.50,32.50,32.20,32.20,32.20,32.10,32.00,32.00,31.80,31.80,31.70,31.70,31.70,31.60,31.50,31.50,31.60,31.60,31.80,31.90,32.00,32.30,32.50,32.90,33.30,33.30,32.90,32.90,32.80,32.30,31.60,31.20,30.90,30.40,29.80,29.70,29.20,28.80,28.50,28.30,27.90,27.70,27.80,27.70,27.80,27.80,27.90,28.00,28.00,28.50,28.90,29.20,30.10,30.30,30.70,31.10,31.10,31.40,31.30,31.20,31.20,31.10,31.10,30.80,30.90,30.80,31.10,30.90,30.80,30.80,31.00,30.60,30.80,30.80,30.50,30.80,30.70,30.60,30.30,30.30,30.30,30.40,30.40,30.40,30.40,30.30,30.50,30.20,30.30,30.20,30.10,30.10,30.20,30.10,30.00,29.80,30.10,30.00,30.00,29.80,30.00,30.00,30.00,30.00,29.90,30.00,30.00,29.70,30.00,29.90,30.10,30.00,30.10,30.00,30.00,30.00,30.00,30.10,30.00,30.10,30.20,30.20,30.20,30.10,29.90,30.00,30.00,30.00,29.80,29.80,29.70,29.60,29.80,29.70,29.40,29.70,29.40,29.40,29.20,29.00,28.20,28.00,27.30,27.00,26.50,25.80,25.40,25.10,24.80,24.60,24.40,24.20,23.90,23.90,23.80,23.90,23.90,24.00,23.90,23.80,23.90,23.80,23.80,23.80,23.80,23.80,23.90,23.80,23.60,23.90,23.90,23.80,23.60,23.80,23.90,23.80,23.80,23.70,23.80,23.60,23.60,23.70,23.60,23.70,23.80,23.80,23.70,23.70,23.60,23.70,23.60,23.90,23.60,23.40,23.50,23.80,23.70,24.00,23.70,23.50,23.70,23.70,23.80,23.70,23.80,23.80,23.90,23.50,23.90,23.60,23.70,23.70,23.60,23.60,23.80,24.00,23.60,23.50,23.70,23.70,23.80,23.70,23.80,23.80,23.70,23.70,23.90,23.80,23.80,23.60,23.90,23.60,23.80,23.60,23.50,23.80,23.70,23.60,23.80,23.70,23.60,23.70,23.80,23.80,23.80,23.40,23.60,23.70,23.70,23.50,23.50,23.50,23.60,23.50,23.50,23.50,23.70,23.70,23.60,23.60,23.60,23.60,23.50,23.60,23.50,23.50,23.50,23.60,23.60,23.50,23.60,23.70,23.60,23.50,23.60,23.60,23.60,23.60,23.50,23.60,23.70,23.60,23.60,23.80,23.60,23.50,23.40,23.60,23.60,23.60,23.60,23.50,23.50,23.60,23.70,23.50,23.50,23.50,23.60,23.70,23.50,23.50,23.60,23.70,23.60,23.50,23.80,23.80,23.70,23.60,23.70,23.60,23.40,23.70,23.50,23.40,23.70,23.60,23.60,23.70,23.50,23.50,23.50,23.90,23.70,23.50,23.50,23.50,23.50,23.40,23.40
25.20,25.50,26.10,26.70,27.30,28.10,28.70,29.20,29.40,29.70,29.80,29.70,29.80,29.70,29.60,29.80,29.70,29.80,30.00,30.80,31.70,32.50,33.50,33.80,34.00,34.40,34.50,34.40,34.40,34.20,34.20,34.10,34.00,34.00,33.90,33.80,33.70,33.70,33.60,33.20,33.30,33.20,32.90,32.70,33.10,33.00,32.90,32.70,32.90,32.70,32.70,32.80,32.50,32.40,32.30,32.20,32.20,32.00,32.00,31.70,31.70,31.80,31.80,31.70,31.70,31.60,31.50,31.70,31.60,31.70,32.00,32.10,32.20,32.60,32.70,33.10,33.10,33.00,32.90,32.70,32.20,31.80,31.30,30.90,30.30,30.00,29.60,29.30,28.90,28.40,28.10,28.20,27.90,27.70,27.90,27.70,27.80,28.00,28.00,28.20,28.60,29.10,29.70,30.20,30.40,30.70,31.00,31.30,31.30,31.30,31.30,31.30,31.10,31.20,31.10,31.10,31.10,31.20,31.00,30.60,30.60,30.60,30.80,30.80,30.70,30.70,30.80,30.70,30.60,30.50,30.50,30.50,30.50,30.50,30.30,30.50,30.50,30.30,30.30,30.40,30.10,30.10,30.10,30.20,30.10,30.10,30.00,30.10,30.00,29.80,30.00,30.00,30.10,30.10,29.90,29.80,29.80,29.90,30.10,30.10,29.80,29.80,30.00,30.00,29.90,30.00,29.80,30.00,30.00,30.00,30.10,30.20,30.20,30.10,30.00,30.00,29.90,30.00,30.00,29.80,30.10,30.00,29.90,29.60,29.70,29.40,29.40,29.40,29.30,29.30,29.00,28.70,27.90,27.60,27.00,26.40,26.10,25.70,25.40,24.90,24.80,24.40,24.10,24.00,24.10,23.90,23.60,23.70,24.10,24.10,23.90,23.90,23.80,23.60,23.70,23.70,23.90,23.90,23.70,23.80,23.90,23.90,23.90,23.80,23.80,23.90,23.80,23.80,23.70,23.80,23.60,23.80,23.60,23.80,23.90,23.90,23.90,23.70,23.80,23.80,23.60,23.70,23.80,23.80,23.50,23.60,23.80,23.70,23.80,23.60,23.60,23.60,23.60,23.60,23.70,23.60,23.60,23.90,23.50,23.90,23.50,23.80,23.70,23.60,23.80,23.80,23.80,23.70,23.70,24.00,23.80,23.70,23.70,23.80,23.70,23.80,23.80,23.80,23.80,23.80,23.70,23.60,23.90,23.60,23.70,23.60,23.70,23.80,23.70,23.80,23.70,23.80,23.80,23.70,23.70,23.60,23.50,23.60,23.70,23.40,23.60,23.60,23.70,23.60,23.50,23.50,23.40,23.70,23.60,23.60,23.60,23.70,23.80,23.90,23.60,23.50,23.60,23.60,23.50,23.60,23.50,23.60,23.60,23.60,23.60,23.70,23.60,23.60,23.50,23.70,23.90,23.60,23.80,23.90,23.80,23.60,23.50,23.50,23.30,23.70,23.60,23.60,23.50,23.70,23.70,23.60,23.50,23.40,23.40,23.50,23.60,23.30,23.50,23.80,23.70,23.60,23.60,23.80,23.60,23.60,23.60,23.60,23.60,23.70,23.60,23.40,23.50,23.70,23.60,23.80,23.80,23.60,23.50,23.40,23.80,23.50,23.40,23.40,23.60,23.50,23.50,23.60
24.90,25.10,25.20,25.70,26.10,26.90,27.60,28.30,29.10,29.40,29.50,29.60,29.60,29.60,29.60,29.70,29.80,29.90,30.00,30.10,30.50,31.80,32.30,33.20,33.80,34.20,34.60,34.70,34.60,34.40,34.20,34.10,34.20,34.10,34.00,33.90,33.70,33.60,33.70,33.20,33.40,33.30,33.30,33.10,33.10,33.00,33.00,32.50,32.70,32.60,32.50,32.90,32.50,32.30,32.30,32.30,32.30,32.10,32.10,32.00,31.70,31.90,31.90,31.80,31.70,31.60,31.50,31.70,31.80,32.00,32.10,32.20,32.30,32.70,33.00,33.10,32.90,33.00,32.90,32.80,32.40,31.80,31.40,30.60,30.50,30.10,29.80,29.40,29.00,28.60,28.20,28.30,27.90,27.70,27.70,27.70,27.80,28.00,28.00,28.30,28.60,29.20,29.70,30.20,30.30,30.80,31.10,31.20,31.30,31.30,31.30,31.50,31.40,31.20,31.20,31.20,31.10,31.30,31.10,31.10,31.10,30.80,30.90,30.80,30.60,30.80,30.60,30.60,30.60,30.80,30.60,30.60,30.50,30.70,30.60,30.50,30.50,30.30,30.50,30.40,30.10,30.20,30.10,30.30,30.20,30.30,30.30,30.20,30.20,30.00,30.00,30.00,30.20,30.10,29.80,29.90,30.00,29.80,30.10,30.10,30.00,29.90,30.00,30.10,30.00,30.00,29.90,29.90,29.80,30.00,30.10,30.40,30.00,30.10,30.00,29.90,30.00,29.90,30.00,30.00,30.00,29.80,29.80,29.80,29.60,29.40,29.40,29.40,29.40,29.30,29.00,28.60,28.20,27.70,27.10,26.60,26.10,25.80,25.30,24.90,24.80,24.50,24.10,23.90,23.90,23.80,23.90,23.80,23.80,23.80,23.90,23.90,23.80,23.70,23.80,23.80,24.10,23.90,23.80,23.80,23.90,23.90,23.80,23.70,23.80,23.80,23.70,23.80,23.80,23.80,23.60,23.80,23.50,23.80,23.80,23.80,23.90,23.70,23.60,23.60,23.60,23.80,23.80,23.80,23.70,23.80,23.80,23.90,23.70,23.60,23.70,23.60,23.80,23.60,23.50,23.90,23.60,23.90,23.60,23.80,23.80,23.90,23.90,23.90,23.90,23.60,23.60,23.70,23.70,23.70,23.60,23.60,23.70,23.80,23.80,23.80,23.90,23.80,23.70,23.80,23.80,23.70,23.60,23.60,23.80,23.80,23.80,23.90,23.90,23.70,23.80,23.80,23.80,23.60,23.50,23.60,23.60,23.60,23.80,23.40,23.60,23.70,23.70,23.60,23.50,23.50,23.50,23.60,23.70,23.60,23.80,23.80,23.60,23.60,23.60,23.40,23.80,23.60,23.60,23.50,23.50,23.50,23.60,23.60,23.70,23.80,23.60,23.60,23.60,23.80,23.80,23.70,23.80,23.80,23.80,23.80,23.80,23.50,23.50,23.70,23.50,23.50,23.60,23.60,23.60,23.60,23.50,23.60,23.60,23.70,23.50,23.20,23.60,23.60,23.50,23.50,23.60,23.70,23.50,23.60,23.60,23.40,23.80,23.60,23.50,23.40,23.50,23.60,23.70,23.70,23.60,23.50,23.20,23.40,23.60,23.40,23.50,23.60,23.70,23.60,23.50,23.60
24.90,24.80,24.80,24.80,25.20,25.70,26.60,27.20,28.40,28.80,29.20,29.40,29.50,29.40,29.70,29.80,29.80,29.80,30.00,30.00,29.80,30.70,31.60,32.40,33.70,33.80,34.00,34.50,34.60,34.60,34.40,34.20,34.30,34.20,34.10,34.00,33.90,33.80,33.60,33.40,33.40,33.50,33.20,33.20,33.10,33.00,32.90,32.80,32.70,32.70,32.40,32.40,32.40,32.30,32.30,32.30,32.30,32.20,32.10,32.10,32.00,32.00,31.90,31.70,31.60,31.60,31.60,31.70,31.80,32.10,32.20,32.20,32.50,32.60,33.20,33.30,33.10,33.00,33.20,32.70,32.50,31.80,31.20,30.80,30.50,30.10,29.80,29.50,29.00,28.70,28.30,28.20,27.90,27.60,27.70,27.70,27.90,28.00,28.00,28.30,28.70,29.20,29.60,30.10,30.60,31.00,31.10,31.30,31.30,31.30,31.40,31.30,31.50,31.30,31.20,31.30,31.10,31.00,31.00,31.10,31.10,31.00,30.90,30.90,30.80,30.80,30.80,30.80,30.80,30.90,30.70,30.20,30.50,30.70,30.60,30.70,30.50,30.40,30.30,30.30,30.10,30.30,30.30,30.20,30.20,30.20,30.20,30.20,30.20,30.10,29.90,29.80,30.00,30.10,30.10,30.10,30.00,30.00,30.20,30.00,30.10,30.00,30.00,30.10,30.10,29.80,30.10,30.10,30.10,30.00,30.20,30.20,30.20,30.10,30.20,30.20,30.10,30.00,30.00,30.20,29.90,29.80,29.80,29.80,29.50,29.50,29.50,29.40,29.40,29.30,29.10,28.60,28.30,27.60,27.10,26.60,26.10,25.80,25.30,25.10,24.80,24.40,24.10,23.90,23.80,24.00,23.90,23.90,23.90,23.80,23.90,24.00,23.90,23.80,23.80,23.90,23.90,23.90,23.90,23.70,23.90,23.80,23.90,23.80,23.80,23.90,23.90,23.90,23.90,23.80,23.80,23.60,23.50,23.80,23.60,23.80,23.80,23.70,23.50,23.70,23.80,23.60,23.80,23.60,23.90,23.80,23.80,23.60,23.60,23.80,23.60,23.80,23.80,23.70,23.50,23.80,23.80,23.60,23.70,23.90,24.00,23.90,23.80,23.70,23.70,23.50,23.50,23.80,23.70,23.80,23.70,23.80,23.90,23.80,23.80,23.80,23.90,23.80,23.80,23.80,23.80,23.80,23.80,23.80,23.90,23.90,23.90,23.90,23.70,23.90,23.70,23.60,23.80,23.70,23.70,23.80,23.60,23.80,23.70,23.50,23.60,23.60,23.70,23.60,23.50,23.50,23.50,23.60,23.70,23.50,23.70,23.40,23.40,23.50,23.60,23.60,23.80,23.60,23.60,23.50,23.50,23.20,23.50,23.50,23.60,23.50,23.50,23.80,23.70,23.70,23.60,23.50,23.60,23.60,23.60,23.60,23.50,23.60,23.60,23.60,23.50,23.70,23.70,23.60,23.60,23.60,23.80,23.90,23.80,23.60,23.50,23.50,23.50,23.50,23.50,23.50,23.60,23.60,23.50,23.60,23.50,23.50,23.40,23.40,23.40,23.40,23.50,23.60,23.60,23.50,23.50,23.50,23.30,23.50,23.50,23.40,23.50,23.50,23.60,23.50,23.50,23.70
25.00,24.70,24.80,24.90,24.80,25.10,25.40,26.20,26.80,27.90,28.70,29.20,29.50,29.60,29.80,29.70,29.70,29.60,29.80,29.90,29.80,30.10,30.80,31.90,32.70,33.20,33.70,34.30,34.40,34.40,34.40,34.40,34.40,34.30,34.20,34.10,34.00,33.90,33.60,33.60,33.50,33.50,33.20,33.20,33.10,33.00,32.90,33.00,32.90,32.80,32.50,32.70,32.60,32.30,32.20,32.40,32.30,32.30,32.20,32.10,32.00,31.90,31.80,31.70,31.50,32.00,31.60,31.70,31.80,32.00,32.10,32.20,32.60,32.70,33.00,33.40,33.40,33.00,33.30,32.50,32.20,31.80,31.30,30.90,30.40,30.10,29.60,29.30,29.00,28.70,28.30,28.00,27.90,27.90,27.80,27.70,27.90,27.90,28.10,28.40,28.70,29.00,29.50,29.90,30.50,30.90,31.10,31.30,31.40,31.60,31.60,31.30,31.40,31.40,31.20,31.10,31.10,31.20,31.20,31.10,31.10,31.10,31.10,30.90,30.90,30.90,30.90,30.80,30.90,30.90,30.60,31.00,30.50,30.70,30.60,30.60,30.50,30.30,30.20,30.10,30.20,30.50,30.40,30.30,30.30,30.20,30.20,30.20,30.20,30.10,30.10,30.00,30.10,30.10,30.10,30.20,30.10,30.10,30.10,30.00,30.10,30.10,30.10,30.10,30.10,29.80,29.90,30.00,30.00,30.00,30.20,30.20,30.10,30.00,30.10,30.20,30.10,30.00,29.90,30.10,30.00,29.80,29.80,29.70,29.60,29.60,29.50,29.50,29.40,29.30,29.20,28.70,28.40,27.60,27.20,26.60,26.10,25.70,25.40,25.10,24.70,24.40,24.30,23.90,23.90,24.00,23.80,23.90,23.80,23.90,23.80,24.00,23.90,23.90,24.00,23.80,23.70,23.60,23.70,23.80,23.80,23.70,23.90,23.80,23.80,23.70,23.80,23.80,23.60,23.80,23.70,23.60,23.70,23.60,23.60,23.80,23.60,23.70,23.60,23.70,23.70,23.80,23.80,23.90,23.90,23.80,23.80,23.80,23.70,23.60,23.90,23.60,23.80,23.70,23.70,23.80,23.80,23.70,23.70,23.80,23.90,23.90,23.80,23.70,23.80,23.70,23.60,23.60,23.70,23.80,23.80,23.80,23.80,23.80,23.80,23.80,23.80,23.70,23.80,23.70,23.90,23.80,23.80,23.80,23.80,23.80,23.70,23.70,23.60,23.80,23.60,23.40,23.70,23.70,23.70,23.80,23.60,23.60,23.60,23.60,23.60,23.60,23.50,23.90,23.50,23.60,23.60,23.60,23.60,23.60,23.70,23.70,23.60,23.70,23.60,23.70,23.80,23.50,23.40,23.60,23.50,23.50,23.50,23.50,23.50,23.50,23.50,23.60,23.70,23.60,23.60,23.60,23.40,23.40,23.50,23.60,23.80,23.50,23.60,23.60,23.60,23.80,23.50,23.50,23.50,23.70,23.80,23.50,23.40,23.50,23.50,23.50,23.60,23.60,23.60,23.50,23.50,23.50,23.60,23.50,23.50,23.50,23.40,23.40,23.40,23.20,23.60,23.60,23.50,23.30,23.50,23.60,23.40,23.80,23.90,23.50,23.50,23.50,23.60,23.50,23.60,23.60
25.20,24.90,24.80,24.80,24.80,24.90,24.90,25.40,25.90,26.60,28.40,28.70,28.90,29.60,29.70,29.70,29.40,29.40,29.60,29.80,29.80,30.00,30.00,30.70,31.70,32.50,33.40,34.00,34.40,34.40,34.40,34.50,34.50,34.30,34.20,34.20,34.10,33.90,34.00,33.90,33.60,33.40,33.40,33.30,33.20,33.00,33.00,33.00,33.10,32.80,32.70,32.70,32.80,32.60,32.20,32.40,32.30,32.30,32.30,32.00,32.00,31.80,31.80,31.60,31.70,31.70,31.70,31.80,31.90,31.90,32.10,32.20,32.50,33.00,33.20,33.20,33.40,33.30,33.00,32.70,32.30,31.90,31.60,31.00,30.50,30.20,29.80,29.20,29.00,28.40,28.20,28.20,27.90,28.00,28.00,28.00,28.10,28.20,28.20,28.40,28.70,29.00,29.50,30.00,30.40,31.00,31.10,31.30,31.50,31.20,31.60,31.50,31.30,31.30,31.30,31.20,31.30,31.20,31.30,31.20,31.00,31.10,31.10,31.00,31.10,30.90,30.90,30.80,30.80,30.80,30.80,30.80,30.60,30.60,30.60,30.60,30.50,30.50,30.40,30.30,30.50,30.50,30.40,30.40,30.40,30.30,30.30,30.20,30.30,30.20,30.20,30.00,30.10,30.10,30.20,30.20,30.10,30.10,29.80,30.00,30.10,29.90,30.10,30.20,30.20,29.70,30.10,30.10,30.10,30.10,30.10,30.20,30.10,30.00,30.10,30.20,30.10,30.10,30.00,29.90,30.00,30.10,29.80,29.70,29.60,29.50,29.50,29.40,29.30,29.20,29.00,28.70,28.20,27.70,27.20,26.60,26.10,25.80,25.40,24.90,24.70,24.60,24.10,24.00,24.00,23.90,23.90,24.00,23.80,24.00,23.80,23.90,23.90,23.80,23.90,23.80,23.80,23.60,23.80,23.70,23.60,23.70,23.70,23.70,23.70,23.60,23.80,23.80,23.60,23.90,23.70,23.60,23.90,23.70,23.80,23.80,23.70,23.70,23.80,23.60,23.60,23.80,23.60,23.80,23.80,23.80,24.00,24.00,23.60,23.70,23.80,23.80,23.90,23.80,23.90,23.80,23.80,23.80,23.80,23.70,23.60,23.50,23.60,23.70,23.70,23.90,23.80,23.80,23.70,23.70,23.80,23.70,23.60,23.70,23.80,23.70,23.80,23.60,23.70,24.00,23.90,23.70,23.80,23.80,23.80,23.70,23.60,23.60,23.60,23.70,23.60,23.70,23.70,23.50,23.70,23.90,23.60,23.50,23.60,23.60,23.60,23.70,23.80,23.60,23.30,23.60,23.60,23.60,23.60,23.70,23.80,23.80,23.50,23.60,23.60,23.70,23.70,23.50,23.60,23.40,23.50,23.60,23.70,23.80,23.50,23.50,23.60,23.60,23.70,23.50,23.60,23.60,23.50,23.50,23.60,23.80,23.60,23.60,23.60,23.80,23.80,23.70,23.50,23.50,23.60,23.70,23.60,23.50,23.50,23.50,23.50,23.50,23.60,23.50,23.50,23.50,23.50,23.60,23.50,23.40,23.60,23.50,23.40,23.40,23.30,23.40,23.60,23.50,23.50,23.50,23.70,23.60,23.50,23.90,23.60,23.50,23.50,23.60,23.60,23.40,23.40,23.40
25.50,25.30,25.00,24.50,24.40,24.60,24.90,24.90,25.10,25.60,26.60,27.60,28.30,29.30,29.60,29.60,29.70,29.70,29.60,29.80,29.80,29.80,29.90,30.20,30.80,31.60,32.50,33.20,34.00,34.20,34.30,34.40,34.60,34.40,34.40,34.30,34.20,34.00,33.90,34.00,33.70,33.50,33.50,33.50,33.20,33.10,33.10,33.10,33.00,32.90,32.80,32.80,32.60,32.70,32.40,32.30,32.30,32.20,32.10,31.90,31.90,31.80,31.60,31.80,31.80,31.60,31.60,31.70,32.00,32.10,32.30,32.20,32.60,32.90,33.10,33.40,33.40,33.50,33.00,32.70,32.30,32.00,31.60,31.20,30.60,30.10,29.80,29.30,29.00,28.70,28.30,28.20,28.00,27.90,28.00,27.90,28.00,28.00,28.20,28.30,28.60,29.30,29.70,30.20,30.50,31.10,31.00,31.40,31.70,31.50,31.50,31.50,31.30,31.10,31.30,31.30,31.20,31.40,31.30,31.30,31.00,30.90,31.10,31.10,31.10,31.00,30.80,30.80,30.60,30.70,30.90,30.80,30.70,30.70,30.70,30.60,30.40,30.70,30.60,30.40,30.30,30.50,30.40,30.50,30.40,30.30,30.20,30.20,30.20,30.30,30.20,30.00,30.10,30.00,30.30,30.20,30.20,30.00,30.10,29.90,30.10,30.00,30.10,30.20,30.10,29.80,30.10,30.10,30.10,30.20,30.10,30.10,30.20,30.10,30.10,30.20,30.10,30.10,30.00,30.20,30.10,30.00,30.10,29.80,29.40,29.50,29.30,29.40,29.30,29.20,29.10,28.70,28.40,27.90,27.40,26.70,26.10,25.70,25.50,25.00,24.60,24.40,24.10,23.90,23.90,23.90,23.80,24.00,24.00,24.00,23.90,23.90,23.90,23.80,23.90,23.70,23.90,23.80,23.80,23.80,23.80,23.70,23.80,23.60,23.80,23.70,23.70,23.80,23.70,23.80,23.80,23.70,23.80,23.70,23.70,23.60,23.50,23.60,23.80,23.80,23.60,23.70,23.70,23.90,23.90,23.80,23.70,23.90,23.60,23.80,23.70,23.90,23.70,23.60,23.50,23.50,23.60,23.80,23.90,23.80,23.70,23.80,23.90,23.60,23.60,24.10,23.70,23.80,23.60,23.70,23.80,23.60,23.60,23.80,23.80,23.50,23.80,23.50,23.70,24.00,23.80,23.60,23.60,23.80,23.80,23.60,23.60,23.60,23.60,23.60,23.70,23.80,23.80,23.60,23.90,23.90,23.60,23.60,23.50,23.50,23.60,23.80,23.60,23.60,23.50,23.50,23.60,23.50,23.70,23.70,23.70,23.60,23.50,23.70,23.50,23.60,23.60,23.60,23.70,23.60,23.60,23.70,23.80,23.70,23.60,23.60,23.50,23.60,23.60,23.60,23.60,23.60,23.60,23.60,23.50,23.50,23.60,23.60,23.60,23.60,23.60,23.60,23.70,23.50,23.60,23.60,23.70,23.50,23.50,23.40,23.60,23.60,23.60,23.50,23.50,23.60,23.60,23.60,23.50,23.50,23.50,23.40,23.30,23.50,23.40,23.50,23.50,23.60,23.60,23.60,23.50,23.50,23.50,23.50,23.50,23.50,23.50,23.60,23.40,23.10,23.40,23.40
26.00,25.60,25.50,25.00,24.80,24.80,24.90,24.80,24.60,24.80,25.60,26.30,27.50,28.50,29.20,29.40,29.60,29.70,29.70,29.70,29.70,29.80,29.80,29.90,30.20,30.80,31.50,32.40,33.50,33.90,34.00,34.20,34.40,34.50,34.40,34.40,34.20,34.10,34.00,33.90,33.80,33.60,33.50,33.60,33.40,33.20,33.30,33.20,33.00,32.90,32.80,32.60,32.60,32.70,32.60,32.50,32.40,32.20,32.10,32.00,32.00,32.10,31.80,31.90,31.80,31.70,31.60,31.70,32.10,32.20,32.40,32.40,32.50,32.70,33.10,33.50,33.50,33.40,33.10,32.80,32.30,31.80,31.30,31.10,30.60,30.20,30.00,29.50,29.00,28.70,28.40,28.20,28.00,27.70,27.90,27.80,27.90,28.00,28.20,28.40,28.90,29.30,29.80,30.40,30.70,31.20,31.40,31.60,31.70,31.70,31.30,31.60,31.60,31.30,31.30,31.30,31.10,31.50,31.40,31.10,31.00,30.90,31.00,31.10,31.10,31.20,31.10,30.90,30.90,30.80,30.90,30.90,30.60,30.80,30.80,30.80,30.60,30.60,30.50,30.50,30.20,30.30,30.30,30.50,30.20,30.40,30.20,30.20,30.20,30.30,30.20,30.10,30.00,30.00,30.10,30.20,30.30,30.20,30.20,29.90,30.20,30.10,30.10,30.20,30.20,30.10,30.10,30.00,30.20,30.20,30.10,30.10,30.30,30.10,30.20,30.20,30.20,30.20,30.10,30.10,30.20,29.80,29.90,29.90,29.70,29.50,29.40,29.40,29.30,29.10,29.20,28.80,28.40,27.80,27.20,26.60,26.10,25.80,25.40,25.10,24.80,24.30,24.10,23.90,23.50,23.80,23.90,23.90,24.10,24.10,24.00,23.90,23.80,23.70,23.70,23.80,24.10,23.90,23.70,23.90,23.60,23.90,23.80,23.70,23.80,23.60,23.80,23.70,23.70,23.80,23.80,23.80,23.70,23.80,23.60,23.70,23.60,23.70,23.60,23.80,23.70,23.80,23.90,23.80,23.60,23.80,23.70,23.90,23.80,23.60,23.60,23.90,23.60,23.70,23.80,23.70,23.80,23.90,23.90,23.90,23.70,23.80,23.80,23.80,23.90,23.90,23.60,23.80,23.80,23.80,23.80,23.60,23.60,23.90,23.60,23.70,24.00,24.00,23.60,23.90,23.80,23.70,23.60,23.90,23.80,23.60,23.70,23.50,23.90,23.90,23.80,23.80,23.60,23.60,23.70,23.50,23.50,23.60,23.60,23.70,23.80,23.50,23.50,23.60,23.50,23.40,23.40,23.40,23.70,23.60,23.60,23.60,23.60,23.60,23.60,23.60,23.60,23.70,23.60,23.80,23.60,23.40,23.50,23.60,23.70,23.70,23.60,23.50,23.50,23.60,23.60,23.70,23.60,23.60,23.50,23.60,23.60,23.60,23.60,23.40,23.50,23.60,23.80,23.50,23.60,23.70,23.50,23.50,23.40,23.40,23.60,23.60,23.60,23.60,23.50,23.60,23.50,23.40,23.50,23.50,23.50,23.50,23.70,23.70,23.50,23.50,23.50,23.40,23.60,23.50,23.40,23.50,23.50,23.40,23.40,23.50,23.50,23.40,23.30,23.40,23.40,23.50
27.00,26.50,25.80,25.50,25.20,25.10,24.90,24.70,24.60,24.90,25.10,25.30,26.40,27.30,28.50,29.00,29.30,29.40,29.70,29.60,29.60,29.70,29.80,29.90,29.80,30.30,30.90,31.60,32.90,33.20,33.60,34.00,34.20,34.30,34.40,34.20,34.20,34.20,34.20,33.90,34.00,33.90,33.60,33.60,33.60,33.40,33.20,33.20,33.10,33.00,33.00,32.90,32.60,32.60,32.50,32.50,32.40,32.20,32.20,32.20,32.20,32.10,31.80,31.90,31.80,31.80,31.80,31.90,32.20,32.20,32.20,32.50,32.50,32.80,33.40,33.60,33.40,33.40,33.30,33.00,32.50,32.10,31.30,30.90,30.70,30.30,30.00,29.50,29.10,28.70,28.50,28.00,28.20,27.90,28.00,27.90,27.80,28.20,28.40,28.50,29.00,29.40,29.60,30.20,30.90,31.20,31.50,31.60,31.60,31.70,31.70,31.60,31.70,31.60,31.40,31.10,31.50,31.40,31.30,31.30,31.10,31.00,31.10,31.00,31.10,31.10,31.10,31.10,30.90,30.90,30.80,30.70,30.70,30.90,30.80,30.80,30.60,30.50,30.50,30.60,30.60,30.50,30.30,30.30,30.40,30.40,30.20,30.20,30.20,30.30,30.30,30.30,30.10,30.30,30.40,30.20,30.10,30.20,30.20,30.10,30.20,30.10,30.10,30.20,30.30,30.30,29.80,30.20,30.20,30.20,30.30,30.20,30.30,30.30,30.30,30.20,30.20,30.20,30.10,30.20,30.20,30.00,30.00,30.00,29.80,29.60,29.40,29.40,29.40,29.20,29.20,28.90,28.30,27.80,27.20,26.50,26.10,25.80,25.40,25.10,24.80,24.30,24.30,24.10,23.80,23.90,23.80,23.80,24.00,24.10,23.90,23.80,23.80,24.00,23.80,23.90,23.90,23.90,23.80,23.80,23.50,23.90,23.80,23.60,23.80,23.70,23.80,23.90,23.80,23.80,23.50,23.90,23.80,23.80,23.60,23.80,23.90,23.80,23.60,23.60,23.80,23.90,23.90,23.50,23.60,23.80,23.80,23.80,23.80,23.60,23.80,23.80,23.80,23.80,23.80,23.60,23.70,23.90,23.60,24.00,23.70,23.70,23.80,23.90,23.70,23.80,23.70,23.70,23.90,23.80,23.70,23.80,23.70,23.70,23.60,23.90,23.80,23.70,23.60,23.80,23.80,23.70,23.80,23.90,23.60,23.80,23.80,23.60,23.90,23.70,23.50,23.70,23.50,23.60,23.60,23.60,23.60,23.60,23.80,23.70,23.80,23.50,23.70,23.70,23.50,23.50,23.70,23.70,23.70,23.60,23.60,23.60,23.50,23.60,23.60,23.80,23.50,23.40,23.60,23.70,23.60,23.60,23.80,23.80,23.80,23.70,23.50,23.80,23.60,23.50,23.50,23.70,23.60,23.50,23.50,23.60,23.50,23.40,23.40,23.40,23.50,23.60,23.50,23.50,23.80,23.60,23.60,23.50,23.40,23.50,23.60,23.70,23.60,23.60,23.60,23.50,23.50,23.70,23.60,23.50,23.50,23.60,23.70,23.70,23.80,23.50,23.40,23.40,23.70,23.60,23.50,23.50,23.50,23.50,23.40,23.50,23.40,23.30,23.50,23.50,23.50,23.60
28.10,27.40,26.60,25.90,25.80,25.30,25.10,24.80,24.60,24.90,25.10,24.80,25.00,25.80,27.60,28.50,28.90,29.10,29.70,29.70,29.40,29.60,29.70,29.80,29.70,30.00,30.40,30.80,31.40,32.30,33.20,33.80,34.10,34.30,34.30,34.20,34.10,34.20,34.30,34.10,34.00,34.00,33.70,33.60,33.60,33.60,33.30,33.10,33.10,33.10,33.00,32.90,32.70,32.60,32.70,32.60,32.40,32.30,32.30,32.20,32.30,32.00,32.00,31.80,31.70,31.80,31.90,32.00,32.00,32.10,32.20,32.30,32.70,32.90,33.30,33.60,33.50,33.40,33.30,32.80,32.50,31.80,31.30,30.90,30.70,30.30,30.00,29.60,29.20,28.80,28.50,28.20,28.20,28.10,28.10,28.00,28.20,28.30,28.40,28.70,28.90,29.40,29.90,30.50,31.00,31.20,31.40,31.60,31.70,31.70,31.70,31.60,31.60,31.70,31.60,31.60,31.50,31.40,31.20,31.40,31.20,30.90,31.10,31.20,31.20,31.10,31.10,31.10,30.90,30.80,30.80,30.80,30.80,30.80,30.70,30.80,30.60,30.60,30.50,30.70,30.60,30.60,30.40,30.30,30.50,30.40,30.30,30.30,30.20,30.20,30.30,30.30,30.10,30.30,30.20,30.20,30.10,30.10,30.20,30.30,30.20,30.10,30.20,30.20,30.10,30.10,30.20,30.10,30.20,30.10,30.20,30.30,30.20,30.30,30.30,30.20,30.20,30.20,30.10,30.30,30.00,30.10,30.10,30.00,29.80,29.70,29.50,29.50,29.50,29.30,29.00,28.90,28.20,27.80,27.30,26.60,26.10,25.70,25.40,25.20,24.80,24.40,24.20,24.10,23.90,23.90,23.90,23.90,23.90,23.90,23.80,23.70,23.60,24.00,23.90,23.70,24.00,23.60,23.80,23.80,23.60,23.80,23.80,23.50,23.80,23.70,23.80,23.80,23.80,23.90,23.50,23.80,23.80,23.60,23.60,23.80,23.90,23.80,23.70,23.70,23.90,23.80,23.90,23.80,24.10,23.80,23.80,23.70,23.60,23.60,23.50,23.50,23.60,23.70,23.80,23.70,23.80,23.90,23.60,23.70,23.80,23.70,23.80,23.80,23.70,23.80,23.80,24.00,24.00,23.80,23.80,23.70,23.70,23.90,23.90,23.60,23.50,23.70,23.70,23.70,23.70,23.80,23.90,23.80,23.80,23.80,23.50,23.90,23.80,23.80,23.60,23.70,23.70,23.60,23.60,23.60,23.70,23.80,23.80,23.60,23.70,23.60,23.70,23.50,23.60,23.60,23.70,23.70,23.70,23.90,23.60,23.70,23.70,23.50,23.60,23.80,23.50,23.30,23.50,23.50,23.60,23.60,23.80,23.50,23.50,23.50,23.50,23.60,23.50,23.50,23.60,23.50,23.60,23.70,23.70,23.60,23.50,23.50,23.60,23.60,23.50,23.40,23.50,23.60,23.60,23.60,23.50,23.50,23.50,23.50,23.60,23.70,23.50,23.50,23.40,23.40,23.70,23.70,23.60,23.60,23.60,23.60,23.50,23.60,23.60,23.50,23.50,23.50,23.60,23.40,23.40,23.60,23.60,23.50,23.50,23.50,23.50,23.50,23.60,23.50,23.50,23.60
28.70,28.30,27.60,27.10,26.40,25.90,25.60,25.10,24.80,24.80,24.80,24.80,24.90,25.10,26.30,27.40,28.30,29.10,29.40,29.70,29.40,29.60,29.70,29.70,29.70,29.70,30.00,30.20,30.90,31.40,32.70,33.30,33.60,34.00,34.20,34.20,34.20,34.20,34.40,34.20,34.00,33.90,33.90,33.70,33.60,33.60,33.60,33.50,33.20,33.10,32.90,32.90,32.70,32.50,32.80,32.70,32.60,32.40,32.30,32.30,32.30,32.00,31.80,31.80,31.80,32.00,31.80,31.90,32.10,32.20,32.20,32.30,32.70,32.90,33.40,33.50,33.50,33.40,33.20,32.90,32.50,31.70,31.40,31.00,30.60,30.30,29.90,29.60,29.30,28.60,28.50,28.20,28.30,28.20,28.20,28.20,28.20,28.20,28.40,28.70,28.90,29.30,30.00,30.50,31.10,31.20,31.50,31.60,31.70,31.70,31.70,31.60,31.50,31.30,31.50,31.50,31.50,31.40,31.30,31.30,31.30,31.20,31.10,31.10,31.20,31.10,31.20,31.00,31.00,31.10,31.10,31.00,30.90,30.80,30.70,30.80,30.70,30.70,30.40,30.60,30.60,30.60,30.50,30.30,30.40,30.40,30.40,30.30,30.30,30.50,30.50,30.30,30.20,30.30,30.20,30.20,30.30,30.10,30.20,30.30,30.20,30.20,30.00,30.10,30.20,30.10,30.20,30.20,30.20,30.00,30.30,30.30,30.10,30.30,30.30,30.30,30.20,30.20,30.20,30.30,29.80,30.10,30.20,30.00,29.70,29.40,29.70,29.40,29.30,29.40,29.10,28.70,27.90,27.70,27.20,26.90,26.10,25.70,25.50,25.10,24.80,24.30,24.10,23.90,23.90,24.00,24.00,24.00,23.90,23.80,23.80,23.80,23.70,24.10,23.90,23.70,23.90,23.60,23.80,23.80,23.80,23.70,23.80,23.70,23.80,23.60,23.80,23.70,23.80,23.90,23.80,23.70,23.70,23.80,23.70,23.80,23.80,23.80,23.80,23.80,23.80,23.80,23.80,23.80,23.70,23.90,23.60,23.70,23.60,23.60,23.60,23.70,23.90,23.90,23.90,23.80,23.90,23.90,23.90,23.80,23.80,23.90,23.80,23.70,23.70,23.70,23.70,23.90,23.80,23.80,23.80,23.70,23.80,23.90,23.70,23.50,23.50,23.80,23.80,23.80,23.60,23.60,23.60,23.80,23.80,23.80,23.80,23.90,23.90,23.90,23.60,23.60,23.70,23.60,23.50,23.60,23.70,23.60,23.60,23.60,23.70,23.50,23.80,23.60,23.60,23.50,23.60,23.60,23.50,23.50,23.40,23.80,23.80,23.50,23.50,23.50,23.50,23.50,23.60,23.50,23.50,23.50,23.70,23.50,23.60,23.60,23.60,23.60,23.50,23.50,23.40,23.40,23.80,23.60,23.60,23.60,23.50,23.60,23.60,23.60,23.60,23.40,23.50,23.60,23.60,23.60,23.60,23.60,23.70,23.50,23.50,23.60,23.60,23.50,23.50,23.50,23.50,23.50,23.50,23.50,23.40,23.30,23.20,23.60,23.60,23.50,23.40,23.50,23.50,23.50,23.60,23.50,23.50,23.60,23.60,23.40,23.40,23.40,23.40,23.50,23.60,23.50
29.00,29.00,28.80,28.40,27.40,26.70,26.20,25.30,25.20,25.00,25.00,24.90,24.80,24.80,25.20,26.10,27.40,28.70,29.20,29.30,29.60,29.60,29.70,29.70,29.70,29.70,29.80,30.00,30.30,30.90,31.80,32.40,33.10,33.70,34.10,34.10,34.00,34.40,34.40,34.40,34.20,33.90,34.00,33.90,33.60,33.60,33.60,33.50,33.40,33.00,33.00,33.10,33.00,32.70,32.70,32.60,32.40,32.30,32.40,32.30,32.20,32.10,32.10,31.90,32.00,32.00,32.10,32.10,32.00,32.30,32.10,32.30,32.70,33.00,33.30,33.60,33.50,33.40,33.40,32.80,32.60,32.10,31.60,31.20,30.70,30.30,29.90,29.60,29.10,28.70,28.30,28.20,28.30,28.20,28.00,28.10,28.20,28.20,28.20,28.60,29.10,29.50,30.10,30.50,31.10,31.30,31.50,31.80,31.80,31.80,31.70,31.70,31.70,31.80,31.60,31.50,31.50,31.50,31.50,31.60,31.50,31.30,31.10,31.20,31.10,31.10,31.20,30.90,31.20,31.30,31.20,31.10,31.10,30.90,30.70,30.60,30.80,30.50,30.60,30.70,30.60,30.50,30.60,30.60,30.50,30.50,30.40,30.30,30.50,30.50,30.50,30.30,30.30,30.20,30.30,30.20,30.30,30.10,30.20,30.20,30.30,30.30,30.20,30.20,30.20,30.20,30.10,30.20,30.40,30.10,30.40,30.30,30.20,30.50,30.20,30.40,30.20,30.20,30.20,30.20,30.00,30.00,30.10,29.90,29.70,29.70,29.40,29.20,29.30,29.20,29.30,28.60,28.30,27.90,27.30,26.70,26.20,25.80,25.20,25.10,24.60,24.20,24.10,24.00,24.00,23.90,23.80,24.00,23.90,23.80,23.80,23.80,23.80,24.00,23.90,23.80,23.80,23.80,23.80,23.80,23.90,23.80,23.60,23.90,23.80,23.90,24.00,23.90,23.60,23.80,23.80,23.70,23.90,23.90,23.70,23.50,23.90,23.80,23.80,23.80,23.70,23.80,23.60,23.80,23.80,23.90,23.90,23.80,23.80,23.80,23.60,23.80,23.80,23.90,23.60,23.80,23.80,24.00,24.00,23.80,23.80,23.80,23.70,23.70,23.70,23.60,23.80,23.80,23.80,24.00,23.80,23.80,23.90,23.70,23.80,23.80,23.80,23.90,23.90,23.80,23.60,23.60,23.80,23.80,23.70,23.80,23.80,23.80,23.80,23.70,23.70,23.80,23.60,23.60,23.80,23.50,23.70,23.70,23.80,23.80,23.60,23.60,23.70,23.70,23.60,23.50,23.50,23.50,23.50,23.50,23.50,23.60,23.60,23.60,23.60,23.60,23.60,23.60,23.50,23.50,23.60,23.80,23.70,23.60,23.60,23.70,23.70,23.60,23.50,23.60,23.60,23.90,23.80,23.50,23.80,23.60,23.50,23.50,23.60,23.60,23.60,23.80,23.60,23.60,23.60,23.60,23.40,23.60,23.70,23.50,23.50,23.60,23.60,23.50,23.50,23.50,23.50,23.40,23.40,23.40,23.50,23.50,23.60,23.60,23.50,23.40,23.60,23.60,23.70,23.90,23.60,23.50,23.60,23.60,23.50,23.20,23.50,23.50,23.50,23.50,23.50,23.40
29.20,29.30,29.30,28.90,28.50,27.60,26.70,26.30,25.80,25.30,25.10,25.10,25.10,24.90,25.10,25.30,26.50,27.60,28.30,28.90,29.30,29.50,29.60,29.60,29.70,29.80,29.80,29.80,30.00,30.20,30.90,31.70,32.50,33.30,33.70,34.00,34.10,34.30,34.40,34.30,34.30,34.10,34.00,34.00,33.70,33.70,33.60,33.50,33.40,33.10,33.00,33.00,33.10,32.90,32.70,32.60,32.50,32.30,32.50,32.30,32.30,32.20,32.10,32.10,31.90,31.90,32.10,32.20,32.00,32.10,32.00,32.40,32.70,33.00,33.30,33.50,33.60,33.60,33.40,32.90,32.30,32.00,31.70,31.20,30.80,30.30,30.10,29.70,28.90,28.70,28.30,28.20,28.00,28.00,28.20,28.20,28.20,28.30,28.50,28.70,29.20,29.40,30.10,30.70,30.90,31.50,31.60,31.80,31.80,31.90,31.90,31.70,31.70,31.70,31.70,31.50,31.30,31.70,31.60,31.50,31.50,31.40,31.20,31.20,31.10,31.20,31.10,31.20,31.30,31.30,31.20,31.10,31.10,31.10,31.10,30.90,30.80,30.60,31.10,30.70,30.60,30.60,30.60,30.60,30.80,30.70,30.40,30.50,30.50,30.50,30.50,30.30,30.30,30.20,30.20,30.30,30.30,30.20,30.20,30.30,30.40,30.40,30.20,30.30,30.30,30.20,30.10,30.20,30.60,30.20,30.40,30.30,30.30,30.50,30.40,30.40,30.20,30.20,30.30,30.30,30.20,30.20,30.20,30.10,29.80,29.60,29.60,29.40,29.40,29.40,29.20,28.80,28.40,27.90,27.10,26.70,26.10,25.60,25.40,25.20,24.90,24.40,24.10,24.10,24.10,24.10,24.10,23.80,23.90,23.90,23.80,23.80,23.70,23.90,23.90,23.90,23.80,23.90,23.80,23.70,23.90,23.80,23.70,23.80,23.60,23.80,23.60,23.80,23.60,23.80,23.60,23.80,23.80,23.90,23.80,23.80,23.80,23.70,23.90,23.90,23.60,23.90,23.60,23.80,23.80,23.80,23.70,23.70,23.60,23.70,23.80,23.80,23.80,23.70,23.70,23.80,23.80,24.20,23.90,23.70,23.80,23.80,23.80,23.80,23.70,23.70,23.80,23.80,23.80,23.90,23.80,23.60,23.70,23.60,23.80,23.90,23.80,23.80,23.80,23.80,23.60,23.70,23.80,23.60,23.70,23.80,23.80,23.70,23.60,23.60,23.80,23.80,23.50,23.60,23.80,23.80,23.70,23.90,23.80,23.70,23.70,23.70,23.60,23.70,23.60,23.60,23.40,23.70,23.60,23.50,23.50,23.50,23.40,23.70,23.60,23.60,23.50,23.40,23.40,23.50,23.70,23.60,23.50,23.50,23.60,23.70,23.70,23.60,23.60,23.70,23.60,23.60,23.60,23.60,23.60,23.50,23.50,23.50,23.50,23.50,23.60,23.50,23.40,23.60,23.60,23.50,23.50,23.90,23.80,23.50,23.40,23.50,23.50,23.50,23.50,23.50,23.60,23.50,23.50,23.50,23.60,23.50,23.50,23.60,23.40,23.50,23.60,23.50,23.60,23.60,23.50,23.60,23.50,23.60,23.60,23.60,23.50,23.60,23.50,23.40,23.50,23.60
29.30,29.30,29.30,29.20,29.10,29.00,28.20,27.30,26.60,25.60,25.20,25.10,25.10,24.90,24.90,25.00,25.40,26.00,27.10,28.50,28.90,29.30,29.30,29.70,29.80,29.70,29.90,29.90,29.80,30.10,30.30,30.70,31.80,32.40,33.10,33.60,34.10,34.20,34.20,34.30,34.30,34.30,34.20,34.00,33.90,33.70,33.60,33.50,33.60,33.50,33.20,33.00,33.00,32.90,32.70,32.60,32.50,32.60,32.50,32.30,32.30,32.20,32.10,32.10,32.00,31.90,31.90,32.20,32.10,32.20,32.30,32.50,32.70,33.10,33.20,33.70,33.50,33.50,33.40,33.10,32.60,32.10,31.80,31.10,30.70,30.30,29.70,29.50,29.00,28.70,28.60,28.20,28.20,28.20,28.20,28.30,28.40,28.50,28.50,28.60,29.20,29.60,30.10,30.60,30.90,31.40,31.70,31.80,32.00,31.70,31.90,31.80,31.70,31.70,31.60,31.40,31.60,31.60,31.70,31.60,31.50,31.50,31.50,31.40,31.30,31.30,31.30,31.30,31.30,31.30,31.20,30.90,31.00,31.10,30.90,30.90,30.80,30.60,31.10,30.60,30.60,30.90,30.70,30.60,30.60,30.60,30.50,30.60,30.50,30.60,30.40,30.30,30.40,30.30,30.30,30.50,30.20,30.20,30.30,30.30,30.50,30.50,30.30,30.30,30.40,30.10,30.20,30.20,30.10,30.30,30.20,30.30,30.30,30.30,30.20,30.40,30.30,30.30,30.40,30.30,30.30,30.30,30.10,30.10,29.60,29.70,29.70,29.70,29.40,29.40,29.10,28.90,28.30,27.80,27.10,26.70,26.10,25.70,25.40,25.20,24.80,24.40,24.30,24.10,23.90,23.90,23.80,23.90,23.90,23.50,23.80,23.90,23.80,24.00,23.60,24.10,23.80,23.90,23.80,23.80,23.80,23.80,23.90,23.80,23.60,23.80,23.80,23.80,23.60,23.70,23.80,23.70,23.60,23.80,23.90,23.90,23.60,23.70,23.90,24.00,23.80,23.90,23.80,23.80,23.80,23.70,23.60,23.70,23.70,23.70,23.90,23.70,23.90,23.60,23.80,23.60,23.90,23.80,23.60,23.70,23.70,23.80,23.80,23.80,23.60,23.80,23.90,23.70,23.80,23.90,23.80,23.50,23.60,23.80,23.80,23.80,23.80,23.70,23.90,23.70,24.00,23.80,23.60,23.70,23.80,23.50,23.60,23.60,23.60,23.60,23.60,23.60,23.50,23.60,23.60,23.80,23.50,23.70,23.50,23.60,23.60,23.50,23.70,23.80,23.60,23.70,23.60,23.50,23.70,23.60,23.60,23.60,23.60,23.60,23.50,23.60,23.60,23.50,23.50,23.50,23.60,23.50,23.70,23.60,23.50,23.60,23.60,23.40,23.40,23.50,23.50,23.60,23.60,23.50,23.40,23.40,23.60,23.60,23.60,23.60,23.50,23.40,23.40,23.60,23.40,23.40,23.60,23.80,23.50,23.30,23.10,23.50,23.50,23.60,23.70,23.70,23.60,23.50,23.50,23.60,23.70,23.40,23.60,23.60,23.50,23.50,23.50,23.50,23.50,23.50,23.50,23.20,23.40,23.70,23.60,23.50,23.60,23.40,23.40,23.40,23.50,23.50
29.20,29.20,29.20,29.40,29.30,29.20,28.90,28.30,27.30,26.60,25.90,25.40,25.10,25.00,24.80,24.80,24.90,25.20,26.10,27.60,28.50,29.00,29.30,29.60,29.90,29.70,29.70,29.90,30.00,30.00,30.20,30.50,30.80,31.70,32.50,33.10,33.60,33.80,34.10,34.40,34.30,34.20,34.20,34.20,34.00,33.80,33.70,33.60,33.60,33.50,33.30,33.10,33.10,33.00,32.80,32.70,32.40,32.60,32.50,32.40,32.40,32.20,32.10,32.20,32.20,32.00,31.90,32.20,32.20,32.30,32.50,32.70,32.90,33.10,33.50,33.60,33.60,33.40,33.20,32.90,32.80,32.10,31.60,31.00,30.30,30.10,29.80,29.50,29.30,28.90,28.60,28.50,28.20,28.20,28.10,28.30,28.10,28.50,28.60,28.80,29.30,29.40,30.40,30.80,30.90,31.50,31.70,31.80,31.70,31.70,31.90,31.70,31.70,31.80,31.50,31.70,31.70,31.70,31.60,31.60,31.50,31.40,31.50,31.30,31.40,31.30,31.30,31.50,31.20,31.20,31.00,31.20,31.00,31.10,31.10,31.10,30.90,30.70,30.60,30.70,30.60,31.00,31.00,30.50,30.50,30.50,30.70,30.70,30.50,30.60,30.30,30.40,30.40,30.50,30.40,30.50,30.30,30.30,30.30,30.30,30.50,30.50,30.30,30.40,30.50,30.30,30.30,30.20,30.30,30.30,30.50,30.30,30.50,30.50,30.30,30.40,30.30,30.30,30.50,30.30,30.40,30.30,30.10,30.10,29.60,29.70,29.70,29.60,29.40,29.40,29.00,28.90,28.30,27.90,27.20,26.70,26.10,25.90,25.50,25.10,24.90,24.40,24.20,24.00,23.90,24.00,23.90,24.10,23.90,23.80,23.70,23.70,23.80,23.60,23.90,23.60,23.70,23.80,23.90,23.90,23.90,23.90,23.90,23.80,23.60,23.70,23.70,23.90,23.80,23.80,23.70,23.60,23.80,23.70,23.80,23.90,23.70,23.80,23.80,23.70,23.90,23.80,23.60,23.60,23.80,23.70,23.70,23.80,23.80,23.90,23.90,23.70,23.90,23.60,23.90,23.70,23.80,23.80,23.60,23.50,23.50,23.60,23.80,23.60,23.50,23.80,23.70,23.50,24.00,23.80,23.80,23.80,23.60,24.00,23.80,23.70,23.90,23.70,23.70,23.70,23.60,23.60,23.80,23.60,23.90,23.60,23.60,23.50,23.80,23.60,23.60,23.50,23.50,23.50,23.60,23.60,23.70,24.00,23.90,23.60,23.50,23.40,23.50,23.40,23.60,23.80,23.80,23.60,23.60,23.60,23.80,23.70,23.60,23.50,23.50,23.80,23.70,23.60,23.60,23.70,23.60,23.40,23.70,23.40,23.40,23.50,23.50,23.40,23.60,23.60,23.50,23.80,23.60,23.60,23.60,23.70,23.60,23.60,23.70,23.90,23.60,23.50,23.50,23.50,23.40,23.60,23.60,23.60,23.50,23.40,23.40,23.40,23.50,23.70,23.60,23.60,23.50,23.40,23.50,23.60,23.60,23.50,23.60,23.60,23.50,23.60,23.60,23.50,23.40,23.50,23.50,23.50,23.80,23.80,23.40,23.50,23.50,23.40,23.40,23.40,23.40,23.50
29.20,29.20,29.30,29.40,29.40,29.30,29.10,29.00,28.80,27.70,26.90,25.70,25.20,25.10,25.20,24.90,24.80,24.90,25.20,26.00,27.20,28.50,29.00,29.30,29.60,29.60,29.70,29.80,30.00,30.20,30.20,30.10,30.50,31.00,31.80,32.30,32.90,33.50,33.90,34.20,34.40,34.20,34.20,34.20,34.10,33.90,33.60,33.50,33.50,33.50,33.20,33.20,33.20,33.10,32.90,32.70,32.60,32.50,32.50,32.40,32.50,32.40,32.30,32.20,32.20,32.10,32.20,32.20,32.20,32.40,32.60,32.80,32.90,33.20,33.50,33.60,33.60,33.60,33.50,33.10,32.70,32.00,31.20,31.00,30.50,30.20,30.00,29.70,29.30,28.90,28.50,28.50,28.20,28.10,28.20,28.30,28.20,28.40,28.70,29.00,29.10,29.60,30.40,30.80,31.20,31.60,31.80,31.90,32.10,32.00,31.90,31.80,31.80,31.80,31.60,32.00,31.60,31.70,31.60,31.50,31.40,31.50,31.50,31.50,31.40,31.30,31.30,31.30,31.20,31.20,31.30,31.30,31.10,31.20,31.20,31.20,31.00,31.10,30.90,30.80,30.90,30.80,30.80,30.80,30.60,30.50,30.80,30.60,30.50,30.60,30.50,30.60,30.50,30.40,30.30,30.60,30.40,30.30,30.30,30.50,30.40,30.30,30.20,30.60,30.50,30.20,30.20,30.20,30.30,30.20,30.40,30.50,30.40,30.40,30.30,30.40,30.30,30.30,30.50,30.20,30.50,30.30,30.10,30.00,29.80,29.70,29.70,29.50,29.30,29.60,28.90,28.70,28.30,27.90,27.30,26.90,26.20,26.10,25.50,25.00,24.90,24.40,24.10,24.10,23.90,24.00,23.90,24.10,23.80,23.80,23.80,23.90,23.80,23.90,23.90,23.80,23.70,23.60,23.70,23.70,23.90,23.90,23.70,23.70,23.80,23.60,23.60,23.80,23.80,23.80,23.90,23.60,23.70,23.80,23.80,23.70,23.90,23.90,23.70,23.80,23.90,23.70,23.80,23.70,23.80,23.90,23.90,23.80,23.80,23.80,23.80,23.70,23.90,24.00,24.00,23.70,23.70,23.80,23.80,23.80,23.80,23.80,23.50,23.70,23.60,23.80,23.80,23.90,23.60,23.60,23.80,23.90,23.80,23.90,23.80,23.60,23.90,23.80,23.60,23.70,23.60,23.90,23.50,23.50,23.90,23.80,23.60,23.80,23.60,23.60,23.60,23.60,23.60,23.60,23.70,23.70,23.90,23.80,23.60,23.50,23.50,23.50,23.40,23.50,23.60,23.80,23.90,23.70,23.50,23.80,23.60,23.70,23.60,23.50,23.50,23.60,23.50,23.70,23.70,23.60,23.50,23.30,23.40,23.40,23.50,23.60,23.50,23.40,23.80,23.60,23.50,23.60,23.70,23.80,23.80,23.70,23.70,23.50,23.80,23.80,23.60,23.60,23.60,23.50,23.50,23.80,23.70,23.60,23.60,23.50,23.50,23.60,23.80,23.70,23.60,23.50,23.50,23.50,23.40,23.50,23.50,23.60,23.80,23.60,23.60,23.70,23.60,23.50,23.50,23.50,23.50,23.60,23.60,23.50,23.40,23.40,23.40,23.40,23.40,23.50,23.50,23.50
29.10,29.20,29.20,29.30,29.40,29.50,29.50,29.40,29.10,28.60,27.90,26.10,25.80,25.50,25.20,25.10,24.80,24.90,24.90,25.10,26.20,27.60,28.50,29.20,29.40,29.50,29.40,29.80,29.80,29.80,30.10,30.00,30.10,30.40,31.00,31.50,32.10,33.20,33.60,34.00,34.20,34.20,34.10,34.20,34.10,33.80,33.60,33.60,33.40,33.20,33.10,33.10,33.10,33.10,33.10,32.90,32.60,32.50,32.50,32.40,32.50,32.30,32.30,32.20,32.20,32.20,32.20,32.10,32.20,32.30,32.70,32.90,33.00,33.30,33.50,33.70,33.80,33.70,33.50,33.30,32.70,32.00,31.30,31.10,30.80,30.30,30.00,29.80,29.30,29.00,28.50,28.40,28.20,28.30,28.20,28.10,28.20,28.40,28.80,29.10,29.40,29.70,30.60,30.90,31.30,31.60,31.80,32.10,32.20,32.10,32.00,32.00,31.80,31.80,31.80,31.90,31.60,31.60,31.80,31.50,32.00,31.70,31.60,31.60,31.50,31.30,31.30,31.50,31.30,31.30,31.50,31.40,31.20,31.20,31.30,31.10,31.10,31.00,30.90,30.90,30.90,30.70,30.80,30.90,30.70,30.70,30.60,30.50,30.60,30.70,30.60,30.70,30.50,30.50,30.50,30.50,30.40,30.40,30.40,30.30,30.40,30.50,30.40,30.50,30.40,30.40,30.20,30.30,30.30,30.20,30.30,30.50,30.40,30.30,30.20,30.40,30.30,30.20,30.40,30.20,30.50,30.30,30.20,30.10,29.80,29.70,29.70,29.50,29.20,29.30,29.20,28.60,28.30,27.70,27.30,26.60,26.40,25.60,25.50,25.10,24.70,24.20,24.20,24.10,23.90,23.90,24.00,24.00,23.80,23.90,23.80,23.80,23.80,23.90,23.90,23.60,23.60,23.80,23.70,24.00,23.90,23.80,23.70,23.90,24.00,23.80,23.80,23.80,23.70,23.80,23.90,23.60,23.90,23.80,23.80,23.70,23.70,23.80,23.80,24.00,23.80,23.70,23.80,23.70,23.70,23.80,23.80,23.70,23.60,23.80,23.80,23.70,23.80,23.80,23.80,23.80,23.70,23.80,23.80,23.80,23.80,23.60,23.90,23.60,23.80,23.80,23.80,23.80,23.90,23.80,23.90,23.80,23.80,23.80,23.70,23.80,23.90,23.70,23.80,23.70,23.60,23.80,23.80,23.70,23.80,23.80,23.70,23.70,23.60,23.60,23.80,23.60,23.60,23.70,23.60,23.80,23.70,23.50,23.60,23.60,23.50,23.80,23.50,23.60,23.70,23.90,23.70,23.60,23.60,23.80,23.60,23.90,23.80,23.60,23.60,23.60,23.60,23.60,23.70,23.60,23.50,23.60,23.50,23.50,23.60,23.70,23.80,23.80,23.80,23.60,23.70,23.60,23.50,23.90,23.80,23.60,23.50,23.90,23.70,23.60,23.70,23.50,23.60,23.60,23.60,23.70,23.60,23.50,23.30,23.60,23.60,23.60,23.60,23.50,23.40,23.40,23.50,23.50,23.50,23.50,23.60,23.60,23.60,23.50,23.50,23.60,23.50,23.50,23.50,23.50,23.50,23.50,23.60,23.50,23.50,23.30,23.30,23.20,23.50,23.50,23.40,23.40
29.20,29.20,29.20,29.30,29.40,29.40,29.40,29.30,29.30,29.10,28.70,27.90,26.90,25.90,25.50,25.20,25.10,25.10,24.90,24.90,25.30,26.20,27.20,28.50,29.00,29.30,29.30,29.60,29.80,29.80,30.00,30.10,30.10,30.10,30.40,31.00,31.60,33.00,33.20,33.50,33.90,34.10,34.00,34.00,34.30,33.90,33.70,33.70,33.80,33.50,33.40,33.20,33.10,33.10,32.90,32.90,32.70,32.60,32.50,32.70,32.60,32.40,32.20,32.20,32.30,32.40,32.30,32.20,32.10,32.10,33.00,32.90,33.10,33.20,33.50,33.80,34.00,33.70,33.30,33.30,32.80,32.10,31.40,31.10,30.90,30.50,30.00,29.70,29.30,29.00,28.50,28.60,28.10,28.20,28.30,28.00,28.20,28.40,28.70,29.00,29.40,29.80,30.30,31.10,31.50,31.70,31.80,32.10,32.20,32.10,32.00,32.10,32.10,31.90,31.80,31.80,31.80,31.80,31.60,31.60,31.70,31.70,31.70,31.70,31.50,31.60,31.50,31.60,31.60,31.30,31.40,31.30,31.30,31.20,31.20,30.80,31.10,30.90,31.10,31.10,30.90,30.70,31.00,30.80,30.70,30.60,30.90,30.80,30.60,30.70,30.60,30.60,30.60,30.50,30.70,30.40,30.50,30.60,30.50,30.30,30.40,30.40,30.50,30.40,30.30,30.50,30.30,30.30,30.30,30.30,30.30,30.40,30.40,30.30,30.30,30.40,30.60,30.40,30.50,30.40,30.30,30.50,30.30,30.10,30.00,29.80,29.70,29.70,29.40,29.40,29.20,28.60,28.30,27.60,27.10,26.60,26.10,25.70,25.30,25.00,24.80,24.40,24.00,24.10,23.90,23.90,24.00,24.00,24.00,24.00,23.80,23.80,23.80,23.90,23.90,23.60,23.80,23.90,23.90,23.90,24.10,24.10,23.70,23.60,23.90,24.10,23.90,23.80,23.80,23.80,23.70,23.60,23.80,23.70,23.80,23.80,23.80,23.90,23.70,23.80,23.60,23.80,23.80,23.80,23.90,23.90,23.90,23.80,23.80,23.80,23.80,23.80,23.80,23.90,23.90,23.80,23.70,23.60,23.80,23.80,23.80,23.50,23.80,24.10,23.90,23.60,23.80,23.80,23.90,23.80,23.80,23.80,23.60,23.70,23.80,23.90,23.90,23.80,23.70,23.80,23.60,23.80,23.80,23.80,23.70,23.80,23.80,23.70,23.60,23.50,23.30,23.30,23.50,23.70,23.60,23.70,23.40,23.60,23.60,23.50,23.60,23.60,23.50,23.60,23.80,23.70,23.80,23.50,23.50,23.60,23.50,23.70,23.50,23.50,23.50,23.60,23.60,23.60,23.50,23.50,23.60,23.60,23.50,23.50,23.50,23.80,23.70,23.60,23.70,23.80,23.80,23.60,23.50,23.80,23.40,23.40,23.60,23.70,23.80,23.80,23.60,23.40,23.60,23.60,23.50,23.50,23.60,23.50,23.50,23.50,23.60,23.60,23.50,23.50,23.50,23.50,23.50,23.50,23.50,23.50,23.60,23.60,23.50,23.40,23.40,23.30,23.40,23.40,23.50,23.60,23.50,23.60,23.80,23.60,23.50,23.50,23.40,23.40,23.60,23.50,23.40,23.30
29.20,29.10,29.20,29.20,29.00,29.20,29.30,29.30,29.30,29.30,29.10,28.60,28.10,26.60,25.90,25.70,25.30,25.10,25.00,24.90,24.80,25.10,26.20,27.70,28.30,29.00,29.40,29.60,29.70,29.80,29.80,29.80,29.90,30.10,30.20,30.40,31.10,31.70,32.40,33.10,33.60,33.80,34.00,34.10,34.40,34.10,33.90,33.90,33.70,33.60,33.50,33.40,33.20,33.50,33.00,32.90,32.90,32.80,32.50,32.60,32.60,32.50,32.20,32.20,32.30,32.30,32.30,32.30,32.30,32.50,32.70,32.90,33.00,33.30,33.60,33.90,33.90,33.70,33.20,33.00,32.30,31.90,31.50,31.20,30.70,30.40,30.00,29.70,29.20,29.10,28.80,28.50,28.20,28.20,28.30,28.20,28.40,28.60,28.80,29.00,29.40,29.90,30.30,30.80,31.30,31.70,31.90,32.00,32.20,32.10,32.20,32.20,32.10,32.10,31.80,31.80,31.90,31.70,31.70,31.70,31.60,31.70,31.60,31.70,31.50,31.50,31.60,31.50,31.50,31.30,31.40,31.30,31.30,31.30,31.20,31.10,31.20,30.90,31.20,31.10,31.00,30.80,31.00,30.50,30.80,30.60,30.90,30.80,30.70,30.70,30.60,30.50,30.70,30.60,30.60,30.60,30.40,30.50,30.30,30.30,30.30,30.40,30.50,30.50,30.40,30.50,30.40,30.50,30.40,30.60,30.50,30.50,30.50,30.40,30.60,30.50,30.50,30.60,30.50,30.20,30.50,30.20,30.20,30.10,29.80,29.90,29.80,29.70,29.60,29.40,29.30,28.90,28.40,27.70,27.10,26.70,26.10,25.80,25.40,25.20,25.00,24.40,24.00,24.20,24.20,24.00,23.80,23.90,23.80,23.80,24.00,24.00,23.90,24.10,23.80,23.80,23.80,23.80,24.00,23.80,24.00,23.90,23.80,23.90,23.90,23.90,23.90,23.90,23.90,23.90,23.70,23.70,23.80,23.60,23.60,23.70,23.80,23.70,23.70,23.60,23.80,23.90,23.90,23.90,23.90,23.90,23.80,23.80,23.80,23.60,23.70,23.80,23.80,23.80,23.80,23.60,24.00,23.90,23.90,23.60,23.80,23.60,23.80,23.90,23.60,23.90,23.90,23.70,23.80,23.90,23.80,23.50,23.60,23.70,23.80,23.80,23.90,23.90,23.90,23.70,23.80,23.80,23.70,23.70,23.60,23.70,23.80,23.80,23.60,23.60,23.50,23.50,23.60,23.60,23.70,23.60,23.50,23.60,23.50,23.60,23.70,23.80,24.00,24.00,23.90,23.50,23.80,23.60,23.60,23.50,23.50,23.70,23.50,23.60,23.70,23.70,23.60,23.60,23.60,23.30,23.50,23.50,23.60,23.60,23.60,23.60,23.60,23.60,23.60,23.40,23.50,23.50,23.60,23.50,23.60,23.60,23.60,23.60,23.60,23.80,23.50,23.50,23.60,23.50,23.50,23.50,23.50,23.60,23.60,23.50,23.50,23.50,23.50,23.40,23.50,23.60,23.60,23.30,23.50,23.60,23.60,23.50,23.40,23.20,23.40,23.50,23.50,23.50,23.60,23.60,23.50,23.50,23.40,23.50,23.60,23.60,23.20,23.50,23.70,23.60,23.40,23.20
29.10,29.10,29.20,29.20,29.20,29.10,29.20,29.30,29.40,29.30,29.30,29.20,28.90,28.00,27.10,26.10,25.50,25.30,24.90,24.80,24.90,24.90,25.50,26.60,27.50,28.50,29.10,29.40,29.60,29.60,29.70,29.70,29.80,30.10,30.10,30.10,30.30,30.90,31.50,32.50,33.20,33.50,33.80,34.00,34.20,34.30,34.10,34.10,33.80,33.70,33.50,33.30,33.40,33.40,33.20,32.80,32.70,32.80,32.60,32.50,32.50,32.80,32.30,32.30,32.30,32.30,32.30,32.30,32.60,32.70,32.60,32.70,33.00,33.30,33.60,34.10,33.80,33.70,33.60,33.10,32.50,31.90,31.40,31.20,30.60,30.40,29.90,29.60,29.00,29.00,28.80,28.50,28.20,28.20,28.30,28.50,28.50,28.60,28.80,29.00,29.40,29.90,30.40,30.80,31.30,31.60,32.00,31.90,32.00,32.10,32.20,32.10,32.00,32.10,32.00,31.80,31.80,31.60,31.70,31.70,31.70,31.70,31.50,31.70,31.60,31.50,31.50,31.50,31.30,31.30,31.30,31.30,31.50,31.30,31.20,31.20,31.20,31.10,31.30,31.10,31.10,31.20,31.10,30.60,30.80,30.90,30.80,30.80,30.70,30.80,30.80,30.50,30.60,30.60,30.80,30.60,30.50,30.60,30.40,30.60,30.40,30.50,30.50,30.50,30.50,30.50,30.50,30.50,30.40,30.20,30.40,30.30,30.50,30.30,30.30,30.20,30.30,30.40,30.50,30.50,30.50,30.20,30.40,30.10,29.90,30.00,29.90,29.70,29.60,29.30,29.20,29.00,28.50,27.80,27.10,26.40,26.10,25.90,25.50,25.10,24.80,24.40,24.10,24.30,24.00,23.90,23.80,23.70,23.90,23.80,23.90,24.00,23.80,23.90,23.90,23.90,23.80,23.70,23.90,23.80,23.90,23.80,23.90,24.00,23.70,23.80,23.60,23.70,23.80,23.90,23.70,23.80,23.80,23.60,23.70,23.80,23.90,23.60,23.80,23.60,23.80,23.90,23.90,24.00,23.90,23.80,23.70,23.80,23.80,23.60,23.90,23.80,23.60,23.80,23.70,23.70,23.90,23.70,23.50,23.60,23.80,23.80,23.80,23.80,23.80,23.90,23.80,23.80,23.90,23.90,23.70,23.80,23.70,23.70,23.70,23.80,23.90,23.90,23.70,23.80,23.90,23.80,23.60,23.60,23.60,23.60,23.40,23.50,23.60,23.60,23.60,23.80,23.90,23.80,23.60,23.70,23.50,23.60,23.80,23.80,23.70,23.80,23.70,23.50,23.50,23.50,23.70,23.70,23.80,23.80,23.80,23.70,23.60,23.50,23.70,23.70,23.60,23.60,23.50,23.60,23.60,23.70,23.60,23.60,23.70,23.70,23.70,23.70,23.60,23.70,23.80,23.70,23.50,23.50,23.50,23.60,23.50,23.50,23.60,23.90,23.50,23.60,23.60,23.40,23.60,23.70,23.80,23.60,23.50,23.40,23.60,23.70,23.40,23.20,23.50,23.50,23.40,23.20,23.60,23.60,23.50,23.60,23.50,23.40,23.60,23.50,23.50,23.50,23.50,23.40,23.40,23.40,23.40,23.50,23.50,23.50,23.40,23.50,23.60,23.70,23.40,23.20
29.20,29.20,29.20,29.20,29.20,29.20,29.40,29.30,29.30,29.30,29.30,29.40,29.20,29.00,28.40,26.80,25.90,25.50,25.00,25.10,25.00,24.90,25.10,25.60,26.20,28.00,28.50,29.00,29.30,29.40,29.60,29.80,29.80,30.00,30.10,30.10,30.20,30.40,30.80,32.00,32.30,32.90,33.40,33.90,33.90,34.00,34.30,34.00,34.00,33.70,33.60,33.50,33.50,33.50,33.20,33.10,32.70,32.60,32.70,32.50,32.20,32.70,32.30,32.30,32.30,32.30,32.20,32.40,32.70,32.80,32.80,32.90,33.20,33.40,33.60,34.20,34.00,33.90,33.80,33.30,32.70,32.10,31.60,31.10,30.70,30.20,30.00,29.60,29.20,28.90,28.60,28.50,28.30,28.20,28.50,28.50,28.50,28.60,28.90,29.20,29.40,29.90,30.50,30.90,31.30,31.70,31.90,32.00,32.30,32.30,32.40,31.90,31.80,31.70,31.90,31.90,31.90,31.80,31.70,31.70,31.70,31.70,31.70,31.80,31.80,31.60,31.60,31.60,31.40,31.50,31.50,31.50,31.40,31.40,31.20,31.30,31.20,31.30,31.50,31.00,31.20,31.00,31.10,30.80,30.90,30.90,30.70,30.80,30.70,30.90,30.80,30.70,30.80,30.70,30.60,30.70,30.60,30.60,30.60,30.70,30.50,30.40,30.50,30.60,30.30,30.50,30.40,30.40,30.50,30.30,30.50,30.30,30.60,30.50,30.30,30.40,30.50,30.40,30.50,30.50,30.50,30.30,30.30,30.10,30.10,30.10,29.80,29.70,29.60,29.40,29.00,28.90,28.50,27.80,27.10,26.40,26.10,25.90,25.50,25.10,24.60,24.60,24.00,24.10,24.10,23.90,23.90,23.90,24.10,23.90,23.90,23.70,23.70,23.80,23.70,23.80,23.80,23.70,23.70,23.80,23.90,23.80,23.80,23.90,23.70,23.80,23.80,23.90,23.80,23.80,23.90,23.40,23.90,23.90,23.80,23.90,23.80,23.70,23.90,23.60,23.60,23.60,23.90,23.90,23.80,23.70,23.70,23.80,23.90,23.70,23.80,23.80,23.60,23.80,23.70,23.80,23.90,23.80,23.50,23.80,23.80,23.60,23.70,23.80,23.80,23.80,23.80,23.80,23.80,23.70,23.80,23.80,23.70,23.90,23.80,23.60,23.70,23.80,23.50,23.70,23.80,23.70,23.60,23.70,23.60,23.60,23.50,23.50,23.60,23.60,23.80,23.80,23.70,23.70,23.70,23.70,23.60,23.60,23.60,23.60,23.50,23.50,23.50,23.60,23.70,23.70,23.70,23.60,23.80,23.70,23.50,23.60,23.50,23.50,23.80,23.50,23.50,23.40,23.60,23.60,23.50,23.60,23.50,23.60,23.80,23.80,23.70,23.80,23.80,23.80,23.60,23.70,23.60,23.50,23.50,23.60,23.50,23.60,23.80,23.90,23.60,23.50,23.40,23.30,23.60,23.70,23.60,23.50,23.40,23.50,23.70,23.60,23.50,23.50,23.50,23.40,23.50,23.60,23.50,23.50,23.50,23.60,23.50,23.60,23.50,23.50,23.50,23.50,23.50,23.50,23.40,23.50,23.60,23.50,23.50,23.50,23.50,23.50,23.60,23.60,23.50,23.60
29.20,29.20,29.30,29.10,29.10,29.10,29.20,29.30,29.20,29.40,29.30,29.20,29.00,29.00,28.90,27.70,27.10,26.60,25.40,25.20,25.20,24.90,24.90,25.10,25.70,27.00,28.00,28.60,29.00,29.40,29.60,29.80,29.80,29.80,29.90,30.00,30.00,30.20,30.50,30.80,31.50,32.30,32.90,33.50,33.90,34.00,34.20,34.00,33.90,34.00,33.90,33.60,33.50,33.50,33.60,33.40,32.90,32.70,32.60,32.70,32.50,32.90,32.60,32.30,32.30,32.20,32.30,32.30,32.60,32.90,32.80,32.70,33.00,33.60,33.70,34.00,34.00,33.80,33.70,33.60,32.80,32.40,31.70,31.00,30.60,30.30,30.10,29.70,29.20,28.80,28.60,28.50,28.30,28.20,28.20,28.40,28.40,28.70,29.00,29.50,29.20,30.10,30.60,31.20,31.60,31.80,32.30,32.30,32.50,32.30,32.40,32.00,32.00,31.80,32.30,32.00,31.90,31.90,31.90,31.70,31.70,31.80,31.70,31.70,31.80,31.70,31.70,31.60,31.60,31.60,31.50,31.60,31.50,31.50,31.40,31.40,31.30,31.10,31.10,31.10,31.20,31.10,31.20,30.90,30.90,30.90,30.80,30.90,30.80,30.80,30.90,30.80,30.80,30.70,30.70,30.80,30.70,30.50,30.60,30.60,30.50,30.50,30.60,30.50,30.50,30.20,30.50,30.40,30.50,30.60,30.40,30.50,30.50,30.60,30.50,30.50,30.60,30.40,30.60,30.50,30.50,30.40,30.30,30.20,30.10,30.10,29.60,29.70,29.60,29.60,29.10,28.70,28.40,27.90,27.10,26.60,26.20,25.80,25.50,25.00,24.40,24.60,24.10,24.00,24.00,24.10,24.00,23.90,24.00,23.80,23.90,23.80,23.70,23.80,23.90,23.90,23.90,23.70,23.70,23.70,23.90,23.80,23.80,23.90,23.90,23.80,23.90,23.80,23.80,23.80,23.90,23.70,23.90,23.60,23.60,23.90,23.60,23.80,23.80,23.80,23.80,23.70,23.70,23.80,23.80,23.90,23.70,23.90,23.80,23.80,23.90,23.80,23.60,23.80,23.80,23.80,24.00,23.80,23.80,23.80,23.70,23.60,23.60,23.60,23.60,23.70,23.90,23.80,23.70,23.50,23.60,23.80,23.80,23.70,23.80,23.60,23.70,23.60,23.60,23.60,23.90,23.60,23.50,23.50,23.70,23.70,23.60,23.70,23.60,23.60,23.80,23.60,23.80,23.80,23.80,23.80,23.70,23.60,23.60,23.80,23.90,23.60,23.60,23.80,23.60,23.60,23.70,23.60,23.60,23.60,23.70,23.80,23.60,23.60,23.60,23.50,23.50,23.80,23.60,23.50,23.50,23.50,23.60,23.90,23.80,23.70,23.60,23.80,23.70,23.60,23.60,23.60,23.60,23.60,23.60,23.60,23.50,23.60,23.70,23.80,23.60,23.50,23.50,23.50,23.30,23.50,23.60,23.60,23.50,23.60,23.70,23.60,23.60,23.60,23.60,23.50,23.60,23.70,23.50,23.40,23.40,23.50,23.50,23.40,23.20,23.50,23.50,23.50,23.50,23.50,23.60,23.80,23.60,23.50,23.60,23.60,23.60,23.60,23.50,23.50,23.60,23.50
29.20,29.20,29.30,29.10,29.00,29.00,29.10,29.20,29.20,29.30,29.20,29.10,29.10,29.00,28.90,28.80,28.40,27.10,26.00,25.40,25.20,25.10,24.90,24.90,25.10,25.90,26.80,28.20,28.80,29.20,29.60,29.70,29.70,29.70,29.80,29.90,29.90,29.80,30.10,30.40,30.70,31.70,32.50,33.00,33.40,33.70,34.00,34.00,34.00,34.10,33.90,33.70,33.60,33.50,33.30,33.20,33.10,32.90,32.70,32.80,32.90,32.70,32.80,32.60,32.50,32.50,32.60,32.40,32.50,32.60,32.70,32.80,33.10,33.70,33.70,33.90,33.90,33.70,33.70,33.40,32.60,32.10,31.70,30.90,30.60,30.30,30.00,29.70,29.40,29.00,28.60,28.60,28.20,28.00,28.20,28.30,28.50,28.60,29.10,29.20,29.70,30.10,30.60,31.30,31.70,31.80,32.10,32.30,32.50,32.30,32.30,32.40,32.10,32.10,32.30,32.10,32.00,32.00,32.00,31.80,31.80,31.80,31.70,31.80,31.80,31.70,31.60,31.50,31.70,31.50,31.40,31.70,31.50,31.50,31.50,31.40,31.50,31.30,31.10,31.10,31.30,31.20,31.10,31.10,30.90,31.20,30.90,30.80,30.90,30.90,31.10,30.80,30.80,30.80,30.70,30.80,30.70,30.60,30.60,30.70,30.40,30.50,30.60,30.60,30.20,30.30,30.60,30.50,30.50,30.60,30.40,30.60,30.60,30.60,30.60,30.40,30.40,30.50,30.70,30.60,30.50,30.50,30.50,30.20,29.90,30.10,29.80,29.80,29.50,29.50,29.20,29.00,28.40,28.00,27.30,26.90,26.10,25.70,25.20,24.90,24.50,24.40,24.20,24.00,23.90,24.10,24.10,23.80,23.90,23.80,23.80,23.90,23.80,23.90,24.00,23.90,23.80,23.70,23.90,23.90,24.00,23.90,23.90,23.80,23.90,23.80,23.90,23.80,23.90,23.90,23.80,23.60,23.90,23.80,23.80,23.90,23.60,23.90,23.60,23.80,23.90,23.70,23.80,23.80,23.90,23.70,23.70,23.80,23.70,23.80,23.80,23.90,23.90,23.80,23.60,23.80,23.70,23.90,23.90,23.80,23.80,23.80,23.80,23.80,23.60,23.80,23.90,23.70,23.70,23.60,23.60,23.90,23.80,23.70,23.80,23.80,24.20,23.60,23.80,23.60,23.80,23.60,23.80,23.90,23.80,23.70,23.60,23.60,23.70,23.60,23.50,23.50,23.80,23.80,23.60,23.70,23.80,23.70,23.70,23.60,23.60,23.70,23.70,23.80,23.50,23.80,23.80,23.80,23.80,23.70,23.80,23.70,23.50,23.50,23.50,23.50,23.50,23.60,23.60,23.50,23.50,23.60,23.80,23.80,23.80,23.60,23.60,23.70,23.70,23.80,23.60,23.60,23.80,23.50,23.60,23.50,23.50,23.50,23.70,23.50,23.50,23.60,23.50,23.50,23.50,23.60,23.60,23.50,23.60,23.60,23.60,23.70,23.60,23.60,23.50,23.40,23.70,23.60,23.50,23.50,23.50,23.40,23.20,23.20,23.30,23.50,23.40,23.40,23.40,23.50,23.60,23.60,23.50,23.60,23.60,23.60,23.60,23.70,23.60,23.50,23.40,23.30
29.40,29.40,29.30,29.30,29.20,29.00,29.00,29.10,29.20,29.20,29.30,29.00,29.10,29.20,29.20,29.20,29.00,27.90,26.90,26.20,25.60,25.30,25.00,25.00,24.70,24.90,25.80,27.40,28.00,28.90,29.40,29.40,29.60,29.80,29.80,29.80,29.90,30.10,30.10,30.20,30.30,31.20,31.60,32.30,32.90,33.40,33.70,33.90,33.90,34.20,34.00,33.80,33.70,33.50,33.20,33.10,33.10,33.00,32.90,32.90,32.90,32.70,32.50,32.50,32.50,32.60,32.70,32.70,32.60,32.70,32.70,33.00,33.20,33.50,33.70,33.70,33.90,33.90,33.60,33.30,32.60,32.00,31.60,31.10,30.80,30.40,30.10,29.80,29.60,29.10,28.70,28.40,28.30,28.30,28.30,28.30,28.60,28.80,29.00,29.20,29.80,30.20,30.60,31.20,31.70,32.00,32.20,32.50,32.50,32.30,32.20,32.30,32.30,32.30,32.30,32.20,32.20,32.10,32.00,32.00,31.80,32.00,31.80,31.90,32.00,31.80,32.00,31.90,31.60,31.70,31.60,31.80,31.50,31.50,31.50,31.50,31.40,31.30,31.20,31.30,31.40,31.30,31.10,31.10,30.90,30.90,30.90,31.00,31.10,31.10,31.00,30.90,30.90,30.80,30.80,30.80,30.80,30.90,30.60,30.80,30.60,30.70,30.70,30.70,30.50,30.50,30.60,30.60,30.50,30.50,30.50,30.60,30.70,30.60,30.60,30.40,30.30,30.60,30.60,30.60,30.50,30.50,30.50,30.40,30.10,30.00,29.80,29.60,29.60,29.40,29.10,29.00,28.50,28.00,27.30,26.50,26.10,25.70,25.40,25.00,24.80,24.30,24.10,23.90,23.90,23.80,24.10,23.90,23.80,23.90,23.80,23.80,23.90,23.80,23.90,23.90,23.80,23.80,24.00,23.90,23.80,23.90,24.10,23.80,23.70,23.80,23.80,23.70,24.00,23.90,23.80,23.70,23.80,23.90,23.80,23.90,24.00,23.90,23.80,23.90,23.90,23.80,23.80,23.70,23.80,23.60,24.00,23.90,23.70,23.60,23.50,23.90,23.80,23.70,23.80,23.90,23.90,23.80,23.60,23.80,23.80,23.80,23.80,24.00,23.80,23.80,23.90,23.70,23.80,23.60,23.60,23.60,23.60,23.80,23.80,23.80,23.90,23.80,23.70,23.70,23.60,23.80,23.60,23.70,23.50,23.70,23.50,23.60,23.60,23.60,23.60,23.80,23.50,23.60,23.70,23.90,23.60,23.60,23.60,23.40,23.50,23.70,23.60,23.80,23.50,23.90,23.80,23.60,23.60,23.70,23.60,23.60,23.60,23.60,23.50,23.40,23.50,23.60,23.60,23.70,23.70,23.80,23.80,23.80,23.60,23.60,23.60,23.70,23.70,23.80,23.80,23.80,23.80,23.60,23.50,23.60,23.60,23.60,23.60,23.50,23.50,23.50,23.50,23.60,23.60,23.70,23.40,23.50,23.60,23.50,23.70,23.60,23.50,23.50,23.50,23.70,23.60,23.50,23.50,23.60,23.40,23.40,23.40,23.40,23.40,23.40,23.60,23.60,23.50,23.50,23.50,23.40,23.50,23.50,23.50,23.40,23.60,23.70,23.60,23.50,23.30,23.30
29.40,29.30,29.30,29.30,29.30,29.20,29.10,29.00,29.20,29.20,29.20,29.20,29.20,29.30,29.20,29.20,29.30,28.90,28.20,27.00,26.10,25.60,25.20,25.10,25.10,24.80,25.40,26.10,27.30,28.50,29.00,29.30,29.40,29.80,30.00,30.10,30.00,29.90,30.10,30.10,30.10,30.30,31.10,31.60,32.50,33.10,33.50,33.90,33.90,34.00,34.00,33.90,33.90,33.50,33.40,33.20,33.00,33.00,33.00,32.80,32.90,32.70,32.60,32.40,32.30,32.50,32.60,32.70,32.60,32.80,32.70,33.00,33.40,33.60,33.90,33.90,33.90,33.90,33.60,33.00,32.60,32.10,31.60,30.90,30.50,30.30,30.30,29.80,29.40,29.00,28.70,28.50,28.40,28.50,28.30,28.40,28.60,28.70,29.00,29.30,29.70,30.10,30.60,31.30,31.70,32.10,32.30,32.50,32.50,32.40,32.30,32.20,32.50,32.30,32.30,32.30,32.30,32.10,32.00,32.00,31.80,32.00,31.90,32.10,31.90,31.70,31.60,31.80,31.70,31.70,31.80,31.70,31.60,31.60,31.50,31.40,31.60,31.50,31.50,31.40,31.40,31.30,31.20,31.30,31.10,31.20,31.10,31.10,31.10,31.10,30.90,31.00,31.10,30.90,30.80,30.60,30.50,30.80,30.80,30.70,30.60,30.90,30.90,30.80,30.60,30.50,30.50,30.50,30.50,30.50,30.50,30.60,30.50,30.60,30.60,30.60,30.60,30.60,30.60,30.60,30.40,30.50,30.40,30.20,30.10,29.80,29.80,29.60,29.40,29.40,29.20,28.70,28.30,27.70,27.30,26.80,26.00,25.80,25.50,25.00,24.70,24.30,24.30,24.30,24.20,24.00,24.00,24.10,24.00,24.10,23.90,23.80,24.10,23.60,23.80,23.90,23.80,23.90,24.10,23.80,24.00,23.90,23.80,23.60,24.00,23.80,23.90,23.70,23.90,23.90,23.90,23.80,23.80,23.80,23.90,23.90,23.80,23.70,23.90,23.90,23.80,23.90,23.70,23.60,23.80,23.70,23.60,23.70,23.90,24.10,23.50,23.80,23.60,23.80,23.80,23.70,23.80,23.80,23.90,23.90,23.80,23.80,23.60,24.10,23.60,23.80,23.60,23.80,23.70,23.70,23.80,23.70,23.80,23.50,23.80,23.80,23.80,23.90,23.70,23.70,23.80,23.70,23.60,23.60,23.60,23.60,23.60,23.60,23.50,23.70,23.60,23.60,23.50,23.60,23.70,23.80,23.60,23.70,23.60,23.50,23.60,23.60,23.70,23.70,23.30,24.10,23.80,23.60,23.80,23.70,23.60,23.60,23.80,23.60,23.60,23.50,23.50,23.60,23.50,23.80,23.60,23.60,23.60,23.60,23.60,23.70,23.80,23.70,23.70,23.70,23.70,23.70,23.70,23.60,23.50,23.60,23.60,23.70,23.50,23.50,23.60,23.60,23.50,23.80,23.70,23.60,23.40,23.50,23.50,23.50,23.70,23.60,23.60,23.60,23.80,23.80,23.50,23.50,23.50,23.50,23.50,23.50,23.50,23.50,23.50,23.50,23.60,23.50,23.40,23.40,23.30,23.40,23.50,23.50,23.50,23.60,23.60,23.60,23.60,23.40,23.40,23.50
29.50,29.40,29.30,29.30,29.00,29.20,29.30,29.10,29.20,29.20,29.00,29.00,29.10,29.30,29.20,29.20,29.40,29.40,29.30,28.00,26.70,25.90,25.50,25.30,25.10,24.90,25.10,25.40,25.60,27.60,28.30,28.90,29.30,29.70,29.80,30.00,30.00,29.80,29.80,30.20,30.10,30.20,30.30,31.20,31.80,32.30,33.00,33.50,33.60,33.70,33.80,33.90,33.80,33.60,33.50,33.50,33.30,33.20,33.10,32.70,32.70,32.90,32.80,32.60,32.40,32.40,32.60,32.70,32.60,32.90,32.80,33.00,33.40,33.70,33.90,34.10,34.00,34.00,33.60,33.10,32.60,32.10,31.70,31.20,30.90,30.30,30.20,29.80,29.20,28.90,28.60,28.40,28.60,28.50,28.30,28.30,28.60,28.70,29.00,29.30,29.70,30.20,30.60,31.10,31.70,32.10,32.30,32.50,32.50,32.40,32.30,32.40,32.50,32.40,32.30,32.30,32.20,32.20,32.20,32.10,32.00,31.90,31.90,31.80,32.00,32.00,31.70,31.70,31.80,31.70,31.80,31.70,31.60,31.70,31.60,31.60,31.70,31.60,31.60,31.30,31.30,31.30,31.50,31.30,31.10,31.00,31.10,31.10,31.10,31.30,31.00,31.10,31.10,31.10,30.80,30.90,30.80,30.90,30.90,30.70,30.70,30.80,30.90,30.80,30.70,30.50,30.60,30.50,30.50,30.60,30.50,30.40,30.60,30.70,30.50,30.50,30.50,30.40,30.60,30.50,30.60,30.40,30.50,30.30,30.10,30.10,29.80,29.60,29.60,29.50,29.20,28.90,28.30,27.90,27.30,26.60,26.10,25.70,25.50,25.10,24.60,24.30,24.30,24.30,24.10,24.00,23.80,23.90,23.90,23.90,23.90,23.90,23.80,23.80,23.70,23.80,23.80,23.90,23.90,23.90,23.90,23.80,23.90,23.70,23.90,23.90,23.80,23.80,23.80,23.90,24.10,23.90,23.80,23.80,23.90,23.90,23.80,23.80,23.80,23.90,23.80,23.90,23.80,23.70,23.80,23.70,23.60,23.60,23.80,23.80,23.70,23.80,23.60,24.00,23.70,23.80,23.80,23.80,23.90,23.80,23.80,23.80,23.60,23.90,23.60,23.50,23.60,23.70,23.60,23.70,23.80,23.70,23.60,23.70,23.80,23.80,23.80,23.80,23.80,23.80,23.80,23.80,23.80,23.60,23.60,23.80,23.80,23.80,23.80,23.70,23.60,23.70,23.50,23.50,23.50,23.50,23.80,23.60,24.00,23.80,23.60,23.60,23.70,23.80,23.60,23.50,23.80,23.70,23.80,23.70,23.60,23.60,23.60,23.60,23.60,23.60,23.70,23.60,23.60,23.80,23.60,23.50,23.50,23.50,23.60,23.60,23.80,23.70,23.60,23.60,23.60,23.60,23.50,23.50,23.60,23.50,23.50,23.50,23.60,23.60,23.60,23.60,23.70,23.80,23.60,23.40,23.50,23.50,23.60,23.70,23.60,23.60,23.60,23.50,23.80,23.60,23.50,23.50,23.50,23.50,23.50,23.50,23.50,23.50,23.40,23.50,23.60,23.40,23.40,23.40,23.40,23.40,23.40,23.50,23.50,23.60,23.40,23.40,23.40,23.50,23.50,23.40
29.40,29.50,29.40,29.30,29.20,29.10,29.20,29.20,29.10,29.10,29.10,29.10,29.20,29.20,29.20,29.10,29.30,29.40,29.40,28.90,27.90,26.90,26.20,25.60,25.20,24.90,24.90,24.90,25.20,26.20,27.20,28.50,28.80,29.20,29.70,29.80,30.00,30.00,30.00,30.10,30.00,30.00,30.10,30.30,30.90,31.60,32.30,33.00,33.20,33.50,33.70,33.80,33.70,33.60,33.50,33.40,33.50,33.40,33.20,33.10,33.00,32.90,32.90,32.80,32.70,32.80,32.90,32.70,32.60,32.80,32.90,33.10,33.40,33.70,34.00,34.40,34.40,34.00,33.60,33.20,32.70,32.20,31.70,31.20,30.80,30.30,30.00,29.60,29.40,29.10,28.70,28.60,28.60,28.60,28.40,28.50,28.50,28.60,28.90,29.30,29.70,30.10,30.70,31.20,31.70,32.00,32.30,32.60,32.50,32.40,32.40,32.50,32.50,32.40,32.50,32.30,32.10,32.30,32.20,32.30,32.10,32.20,32.30,31.70,31.90,31.80,31.80,31.80,31.70,31.70,31.80,31.70,31.70,31.60,31.50,31.60,31.70,31.60,31.50,31.50,31.30,31.50,31.30,31.40,31.30,31.30,31.10,31.10,31.10,31.30,31.10,31.10,31.00,31.20,31.00,31.00,30.90,30.90,30.90,30.70,30.70,30.90,30.80,30.80,30.80,30.40,30.60,30.50,30.50,30.60,30.50,30.60,30.70,30.70,30.50,30.50,30.50,30.70,30.50,30.50,30.70,30.50,30.30,30.40,30.10,30.00,29.90,29.70,29.60,29.70,29.20,29.00,28.50,28.00,27.30,26.40,26.00,25.90,25.30,24.90,24.40,24.40,24.20,24.20,24.10,24.00,23.70,23.80,23.80,23.80,23.90,23.90,23.60,23.70,23.80,23.90,23.90,23.90,23.80,23.90,23.80,23.70,23.80,23.70,23.80,23.70,23.60,23.80,23.60,23.70,23.80,24.00,23.90,23.80,23.80,23.80,24.00,23.90,23.80,23.60,23.90,23.70,23.80,23.60,23.80,23.80,23.70,23.80,23.80,23.80,23.80,23.80,23.80,23.90,23.70,23.80,23.80,23.60,23.60,23.60,23.60,23.50,23.60,23.70,23.70,23.60,23.70,23.70,23.60,23.60,23.90,23.70,23.80,23.80,23.80,23.80,23.60,23.80,23.80,23.90,23.80,23.80,23.70,23.60,23.80,23.80,23.80,23.80,23.60,23.50,23.80,23.70,23.70,23.80,23.60,23.50,23.60,23.60,23.80,23.60,23.60,23.60,23.80,23.60,23.60,23.50,23.60,23.40,23.80,23.60,23.60,23.50,23.60,23.60,23.60,23.50,23.60,23.50,23.60,23.60,23.60,23.70,23.70,23.50,23.50,23.60,23.60,23.80,23.60,23.60,23.60,23.60,23.50,23.50,23.60,23.60,23.50,23.60,23.60,23.60,23.50,23.60,23.60,23.60,23.50,23.60,23.60,23.50,23.80,23.60,23.40,23.50,23.50,23.60,23.60,23.60,23.50,23.50,23.50,23.50,23.40,23.40,23.50,23.50,23.40,23.60,23.50,23.40,23.40,23.40,23.40,23.40,23.50,23.50,23.50,23.40,23.40,23.50,23.60,23.70,23.50,23.40
29.30,29.30,29.30,29.30,29.20,29.20,29.10,29.00,29.00,29.10,29.20,29.20,29.20,29.30,29.30,29.10,29.20,29.20,29.30,29.30,28.90,27.90,27.00,26.20,25.40,25.00,24.90,24.80,25.10,25.50,26.20,27.60,28.30,28.90,29.60,29.70,29.80,29.90,30.00,30.00,30.00,30.00,30.10,30.20,30.50,30.90,31.70,32.20,32.70,33.20,33.50,33.60,33.70,33.80,33.70,33.50,33.60,33.40,33.20,33.10,33.00,33.00,32.80,32.90,32.90,32.90,32.90,32.80,32.60,32.70,32.90,33.20,33.40,33.90,34.10,34.20,34.20,34.10,33.70,33.40,32.90,32.30,31.60,31.30,30.80,30.30,30.20,29.80,29.30,28.90,28.70,28.70,28.60,28.50,28.40,28.30,28.60,28.50,28.90,29.20,29.70,30.10,30.50,31.10,31.70,32.00,32.50,32.60,32.70,32.60,32.50,32.50,32.30,32.40,32.50,32.40,32.40,32.30,32.30,32.30,31.90,31.80,32.30,32.20,32.00,31.70,32.00,31.90,31.80,31.80,31.70,31.70,31.70,31.80,31.60,31.70,31.60,31.50,31.50,31.50,31.60,31.50,31.30,31.40,31.20,31.30,31.10,31.10,31.20,31.10,31.10,31.10,31.10,30.90,31.00,31.00,31.00,30.90,30.80,30.80,30.70,30.90,30.80,30.90,30.80,30.40,30.50,30.60,30.60,30.60,30.60,30.70,30.60,30.60,30.80,30.70,30.50,30.70,30.60,30.50,30.50,30.60,30.40,30.30,30.20,30.10,29.90,29.80,29.50,29.60,29.20,28.90,28.50,27.90,27.30,26.40,26.10,25.80,25.40,25.00,24.50,24.50,24.20,24.00,24.00,23.90,24.00,23.80,23.80,23.80,23.80,23.90,23.80,23.80,23.60,23.80,23.60,24.10,23.80,24.10,23.80,23.80,23.80,23.80,23.80,24.00,23.60,23.90,23.80,23.60,23.60,23.60,23.70,23.70,23.80,23.60,23.90,23.90,23.90,23.80,23.70,23.70,23.90,23.90,23.90,23.90,23.80,24.00,23.80,23.80,23.80,23.80,23.80,23.90,23.70,23.80,23.80,23.70,23.60,23.70,23.60,23.60,23.50,23.60,23.70,23.60,23.70,23.70,23.80,23.90,23.80,23.70,23.80,23.60,23.70,23.80,23.60,23.70,23.60,23.90,23.80,23.80,23.80,23.60,23.70,23.80,23.60,23.90,23.80,23.70,23.80,23.70,23.80,23.60,23.60,23.60,23.60,23.60,23.60,23.60,23.60,23.60,23.50,23.50,23.60,23.70,23.80,23.70,23.80,23.70,23.60,23.60,23.80,23.80,23.70,23.50,23.50,23.70,23.60,23.60,23.60,23.70,23.60,23.50,23.50,23.60,23.70,23.80,23.90,23.80,23.70,23.70,23.40,23.50,23.80,23.80,23.80,23.60,23.60,23.60,23.70,23.50,23.50,23.50,23.50,23.80,23.70,23.60,23.80,23.50,23.70,23.70,23.70,23.60,23.60,23.50,23.50,23.50,23.60,23.50,23.50,23.70,23.80,23.60,23.50,23.50,23.40,23.40,23.40,23.40,23.50,23.50,23.50,23.40,23.20,23.40,23.50,23.60,23.60,23.80,23.50,23.40
28.90,29.00,29.20,29.30,29.30,29.30,29.20,29.20,29.30,29.00,29.20,29.30,29.20,29.10,29.10,29.00,29.00,29.00,29.00,29.20,29.20,28.60,27.90,26.80,25.70,25.50,25.10,24.90,24.90,25.20,25.40,26.60,27.70,28.50,29.40,29.40,29.60,29.80,30.00,30.00,29.90,29.80,29.80,30.00,30.20,30.50,31.10,31.70,32.20,32.90,33.20,33.40,33.50,33.70,33.80,33.60,33.60,33.60,33.40,33.10,33.10,33.00,32.90,32.80,32.90,32.90,32.90,32.90,32.90,33.00,33.00,33.10,33.50,34.00,34.00,34.30,34.30,34.00,33.80,33.50,33.10,32.10,31.50,31.30,30.90,30.30,30.10,29.80,29.40,28.90,28.70,28.50,28.30,28.30,28.40,28.30,28.50,28.50,28.70,29.00,29.60,30.10,30.80,31.20,31.60,32.10,32.70,32.50,32.70,32.70,32.50,32.60,32.30,32.30,32.30,32.50,32.40,32.40,32.40,32.30,32.10,32.20,32.20,32.20,32.10,31.70,32.20,32.10,31.90,31.80,32.00,31.80,32.00,32.00,31.70,31.80,31.80,31.60,31.60,31.60,31.50,31.50,31.50,31.50,31.30,31.30,31.30,31.10,31.20,31.10,31.20,31.00,31.10,31.10,30.90,30.90,31.00,30.90,30.90,30.80,30.70,30.90,30.80,30.80,30.70,30.80,30.50,30.70,30.70,30.60,30.60,30.50,30.60,30.60,30.60,30.70,30.60,30.70,30.60,30.50,30.60,30.60,30.60,30.30,30.20,30.10,29.90,29.80,29.60,29.60,29.20,28.80,28.50,27.80,27.30,26.50,26.20,25.60,25.30,25.10,24.80,24.50,24.20,23.90,23.90,23.80,24.00,23.80,23.80,23.90,23.90,23.90,23.70,23.90,23.90,24.00,23.80,23.80,23.80,23.90,23.70,23.90,23.90,23.90,24.00,24.10,23.70,23.90,23.90,23.80,23.60,23.80,23.90,23.90,23.90,23.60,23.70,23.90,23.90,23.60,23.80,23.80,23.90,23.90,23.90,23.80,23.80,24.10,23.80,23.70,23.80,23.90,24.00,23.90,23.80,23.90,23.90,23.80,23.80,23.80,23.80,23.80,23.80,23.80,23.60,23.70,23.80,23.90,23.80,23.80,23.60,23.60,23.90,23.60,23.80,23.70,23.60,23.70,23.60,23.70,23.80,23.70,23.90,23.70,23.60,23.50,23.80,23.90,23.50,23.60,23.50,23.80,23.60,23.50,23.60,23.50,23.40,23.60,23.70,23.70,23.50,23.60,23.50,23.70,23.80,23.80,23.90,23.90,23.80,23.80,23.60,23.60,23.70,23.70,23.80,23.70,23.60,23.60,23.50,23.40,23.40,23.60,23.50,23.60,23.70,23.80,23.80,23.80,23.80,23.60,23.70,23.60,23.30,23.60,23.80,23.80,23.60,23.60,23.50,23.60,23.60,23.50,23.50,23.50,23.50,23.60,23.50,23.50,23.50,23.60,23.60,23.50,23.40,23.50,23.50,23.50,23.60,23.60,23.60,23.50,23.60,23.60,23.60,23.50,23.40,23.40,23.40,23.50,23.50,23.60,23.60,23.50,23.50,23.50,23.40,23.50,23.50,23.60,23.60,23.50,23.30,23.40
28.70,28.80,29.20,29.30,29.40,29.60,29.50,29.30,29.30,29.20,29.20,29.30,29.20,29.10,29.20,29.10,29.00,29.00,29.20,29.20,29.30,29.00,28.60,27.70,26.70,26.10,25.50,25.10,25.10,25.10,25.10,25.70,26.70,28.20,28.70,29.10,29.30,29.70,29.90,29.90,29.70,30.00,29.90,29.90,30.10,30.10,30.20,30.70,31.60,32.40,33.00,33.30,33.50,33.70,33.90,33.60,33.60,33.70,33.50,33.10,33.20,33.10,33.00,33.00,32.90,32.90,32.90,32.90,32.80,32.80,33.10,33.20,33.40,33.70,34.20,34.30,34.30,34.10,33.60,33.40,33.00,32.20,31.50,31.20,30.80,30.50,30.20,29.70,29.40,29.00,28.90,28.60,28.60,28.20,28.30,28.40,28.50,28.70,28.60,29.20,29.70,30.20,31.10,31.30,31.80,32.20,32.70,32.60,32.70,32.60,32.50,32.60,32.30,32.60,32.30,32.50,32.30,32.30,32.30,32.20,32.20,32.30,32.20,32.20,32.10,32.00,32.20,31.90,31.90,31.80,32.10,31.90,32.00,31.80,31.70,32.00,31.60,31.60,31.60,31.70,31.60,31.50,31.50,31.60,31.30,31.40,31.50,31.50,31.30,31.30,31.20,31.20,31.10,31.10,31.00,31.10,30.90,31.00,31.00,30.90,30.90,31.00,30.90,30.80,30.80,30.70,30.80,30.90,30.60,30.70,30.60,30.60,30.60,30.60,30.60,30.70,30.60,30.60,30.60,30.50,30.60,30.50,30.50,30.40,30.20,30.10,30.00,29.60,29.60,29.60,29.30,28.90,28.60,27.90,27.30,26.30,26.20,25.70,25.20,24.90,24.80,24.40,24.10,23.90,23.90,24.00,24.10,23.80,23.90,23.90,23.90,23.80,23.90,23.80,23.80,23.70,23.90,23.80,23.80,23.80,23.80,24.00,23.90,23.90,24.10,24.00,23.80,23.80,23.80,23.60,23.60,23.80,23.90,23.70,23.80,23.80,23.90,23.80,23.80,23.70,23.90,23.80,23.90,23.80,23.80,23.80,23.80,23.90,23.80,23.90,23.70,23.90,23.80,23.90,23.80,23.70,23.60,23.90,23.80,23.70,23.90,23.60,23.60,23.70,23.60,23.70,23.80,23.90,23.90,23.80,23.80,23.90,23.90,23.70,23.70,23.80,23.90,23.90,23.80,23.70,23.80,23.70,23.90,23.80,23.60,23.80,23.80,23.80,23.40,23.60,23.60,23.60,23.50,23.60,23.60,23.60,23.60,23.60,23.70,23.70,23.50,23.70,23.60,23.60,23.90,23.90,23.90,23.80,23.60,23.80,23.80,23.60,23.60,23.60,23.60,23.60,23.70,23.60,23.50,23.50,23.60,23.60,23.60,23.70,23.60,23.50,23.60,23.80,23.60,23.50,23.60,23.50,23.40,23.60,23.80,23.70,23.60,23.50,23.60,23.50,23.50,23.60,23.60,23.60,23.50,23.40,23.50,23.50,23.50,23.50,23.50,23.50,23.50,23.80,23.70,23.60,23.60,23.50,23.50,23.60,23.60,23.60,23.50,23.40,23.50,23.50,23.50,23.50,23.50,23.60,23.50,23.50,23.60,23.50,23.50,23.60,23.60,23.50,23.40,23.30,23.30,23.50
28.60,28.60,29.10,29.20,29.20,29.30,29.30,29.40,29.20,29.20,29.10,29.30,29.30,29.20,29.20,29.30,29.30,29.10,29.20,29.30,29.30,29.20,28.90,28.30,27.60,26.90,25.80,25.50,25.20,25.10,24.90,25.20,25.50,27.20,27.90,28.70,29.20,29.60,29.70,29.80,29.70,30.00,30.00,30.00,29.80,30.10,30.10,30.10,30.90,31.50,32.00,32.70,33.30,33.60,33.70,33.70,33.60,33.70,33.50,33.20,33.10,33.10,32.90,32.90,33.00,32.90,32.80,32.80,32.90,32.90,33.20,33.30,33.70,34.10,34.20,34.40,34.30,34.20,34.00,33.40,32.80,32.30,31.90,31.40,30.80,30.30,30.10,29.80,29.40,29.20,28.90,28.50,28.30,28.30,28.30,28.30,28.50,28.70,28.90,29.20,29.70,30.30,31.10,31.40,32.10,32.20,32.70,32.70,32.70,32.60,32.80,32.60,32.50,32.50,32.50,32.50,32.30,32.50,32.50,32.40,32.30,32.30,32.30,32.30,32.20,32.10,32.20,31.90,32.30,32.10,32.10,32.10,31.90,31.80,31.80,31.70,31.60,31.70,31.70,31.60,31.70,31.60,31.60,31.50,31.30,31.30,31.50,31.20,31.30,31.30,31.30,31.20,31.10,31.10,31.20,31.30,31.00,31.10,31.10,31.10,31.10,31.00,30.80,30.80,30.80,30.80,30.70,30.60,30.80,30.80,30.60,30.50,30.60,30.60,30.70,30.80,30.60,30.60,30.70,30.50,30.60,30.50,30.40,30.50,30.20,30.20,30.00,29.70,29.60,29.60,29.40,28.90,28.50,27.90,27.40,26.30,26.20,25.60,25.40,24.90,24.60,24.40,24.10,23.90,23.90,24.10,24.10,24.00,23.90,23.80,23.80,23.80,24.00,23.80,23.80,23.80,23.80,23.90,24.10,24.20,23.90,23.90,23.80,23.90,23.80,23.80,23.80,23.90,23.60,23.80,23.80,23.80,23.80,23.90,23.80,23.60,23.60,23.60,23.80,23.80,23.80,23.80,23.80,23.80,23.60,23.70,23.70,23.80,23.80,24.00,23.80,23.90,23.80,23.90,23.90,23.70,23.60,23.90,23.60,23.60,23.80,23.80,23.60,23.80,23.90,23.90,23.70,23.80,23.90,23.80,23.80,23.60,23.80,23.50,23.60,23.80,23.80,23.70,23.80,23.60,23.60,23.70,23.80,23.80,23.70,23.60,23.50,23.70,23.60,23.60,23.80,23.80,23.50,23.50,23.50,23.60,23.70,23.80,23.80,23.70,23.60,23.60,23.70,23.60,23.60,23.80,23.70,23.70,23.70,23.50,23.40,23.50,23.60,23.70,23.60,23.80,23.80,23.80,23.60,23.50,23.50,23.50,23.60,23.70,23.60,23.60,23.80,23.60,23.50,23.60,23.60,23.60,23.80,23.90,23.80,23.70,23.60,23.50,23.50,23.40,23.50,23.60,23.50,23.40,23.40,23.40,23.60,23.60,23.50,23.40,23.60,23.60,23.50,23.50,23.50,23.60,23.50,23.50,23.60,23.60,23.90,23.60,23.40,23.40,23.50,23.50,23.50,23.50,23.40,23.50,23.60,23.70,23.40,23.50,23.60,23.50,23.50,23.50,23.20,23.30,23.40,23.50
28.50,28.70,28.80,28.90,29.10,29.10,29.20,29.30,29.30,29.30,29.30,29.30,29.30,29.30,29.20,29.00,29.00,29.20,29.20,29.20,29.20,29.10,29.10,28.70,28.30,27.40,26.70,26.00,25.50,25.00,24.90,24.80,25.10,25.90,27.00,28.00,29.00,29.40,29.70,29.80,29.70,29.80,30.00,29.90,30.00,30.10,30.10,30.00,30.50,30.90,31.50,32.10,32.90,33.10,33.20,33.50,33.60,33.70,33.60,33.40,33.20,33.20,33.00,32.90,33.00,33.10,33.10,33.00,32.90,33.10,33.50,33.50,33.60,33.90,34.20,34.40,34.40,33.80,33.90,33.20,32.90,32.50,31.80,31.30,30.90,30.40,30.10,29.80,29.60,29.20,28.90,28.50,28.30,28.30,28.60,28.20,28.60,28.80,28.90,29.20,29.60,30.20,30.90,31.50,32.10,32.30,32.60,32.90,32.80,32.90,32.70,32.90,32.60,32.50,32.60,32.50,32.60,32.70,32.50,32.40,32.40,32.30,32.30,32.50,32.50,32.30,32.30,32.10,32.30,32.20,32.20,32.10,32.10,32.00,32.20,32.00,31.70,31.70,31.80,31.70,31.70,31.70,31.60,31.50,31.30,31.40,31.30,31.20,31.20,31.30,31.20,31.20,31.20,31.20,31.20,31.30,31.10,31.20,30.80,30.90,30.90,30.90,30.90,31.10,30.80,30.90,30.60,30.80,30.80,30.70,30.60,30.50,30.50,30.70,30.80,30.80,30.60,30.80,30.80,30.60,30.80,30.60,30.50,30.50,30.20,30.00,30.00,29.70,29.60,29.50,29.30,28.90,28.30,27.80,27.30,26.60,26.20,25.80,25.40,25.10,24.70,24.40,24.10,23.90,24.00,24.00,24.00,24.00,23.80,23.80,23.80,24.00,24.10,23.90,23.80,23.80,23.90,23.90,23.90,24.00,23.90,23.80,24.00,23.80,23.90,23.80,23.70,24.00,23.90,23.90,23.90,23.80,23.90,23.80,23.70,24.10,24.20,23.90,23.70,23.80,23.80,23.80,23.80,23.80,23.80,23.90,24.00,23.80,24.10,23.90,23.80,23.80,23.70,23.90,23.90,23.90,24.10,23.80,23.60,23.80,23.80,23.90,23.80,23.80,23.90,23.80,23.60,23.70,23.80,23.70,23.90,23.60,23.70,23.60,23.70,23.80,23.70,23.80,23.90,23.70,23.80,23.60,23.80,23.80,23.70,23.60,23.80,23.80,23.70,23.60,23.80,23.60,23.50,23.50,23.30,23.60,23.80,23.80,23.70,23.60,23.60,23.60,23.60,23.60,23.60,23.60,23.60,23.80,23.60,23.50,23.50,23.60,23.70,23.70,23.60,23.60,23.50,23.60,23.60,23.50,23.60,23.60,23.70,23.70,23.60,23.80,23.80,23.70,23.60,23.60,23.60,23.60,23.60,23.60,23.80,23.70,23.50,23.50,23.60,23.50,23.60,23.50,23.50,23.40,23.50,23.50,23.60,23.60,23.50,23.50,23.50,23.50,23.50,23.50,23.60,23.60,23.50,23.60,23.60,23.60,23.80,23.60,23.50,23.40,23.50,23.50,23.40,23.30,23.40,23.60,23.60,23.50,23.40,23.40,23.40,23.40,23.40,23.40,23.50,23.50,23.40,23.50
28.30,28.30,28.50,28.60,28.80,29.10,29.20,29.20,29.40,29.40,29.30,29.30,29.20,29.40,29.30,29.20,29.00,29.00,29.20,29.10,29.10,29.20,29.10,29.00,28.90,28.70,27.70,26.70,25.80,25.20,25.00,24.90,25.10,25.30,25.90,27.10,28.10,28.70,29.30,29.80,29.70,29.80,30.00,29.80,30.00,30.10,30.10,30.00,30.20,30.60,30.90,31.60,32.50,32.70,33.10,33.40,33.50,33.60,33.70,33.60,33.40,33.10,33.10,33.10,33.00,33.00,33.00,33.10,33.00,33.10,33.10,33.20,33.60,33.90,34.00,34.60,34.30,34.10,33.70,33.20,33.00,32.30,31.70,31.30,31.00,30.50,30.10,29.90,29.30,28.90,28.70,28.50,28.30,28.10,28.10,28.20,28.50,28.80,28.90,29.20,29.60,30.20,31.00,31.70,32.20,32.50,32.60,32.70,33.00,32.90,32.90,32.90,32.60,32.80,32.60,32.60,32.70,32.60,32.70,32.30,32.50,32.30,32.20,32.20,32.20,32.20,32.30,32.20,32.10,32.20,32.20,32.10,32.10,32.10,32.10,32.10,31.70,32.00,31.90,31.90,31.70,31.70,31.70,31.80,31.70,31.40,31.50,31.40,31.30,31.30,31.30,31.20,31.40,31.30,31.30,31.10,31.10,31.20,31.10,30.90,31.20,31.20,31.00,31.00,31.00,30.90,30.80,30.80,30.80,30.80,30.60,30.70,30.60,30.80,30.70,30.80,30.50,30.80,30.90,30.70,30.80,30.50,30.60,30.20,30.30,30.10,29.90,29.80,29.70,29.70,29.30,29.00,28.40,27.80,27.30,26.70,26.20,25.90,25.20,24.90,24.60,24.40,24.20,24.10,24.20,23.90,23.90,23.90,23.80,23.80,23.90,24.10,24.00,23.80,24.10,23.80,24.00,23.80,23.70,23.90,23.80,23.50,23.90,23.90,24.00,23.90,23.40,24.00,24.00,23.90,23.90,23.80,23.80,23.90,23.70,23.80,23.70,23.70,23.90,24.10,23.90,23.90,23.90,23.80,23.80,23.80,23.90,24.00,23.80,23.80,23.80,23.70,23.60,23.80,24.10,23.80,23.80,23.90,23.90,23.60,23.80,24.00,23.80,23.80,23.80,23.60,23.80,23.80,23.80,23.70,23.70,23.70,23.80,23.80,23.60,23.50,23.80,23.90,23.80,23.70,23.80,23.90,23.90,23.80,23.60,23.60,23.60,23.60,23.60,23.60,23.60,23.50,23.80,23.80,23.80,23.70,23.80,23.70,23.50,23.60,23.70,23.60,23.60,23.50,23.60,23.80,23.50,23.40,23.60,23.60,23.60,23.60,23.60,23.50,23.60,23.50,23.50,23.50,23.50,23.50,23.70,23.60,23.90,23.70,23.50,23.60,23.80,23.50,23.60,23.70,23.60,23.50,23.50,23.60,23.60,23.40,23.40,23.60,23.60,23.60,23.70,23.60,23.60,23.40,23.40,23.30,23.40,23.40,23.50,23.60,23.70,23.70,23.70,23.70,23.60,23.50,23.50,23.60,23.60,23.60,23.50,23.50,23.20,23.10,23.50,23.50,23.40,23.40,23.50,23.50,23.40,23.40,23.50,23.60,23.60,23.50,23.50,23.50,23.60,23.50,23.60,23.70
28.30,28.30,28.40,28.50,28.60,28.70,28.90,29.00,29.10,29.30,29.30,29.30,29.30,29.40,29.30,29.20,29.10,29.00,29.00,29.10,29.10,29.20,29.00,29.00,29.00,29.00,28.30,27.50,26.10,25.80,25.30,24.90,25.00,25.10,25.10,26.60,27.30,28.20,28.90,29.60,29.70,29.70,29.80,29.80,29.90,30.00,29.80,29.80,30.00,30.30,30.60,31.10,31.70,32.20,32.70,33.10,33.40,33.40,33.40,33.50,33.60,33.10,33.20,33.10,33.00,33.00,33.10,33.10,33.10,33.10,33.20,33.40,33.50,34.10,34.10,34.50,34.30,34.20,33.90,33.40,32.80,32.30,32.00,31.50,30.80,30.50,30.00,29.70,29.20,28.90,28.70,28.50,28.20,28.40,28.40,28.30,28.50,28.80,28.90,29.20,29.70,30.30,30.90,31.60,32.10,32.50,32.90,33.00,33.00,32.90,32.90,32.90,32.80,32.90,32.50,32.60,32.60,32.70,32.60,32.50,32.50,32.50,32.50,32.40,32.30,32.40,32.40,32.40,32.10,32.30,32.30,32.10,32.00,32.00,32.00,31.90,31.90,32.10,31.90,32.00,31.70,31.60,31.80,31.60,31.60,31.50,31.50,31.40,31.40,31.40,31.40,31.30,31.50,31.20,31.20,31.30,31.00,31.20,31.20,31.20,31.20,31.10,30.90,31.00,30.90,30.90,30.90,30.80,30.90,30.90,30.70,30.80,30.90,30.80,30.70,30.80,30.50,30.50,30.70,30.70,30.70,30.50,30.60,30.30,30.30,30.20,30.00,29.60,29.70,29.60,29.60,29.00,28.50,27.80,27.30,26.60,26.20,25.50,25.30,25.10,24.80,24.10,24.10,24.10,24.10,24.10,23.60,23.90,23.90,24.00,24.00,24.00,23.80,23.80,24.10,23.80,24.10,23.80,23.80,23.90,23.70,23.90,24.00,23.80,23.80,23.80,23.80,23.70,23.80,23.60,23.80,23.90,23.80,24.00,23.80,23.80,23.80,23.80,23.80,24.10,23.80,23.90,23.90,23.80,23.70,23.70,23.80,23.80,23.80,23.60,23.80,23.70,23.60,23.70,23.90,23.70,23.80,23.70,23.60,23.80,23.80,23.90,23.80,23.70,23.80,23.80,23.40,23.80,23.80,23.70,23.60,23.60,23.70,23.60,23.60,23.70,23.80,23.70,23.80,23.70,23.60,23.50,23.70,23.80,23.80,23.70,23.80,23.80,23.70,23.60,23.60,23.70,23.80,23.60,23.60,23.70,23.60,23.50,23.60,23.70,23.80,23.60,23.40,23.40,23.60,23.70,23.80,23.50,23.60,23.70,23.50,23.70,23.80,23.60,23.50,23.50,23.50,23.40,23.50,23.60,23.60,23.60,23.80,23.60,23.60,23.70,23.80,23.50,23.70,23.60,23.60,23.50,23.50,23.60,23.60,23.70,23.60,23.60,23.60,23.60,23.60,23.80,23.60,23.40,23.30,23.60,23.60,23.40,23.40,23.60,23.70,23.60,23.50,23.50,23.50,23.50,23.50,23.50,23.30,23.30,23.40,23.50,23.40,23.40,23.30,23.50,23.50,23.40,23.50,23.60,23.60,23.60,23.60,23.50,23.60,23.60,23.50,23.50,23.60,23.60,23.60,23.60
28.20,28.20,28.30,28.40,28.30,28.30,28.60,28.70,28.90,29.10,29.30,29.40,29.10,29.30,29.40,29.10,29.20,29.20,29.20,29.20,29.20,29.20,29.00,28.90,29.00,29.10,28.90,28.10,27.30,26.50,25.60,25.10,24.90,24.80,24.70,25.50,26.60,27.60,28.60,29.20,29.50,29.60,29.80,29.80,29.90,30.00,30.00,30.10,30.00,30.00,30.50,30.50,30.90,31.60,32.30,32.70,33.00,33.20,33.40,33.40,33.50,33.20,33.10,33.20,33.20,33.10,33.10,33.10,33.10,33.20,33.30,33.40,33.70,34.20,34.60,34.40,34.40,34.30,34.00,33.60,32.90,32.30,32.00,31.30,30.80,30.40,30.30,29.80,29.30,29.00,28.90,28.60,28.30,28.20,28.40,28.30,28.50,28.80,29.00,29.30,29.60,30.30,30.90,31.50,32.00,32.60,32.90,33.00,33.00,33.00,32.90,32.90,32.90,32.80,32.60,32.80,32.80,32.70,32.50,32.60,32.60,32.50,32.60,32.30,32.40,32.50,32.50,32.50,32.20,32.30,32.20,32.20,32.30,32.30,32.20,32.00,32.00,32.00,32.00,31.80,31.80,31.80,31.80,31.50,31.70,31.60,31.70,31.60,31.50,31.50,31.50,31.40,31.30,31.40,31.50,31.20,31.20,31.10,31.30,31.20,31.20,31.10,31.00,30.90,31.00,30.90,31.00,30.90,31.00,30.80,30.60,30.80,30.80,30.70,30.80,30.70,30.70,30.80,30.90,30.90,30.70,30.70,30.60,30.60,30.30,30.00,30.10,30.00,29.80,29.60,29.30,29.00,28.50,27.80,27.30,26.50,26.30,25.50,25.30,24.90,24.80,24.40,24.30,24.20,23.90,24.10,23.90,23.80,23.90,24.10,24.00,24.00,24.00,24.00,23.90,23.80,24.10,23.90,23.90,23.80,23.90,23.80,23.90,23.90,23.90,23.90,23.80,23.80,23.90,23.90,23.90,23.80,23.90,23.80,23.70,23.60,23.90,23.80,23.80,23.60,23.80,23.80,23.80,23.70,23.80,23.80,23.90,23.80,23.80,23.60,23.90,23.80,23.80,23.70,23.80,23.70,23.80,23.90,23.90,23.90,23.70,23.80,23.80,23.60,23.80,23.70,23.70,23.90,23.80,23.90,23.60,23.60,23.70,23.60,23.60,23.70,23.60,23.80,23.80,23.70,23.60,23.70,23.90,23.80,23.60,23.70,23.80,23.70,23.50,23.40,23.60,23.80,23.60,23.60,23.70,23.90,23.70,23.60,23.60,23.60,23.80,23.60,23.70,23.60,23.50,23.60,23.70,23.50,23.70,23.50,23.50,23.60,23.50,23.50,23.60,23.60,23.60,23.60,23.50,23.50,23.60,23.70,23.60,23.60,23.50,23.50,23.60,23.60,23.60,23.70,23.70,23.60,23.50,23.50,23.60,23.70,23.60,23.60,23.60,23.60,23.50,23.70,23.60,23.40,23.40,23.80,23.60,23.60,23.80,23.60,23.50,23.50,23.60,23.70,23.70,23.70,23.50,23.40,23.30,23.30,23.50,23.60,23.50,23.40,23.40,23.60,23.60,23.40,23.50,23.50,23.60,23.50,23.50,23.40,23.60,23.50,23.50,23.40,23.50,23.70,23.60,23.50
28.10,28.20,28.20,28.20,28.30,28.30,28.40,28.60,28.60,28.90,29.00,29.30,29.20,29.20,29.30,29.30,29.30,29.20,29.20,29.20,29.20,29.20,29.20,29.10,29.00,29.10,29.20,28.50,28.00,27.40,26.20,25.40,25.20,25.10,24.90,25.10,25.40,26.80,27.90,28.50,29.00,29.40,29.80,30.00,30.00,30.00,30.10,30.10,30.20,30.00,30.10,30.00,30.30,31.00,31.80,32.50,32.60,32.90,33.20,33.40,33.20,33.20,33.20,33.20,33.30,33.20,33.20,33.30,33.20,33.10,33.30,33.50,33.80,34.10,34.40,34.40,34.50,34.40,34.10,33.50,33.00,32.30,31.80,31.10,30.80,30.60,30.30,30.00,29.50,29.00,28.70,28.70,28.50,28.50,28.40,28.50,28.40,28.70,29.00,29.30,29.40,30.20,30.80,31.50,32.10,32.50,32.80,32.90,33.00,33.00,33.00,33.00,32.90,32.80,32.70,32.70,32.70,32.60,32.60,32.70,32.60,32.40,32.60,32.50,32.50,32.60,32.50,32.50,32.30,32.50,32.30,32.50,32.10,32.20,32.20,32.10,32.10,31.90,32.10,31.70,32.10,32.00,31.80,31.70,31.70,31.70,31.70,31.70,31.50,31.50,31.60,31.40,31.50,31.60,31.40,31.20,31.40,31.10,31.30,31.10,31.10,31.10,31.10,30.80,31.00,30.80,30.90,30.90,30.80,30.80,30.80,30.90,30.80,30.70,30.80,30.70,30.60,30.60,30.60,30.80,30.70,30.80,30.50,30.50,30.30,30.20,30.00,29.80,29.70,29.50,29.30,29.00,28.50,27.90,27.30,26.60,26.30,25.90,25.30,25.00,24.60,24.30,24.20,24.00,23.80,23.90,24.10,23.90,23.90,23.90,23.90,23.90,23.90,23.90,23.90,23.80,24.00,24.00,24.10,23.80,23.80,23.80,23.80,23.80,23.90,23.80,24.00,24.10,24.00,23.90,23.90,23.90,23.90,23.70,23.60,23.70,23.70,23.90,23.80,23.60,23.60,23.80,23.90,23.90,23.80,23.80,23.90,23.90,23.80,23.80,23.60,23.80,23.80,23.70,23.80,23.70,23.80,23.80,23.80,23.80,23.50,23.60,23.40,23.60,23.80,23.60,23.80,23.80,23.70,23.80,24.00,23.90,23.70,23.70,23.60,23.60,23.70,23.90,23.80,23.70,23.50,23.80,23.50,23.70,23.80,23.60,23.80,23.60,23.70,23.60,23.70,23.60,23.50,23.60,23.70,23.60,23.50,23.50,23.60,23.60,23.60,23.70,23.50,23.70,23.60,23.60,23.60,23.50,23.50,23.70,23.60,23.50,23.40,23.50,23.60,23.60,23.60,23.70,23.60,23.60,23.60,23.70,23.80,23.60,23.60,23.60,23.50,23.60,23.60,23.70,23.50,23.50,23.60,23.40,23.70,23.60,23.70,23.80,23.60,23.50,23.60,23.60,23.50,23.70,23.80,23.60,23.50,23.50,23.60,23.50,23.50,23.50,23.60,23.50,23.40,23.30,23.50,23.40,23.40,23.50,23.70,23.70,23.50,23.50,23.50,23.60,23.70,23.60,23.40,23.50,23.40,23.60,23.60,23.50,23.40,23.40,23.50,23.60,23.80,23.70,23.50,23.40
28.20,28.20,28.10,28.10,28.20,28.20,28.30,28.30,28.20,28.50,28.80,29.20,29.30,29.30,29.30,29.30,29.20,29.20,29.20,29.30,29.50,29.20,29.00,29.00,29.10,29.10,29.30,28.90,28.50,28.10,26.90,26.40,25.80,25.30,25.10,24.90,25.00,25.50,26.40,27.60,28.60,29.30,29.60,29.70,29.80,29.80,30.00,30.00,30.00,30.00,30.10,30.10,30.10,30.50,31.10,31.80,32.30,32.60,33.00,33.20,33.20,33.30,33.40,33.40,33.40,33.30,33.20,33.20,33.30,33.10,33.40,33.60,33.90,34.30,34.50,34.50,34.50,34.50,34.10,33.50,32.80,32.20,31.70,31.40,31.10,30.60,30.30,30.00,29.70,29.20,28.70,28.60,28.50,28.40,28.30,28.40,28.60,28.70,29.20,29.30,29.60,30.10,30.80,31.50,32.20,32.70,33.00,33.00,33.20,33.00,33.00,32.90,33.00,32.90,32.90,32.90,32.80,32.60,32.70,32.70,32.60,32.70,32.60,32.60,32.60,32.60,32.50,32.60,32.60,32.40,32.20,32.30,32.30,32.20,32.20,32.20,32.20,32.10,32.10,32.00,32.00,32.00,31.70,31.80,31.80,31.80,31.80,31.60,31.50,31.50,31.50,31.30,31.30,31.60,31.30,31.40,31.30,31.40,31.20,31.10,31.20,31.10,31.30,31.10,30.90,30.90,30.90,30.90,30.70,30.80,30.80,30.70,30.90,30.60,30.80,30.80,30.70,30.50,30.70,30.70,30.90,30.70,30.50,30.30,30.20,30.20,30.00,29.80,29.80,29.60,29.50,28.90,28.80,28.00,27.40,26.60,26.10,25.70,25.30,24.90,24.80,24.40,24.30,24.00,24.10,23.90,23.90,23.90,23.80,23.90,23.80,23.90,23.80,23.80,23.90,23.90,24.00,24.00,24.00,23.80,23.70,23.80,23.80,23.70,23.80,23.90,23.90,23.80,23.80,23.80,23.60,23.90,23.80,24.00,23.80,23.90,23.60,23.80,23.80,23.70,23.90,23.90,23.60,23.80,23.80,23.80,23.90,24.10,23.90,23.80,23.80,24.10,23.90,23.90,23.80,23.80,23.60,23.80,23.80,23.50,23.60,23.60,23.80,23.50,23.80,23.80,23.80,23.80,23.90,23.80,23.70,23.60,23.70,23.80,23.80,23.60,23.60,23.50,23.50,23.50,23.50,23.70,23.50,23.70,23.90,23.50,23.60,23.60,23.80,23.70,23.80,23.80,23.80,23.60,23.60,23.60,23.70,23.80,23.80,23.70,23.50,23.60,23.60,23.80,23.60,23.50,23.50,23.50,23.50,23.50,23.50,23.50,23.50,23.60,23.60,23.70,23.60,23.60,23.70,23.70,23.60,23.70,23.70,23.70,23.70,23.50,23.50,23.50,23.60,23.60,23.50,23.70,23.80,23.50,23.60,23.60,23.60,23.60,23.70,23.80,23.60,23.60,23.50,23.60,23.60,23.60,23.40,23.40,23.40,23.40,23.40,23.40,23.50,23.50,23.50,23.60,23.50,23.60,23.60,23.60,23.80,23.60,23.40,23.50,23.60,23.60,23.60,23.50,23.40,23.30,23.50,23.50,23.50,23.50,23.60,23.60,23.60,23.60,23.60,23.60,23.20,23.40
28.20,28.20,28.10,28.10,28.10,28.00,28.20,28.20,28.20,28.40,28.60,28.90,29.00,29.10,29.20,29.30,29.20,29.10,29.10,29.20,29.30,29.20,29.00,28.90,29.00,29.10,29.20,29.20,29.00,28.80,27.90,27.00,26.10,25.50,25.20,25.00,25.10,25.20,25.60,26.60,28.00,28.70,29.30,29.60,29.60,29.70,29.80,30.00,30.20,30.20,30.10,30.10,30.20,30.20,30.60,31.10,31.70,32.20,32.90,33.10,33.30,33.40,33.40,33.50,33.40,33.40,33.30,33.20,33.30,33.20,33.60,33.60,33.90,34.10,34.40,34.60,34.50,34.30,34.20,33.50,32.70,32.30,31.80,31.50,30.90,30.50,30.20,30.00,29.60,29.30,28.90,28.80,28.50,28.30,28.20,28.40,28.70,28.70,28.80,29.20,29.60,30.10,30.90,31.90,32.20,32.90,32.90,33.00,33.40,33.20,33.10,33.00,33.10,32.90,33.00,33.00,33.00,32.90,32.70,32.60,32.70,32.70,32.80,32.60,32.70,32.60,32.50,32.60,32.50,32.50,32.20,32.30,32.40,32.40,32.20,32.10,32.20,32.10,32.00,32.00,32.10,32.10,31.80,31.90,31.90,31.80,32.00,31.80,31.60,31.60,31.70,31.60,31.70,31.50,31.50,31.60,31.40,31.60,31.20,31.20,31.30,31.30,31.30,31.20,31.10,31.20,31.10,31.20,31.00,31.10,30.80,30.70,30.90,31.00,30.90,30.80,30.50,30.60,30.70,30.80,30.80,30.70,30.50,30.50,30.30,30.20,30.20,29.80,29.80,29.70,29.40,29.00,28.70,28.00,27.30,26.70,26.10,25.70,25.30,24.80,24.60,24.30,24.20,23.90,24.30,23.90,23.80,23.90,24.10,23.90,23.80,24.10,23.90,24.10,23.60,23.90,23.80,24.00,23.90,23.90,23.70,23.80,23.80,23.90,23.80,23.90,24.00,23.80,23.70,23.90,23.90,23.80,24.10,23.70,23.90,23.90,23.80,23.70,23.80,23.90,23.90,23.90,24.00,23.90,23.90,23.80,23.80,23.90,23.80,23.80,23.90,23.90,23.80,23.60,23.60,23.90,23.80,23.70,23.70,23.50,23.70,23.80,23.90,23.70,23.90,23.80,23.80,23.80,23.70,23.80,23.80,23.80,23.60,23.80,23.90,23.70,23.80,23.70,23.90,23.50,23.50,23.70,23.60,23.80,23.80,23.70,23.80,23.50,23.80,23.80,23.80,23.50,23.60,23.50,23.50,23.80,23.80,23.70,23.80,23.70,23.60,23.60,23.60,23.60,23.50,23.80,23.60,23.60,23.50,23.50,23.50,23.50,23.80,23.60,23.60,23.50,23.60,23.80,23.80,23.70,23.60,23.60,23.60,23.70,23.70,23.60,23.60,23.60,23.60,23.60,23.70,23.80,23.70,23.60,23.60,23.50,23.50,23.60,23.60,23.50,23.60,23.70,23.60,23.70,23.70,23.60,23.50,23.40,23.40,23.40,23.50,23.50,23.50,23.50,23.80,23.60,23.50,23.50,23.50,23.50,23.60,23.50,23.50,23.20,23.50,23.60,23.50,23.30,23.20,23.50,23.40,23.40,23.50,23.50,23.50,23.40,23.40,23.40,23.60,23.50,23.50,23.40
28.10,28.10,28.00,28.10,28.20,28.10,28.10,28.20,28.30,28.30,28.30,28.50,28.50,28.80,29.00,29.20,29.30,29.20,29.20,29.30,29.30,29.30,29.20,29.10,29.10,29.20,29.00,29.20,29.30,29.10,28.70,28.10,26.70,25.90,25.50,25.10,25.20,25.10,25.10,25.80,27.00,27.90,28.70,29.30,29.40,29.50,29.70,29.80,30.10,30.10,30.10,30.00,30.20,30.20,30.30,30.70,31.10,31.80,32.20,32.60,32.90,33.30,33.20,33.30,33.30,33.30,33.40,33.40,33.30,33.20,33.60,33.80,33.90,34.10,34.20,34.50,34.80,34.60,34.00,33.40,32.80,32.40,31.80,31.30,31.20,30.60,30.40,30.00,29.60,29.10,28.90,28.70,28.60,28.40,28.40,28.30,28.40,28.80,28.80,29.20,29.60,30.50,30.90,31.70,32.50,32.90,32.90,33.20,33.40,33.20,33.10,33.00,33.30,32.90,32.90,33.10,32.90,32.90,32.80,32.70,32.90,32.70,32.70,32.60,32.70,32.60,32.50,32.70,32.70,32.50,32.30,32.50,32.40,32.50,32.20,32.30,32.20,32.30,32.30,32.20,32.10,32.10,32.00,32.00,32.00,31.90,31.80,32.00,31.70,31.70,31.60,32.00,31.90,31.50,31.60,31.60,31.50,31.50,31.30,31.30,31.40,31.40,31.10,31.10,31.10,30.90,31.10,31.00,30.80,31.00,30.90,31.00,30.90,30.90,30.90,30.80,30.80,30.70,30.60,30.80,30.60,30.80,30.60,30.60,30.30,30.20,30.10,30.00,29.80,29.70,29.40,29.00,28.60,27.90,27.10,26.70,26.10,25.70,25.30,24.80,24.60,24.30,24.20,24.10,23.80,24.10,24.10,23.90,23.90,24.00,23.80,23.90,23.80,23.80,23.90,23.90,23.90,23.90,23.80,23.90,23.80,23.90,23.90,23.90,23.80,23.90,23.80,23.80,23.90,24.00,23.80,24.10,23.80,23.80,23.80,23.80,23.80,23.80,23.90,23.90,23.90,23.80,23.90,24.00,23.50,23.60,23.80,23.80,23.70,23.80,23.90,23.70,23.80,23.70,23.70,23.70,23.70,23.70,23.70,23.70,23.60,23.80,23.60,23.60,23.50,23.60,23.90,23.70,23.60,23.70,23.70,23.50,23.80,23.80,23.80,23.80,23.90,23.90,23.70,23.80,23.60,23.60,23.60,23.80,23.70,23.50,23.60,23.80,23.70,23.70,23.70,23.40,23.60,23.70,23.50,23.90,23.70,23.70,23.80,23.70,23.70,23.70,23.60,23.60,23.60,23.80,23.50,23.70,23.50,23.50,23.50,23.60,23.80,23.80,23.40,23.40,23.60,23.60,23.60,23.60,23.60,23.50,23.60,23.70,23.90,23.80,23.60,23.60,23.80,23.80,23.70,23.60,23.50,23.60,23.60,23.60,23.60,23.50,23.50,23.40,23.60,23.70,23.80,23.80,23.60,23.60,23.50,23.70,23.60,23.50,23.60,23.50,23.50,23.60,23.60,23.60,23.50,23.60,23.50,23.40,23.40,23.60,23.50,23.20,23.40,23.40,23.30,23.20,23.40,23.50,23.40,23.40,23.40,23.50,23.50,23.60,23.60,23.50,23.50,23.50,23.50,23.30
28.00,27.90,28.00,28.20,28.50,28.30,28.20,28.10,28.30,28.30,28.00,28.20,28.40,28.60,28.80,29.00,29.20,29.30,29.30,29.20,29.40,29.40,29.20,29.20,29.20,29.20,29.00,28.90,29.20,29.00,29.00,28.70,27.50,26.80,26.10,25.40,25.20,25.10,24.80,25.30,25.80,26.70,27.90,28.90,29.20,29.30,29.40,29.80,30.00,30.00,30.00,30.00,30.10,30.20,30.30,30.50,30.80,31.40,31.70,32.00,32.40,32.90,33.10,33.20,33.20,33.40,33.40,33.50,33.50,33.70,33.80,33.90,34.00,34.20,34.40,34.50,34.70,34.50,34.00,33.50,32.90,32.30,31.80,31.30,31.10,30.80,30.40,30.00,29.50,29.10,28.90,28.60,28.60,28.50,28.50,28.50,28.40,28.70,28.90,29.20,29.70,30.50,30.90,31.60,32.60,32.90,33.20,33.50,33.40,33.20,32.90,33.20,33.20,32.90,33.00,33.00,33.20,33.00,32.90,32.90,32.90,32.90,32.70,32.70,32.70,32.80,32.70,32.90,32.80,32.50,32.40,32.50,32.40,32.40,32.30,32.30,32.30,32.30,32.20,32.30,32.10,32.10,32.00,32.00,32.00,32.00,31.90,31.80,32.00,31.70,31.80,31.70,31.90,31.80,31.70,31.50,31.50,31.50,31.60,31.50,31.50,31.50,31.40,31.00,31.10,31.20,31.10,31.00,30.90,31.10,31.10,31.10,30.90,30.80,30.90,30.90,30.90,30.80,30.80,30.90,30.80,30.80,30.80,30.60,30.40,30.20,30.00,30.00,29.90,29.70,29.50,29.00,28.60,27.70,27.10,26.60,26.20,25.60,25.30,24.80,24.80,24.30,24.10,24.00,24.00,24.10,24.10,23.90,24.00,23.90,24.00,23.90,23.80,23.90,23.90,23.90,23.80,23.80,23.90,24.00,23.90,24.30,23.90,23.80,23.80,23.90,23.70,23.80,23.90,23.90,23.90,23.80,23.90,23.90,23.80,23.80,23.90,23.90,24.00,23.80,23.90,23.90,23.90,23.80,23.60,23.80,23.80,23.70,23.90,23.60,23.90,23.60,23.60,23.50,23.70,23.80,23.80,23.60,23.60,23.70,23.60,23.80,23.80,23.70,23.50,23.60,23.80,23.60,23.60,23.60,23.70,23.60,23.70,23.60,23.60,23.80,23.80,23.90,23.50,23.60,23.60,23.60,23.60,23.70,23.80,23.70,23.40,23.60,23.60,23.70,23.70,23.50,23.80,23.70,23.50,23.60,23.80,23.60,23.80,23.80,23.80,23.60,23.60,23.70,23.80,23.70,23.60,23.90,23.50,23.60,23.60,23.60,23.60,23.50,23.20,23.40,23.70,23.80,23.90,23.70,23.50,23.50,23.50,23.70,23.60,23.60,23.50,23.70,23.60,23.60,23.60,23.50,23.50,23.60,23.60,23.40,23.40,23.60,23.60,23.50,23.60,23.60,23.60,23.60,23.70,23.50,23.50,23.50,23.60,23.70,23.70,23.60,23.60,23.50,23.40,23.60,23.60,23.60,23.60,23.50,23.30,23.80,23.50,23.40,23.50,23.60,23.60,23.50,23.50,23.40,23.50,23.50,23.40,23.50,23.60,23.60,23.40,23.30,23.20,23.40,23.40,23.40
27.90,27.60,27.70,27.90,28.30,28.30,28.20,28.20,28.10,28.10,28.20,28.20,28.30,28.50,28.70,28.90,29.00,29.00,29.20,29.20,29.10,29.20,29.00,29.00,29.20,29.30,29.30,29.40,29.30,29.30,29.20,29.10,28.50,27.70,26.70,25.70,25.50,25.20,24.80,24.80,25.10,25.80,27.10,28.30,28.90,29.00,29.70,29.80,29.90,29.90,29.80,30.10,30.20,30.10,30.10,30.60,30.60,30.90,31.30,31.70,32.10,32.60,32.90,33.00,33.20,33.40,33.50,33.50,33.60,33.70,33.80,33.90,34.10,34.20,34.60,34.80,34.70,34.50,34.10,33.70,33.00,32.40,32.00,31.30,30.90,30.40,30.20,29.80,29.30,29.00,28.70,28.50,28.50,28.30,28.30,28.50,28.50,28.60,28.90,29.10,29.70,30.40,31.10,31.80,32.50,32.80,33.20,33.40,33.50,33.30,33.20,33.30,33.10,33.00,33.20,32.80,32.90,32.90,33.00,32.90,32.90,32.90,33.00,32.90,33.00,32.70,32.80,32.70,32.70,32.60,32.50,32.50,32.50,32.60,32.60,32.40,32.30,32.40,32.30,32.20,32.10,32.10,32.10,32.00,32.00,32.00,31.80,31.90,31.80,31.60,31.70,31.80,31.80,31.70,31.70,31.50,31.50,31.50,31.50,31.50,31.30,31.30,31.50,31.10,31.10,31.10,31.10,31.10,31.10,30.90,31.00,31.10,30.90,30.80,30.90,30.80,30.90,30.90,30.90,30.90,30.80,30.70,30.80,30.60,30.50,30.20,30.00,29.80,29.80,29.70,29.60,29.10,28.70,27.80,27.30,26.70,26.20,25.70,25.40,24.80,24.60,24.40,24.10,23.80,24.20,23.90,24.00,24.10,24.20,23.80,23.80,23.90,23.90,24.00,24.10,23.90,23.90,23.80,23.60,23.70,23.80,23.90,23.80,23.90,23.90,23.90,23.70,23.80,23.90,23.60,23.70,23.70,23.80,23.90,23.70,23.60,23.60,23.90,23.90,23.80,23.80,23.90,23.60,23.80,23.60,23.80,23.90,23.80,24.00,23.50,23.80,23.60,23.60,23.60,23.60,23.80,23.80,23.70,23.50,23.80,23.60,23.80,23.70,23.60,23.60,23.60,23.80,23.50,23.60,23.60,23.60,23.60,23.70,23.80,23.90,23.60,23.80,23.80,23.50,23.60,23.80,23.80,23.60,23.80,23.90,23.70,23.60,23.60,23.80,23.80,23.80,23.50,23.60,23.80,23.30,23.50,23.80,23.50,23.70,23.60,23.70,23.60,23.50,23.60,23.70,23.60,23.80,23.50,23.60,23.60,23.60,23.60,23.60,23.60,23.60,23.50,23.70,23.80,23.70,23.80,23.70,23.70,23.50,23.60,23.60,23.60,23.80,23.70,23.40,23.60,23.70,23.70,23.50,23.50,23.50,23.50,23.60,23.60,23.70,23.70,23.50,23.60,23.60,23.50,23.50,23.50,23.50,23.40,23.40,23.50,23.60,23.60,23.50,23.50,23.50,23.40,23.50,23.60,23.80,23.50,23.50,23.40,23.50,23.50,23.50,23.40,23.40,23.70,23.40,23.40,23.50,23.50,23.50,23.30,23.40,23.50,23.40,23.40,23.40,23.50,23.50,23.50
27.70,27.90,27.90,27.90,28.00,28.20,28.20,28.10,28.20,28.20,28.30,28.30,28.30,28.50,28.60,28.50,28.70,28.90,28.90,29.00,29.00,29.20,29.10,29.00,29.30,29.30,29.20,29.20,29.20,29.30,29.40,29.20,29.00,28.70,27.40,26.40,25.80,25.50,25.10,25.10,24.90,25.20,26.50,27.20,27.90,28.70,29.40,29.70,29.80,30.00,30.10,30.20,30.20,30.20,30.10,30.30,30.50,30.50,30.80,31.50,31.90,32.10,32.60,32.90,33.00,33.40,33.50,33.60,33.60,33.60,33.80,33.80,34.20,34.40,34.80,34.90,34.80,34.60,34.20,33.70,33.10,32.50,32.00,31.30,30.90,30.30,30.30,30.10,29.40,29.00,28.80,28.60,28.50,28.30,28.50,28.40,28.60,28.70,28.90,29.30,29.90,30.50,31.10,31.70,32.40,32.70,33.10,33.40,33.30,33.30,33.40,33.40,33.20,33.20,33.20,33.20,33.00,33.10,33.00,33.10,33.10,32.90,32.90,32.90,33.00,33.00,33.00,32.90,32.60,32.70,32.70,32.60,32.60,32.60,32.50,32.60,32.50,32.50,32.60,32.30,32.00,32.20,32.20,32.20,32.20,32.10,32.00,31.80,32.00,32.00,32.00,31.80,31.80,31.70,31.70,31.70,31.60,31.50,31.40,31.30,31.40,31.50,31.30,31.20,31.30,31.30,31.20,31.10,31.10,30.90,31.00,31.10,30.90,31.00,30.80,30.90,30.80,30.80,30.90,30.90,30.70,30.60,30.70,30.50,30.50,30.20,30.00,29.90,30.00,29.80,29.60,29.00,28.70,27.90,27.40,26.60,26.10,25.80,25.50,25.10,24.40,24.40,24.20,23.90,24.10,23.90,24.00,24.00,24.10,23.90,23.80,24.00,23.90,24.00,23.90,23.90,23.90,23.80,24.10,23.90,23.70,23.80,23.90,23.80,23.90,23.70,23.70,23.80,23.90,23.60,23.60,23.60,23.80,23.70,23.60,23.80,23.80,23.90,23.90,23.80,23.80,23.90,23.60,23.90,24.10,23.90,23.80,23.80,23.80,23.50,23.60,23.70,23.60,23.70,23.60,23.90,23.80,23.60,23.90,23.70,23.80,23.80,23.70,23.60,23.50,23.90,23.80,23.50,23.50,23.70,23.60,23.70,23.90,23.70,23.60,23.70,23.90,23.60,23.60,23.60,23.70,23.70,23.60,23.70,23.80,23.60,23.60,23.60,23.40,23.60,23.60,23.50,23.60,23.70,23.60,23.80,23.80,23.70,23.70,23.50,23.50,23.60,23.80,23.70,23.60,23.70,23.70,23.60,23.40,23.70,23.60,23.60,23.70,23.60,23.50,23.70,23.50,23.50,23.70,23.60,23.60,23.60,23.40,23.60,23.50,23.70,23.60,23.40,23.50,23.60,23.60,23.70,24.00,23.40,23.60,23.60,23.80,23.60,23.60,23.50,23.50,23.60,23.60,23.70,23.80,23.40,23.40,23.40,23.40,23.60,23.60,23.60,23.50,23.60,23.60,23.50,23.70,23.70,23.60,23.50,23.50,23.50,23.40,23.40,23.50,23.30,23.60,24.00,23.60,23.50,23.40,23.70,23.50,23.40,23.50,23.60,23.50,23.50,23.50,23.40,23.40,23.50
27.60,27.70,27.80,27.80,28.00,28.00,28.00,27.90,27.90,28.10,28.30,28.30,28.20,28.20,28.40,28.20,28.30,28.60,28.90,29.10,29.20,29.00,29.10,29.20,29.10,29.20,29.30,29.20,29.10,29.00,29.20,29.20,29.00,28.90,28.00,27.30,26.70,25.90,25.40,25.20,25.10,24.70,25.30,26.10,27.00,28.30,28.70,29.20,29.60,29.70,29.90,30.10,30.20,30.10,30.30,30.30,30.40,30.50,30.50,30.90,31.40,31.60,32.00,32.50,32.80,33.20,33.50,33.50,33.50,33.70,33.90,33.90,34.20,34.50,34.90,34.90,34.80,34.60,34.10,33.50,33.00,32.50,31.90,31.30,31.10,30.80,30.20,30.00,29.50,29.20,28.80,28.60,28.50,28.50,28.40,28.50,28.50,28.80,29.00,29.20,29.70,30.50,31.10,31.90,32.40,32.70,33.10,33.50,33.50,33.40,33.40,33.30,33.40,33.30,33.00,33.00,33.20,33.10,33.10,32.90,33.30,33.10,32.90,32.90,32.80,32.90,32.90,32.90,32.80,32.80,32.90,32.70,32.60,32.60,32.60,32.70,32.60,32.60,32.60,32.50,32.30,32.20,32.20,32.00,32.00,32.10,32.10,32.00,32.00,32.00,32.10,31.90,31.90,31.70,31.80,31.80,31.60,31.60,31.50,31.60,31.30,31.50,31.30,31.30,31.50,31.20,31.10,31.10,31.30,31.10,30.90,31.00,30.90,31.00,30.90,30.90,30.90,30.80,30.80,30.80,30.80,30.60,30.80,30.50,30.50,30.20,30.20,29.80,29.80,29.60,29.50,29.10,28.50,27.90,27.30,26.70,26.10,25.70,25.40,25.00,24.40,24.10,24.10,23.90,24.10,24.00,24.00,23.90,24.10,24.00,23.80,24.00,23.90,24.10,24.10,23.90,23.80,23.90,23.90,23.90,23.80,23.90,23.90,23.80,23.80,23.70,23.70,23.80,23.90,23.80,23.80,23.60,23.70,23.80,24.00,23.60,23.90,23.90,23.90,23.70,23.80,23.80,23.80,23.90,23.80,23.70,23.80,24.00,23.60,23.80,23.80,23.80,23.80,23.90,23.60,23.90,23.80,23.60,23.60,23.70,23.80,23.70,23.80,23.60,23.60,23.60,23.50,23.60,23.70,23.80,23.60,23.80,23.90,23.90,23.90,23.80,23.60,23.60,23.80,23.80,23.70,23.60,23.60,23.60,23.60,23.60,23.70,23.60,23.70,23.80,23.80,23.80,23.60,23.70,23.60,23.70,23.70,23.60,23.80,23.70,23.40,23.60,23.70,23.70,23.70,23.60,23.60,23.60,23.50,23.60,23.70,23.80,23.70,23.60,23.50,23.50,23.60,23.40,23.60,23.60,23.60,23.60,23.80,23.70,23.60,23.60,23.60,23.60,23.50,23.50,23.50,23.70,23.80,23.80,23.70,23.80,23.70,23.60,23.60,23.60,23.60,23.50,23.60,23.60,23.60,23.60,23.50,23.50,23.40,23.60,23.60,23.60,23.70,23.70,23.60,23.50,23.60,23.50,23.40,23.40,23.50,23.50,23.50,23.50,23.50,23.40,23.70,23.70,23.60,23.60,23.60,23.80,23.50,23.40,23.70,23.60,23.50,23.50,23.40,23.20,23.40,23.40
27.20,27.40,27.60,27.70,27.70,27.70,27.90,27.90,27.80,27.70,27.80,27.80,27.90,28.10,28.30,28.20,28.20,28.30,28.30,28.50,28.90,29.00,28.90,29.10,29.20,29.20,29.20,29.20,29.20,29.10,29.10,29.20,29.20,28.90,28.50,28.10,27.70,26.40,25.90,25.50,25.20,24.90,25.00,25.30,26.10,27.50,28.40,28.70,29.00,29.70,29.70,29.90,30.10,30.30,30.30,30.40,30.40,30.50,30.60,30.80,31.10,31.50,31.70,32.10,32.50,32.90,33.00,33.10,33.50,33.60,33.90,34.10,34.20,34.60,35.00,35.00,34.80,34.60,34.50,34.00,33.10,32.60,31.80,31.50,30.90,30.60,30.20,29.90,29.60,29.20,28.70,28.50,28.60,28.50,28.40,28.50,28.50,28.60,28.70,29.00,29.80,30.20,31.10,31.80,32.50,32.90,33.40,33.50,33.40,33.40,33.40,33.20,33.20,33.10,33.20,33.20,33.30,33.10,33.20,33.00,33.10,33.10,33.10,33.00,33.00,32.90,33.00,33.00,33.00,33.00,32.70,32.80,32.90,32.70,32.80,32.60,32.90,32.70,32.60,32.50,32.50,32.10,32.50,32.40,32.20,32.20,32.20,32.20,32.10,32.00,32.10,32.00,32.00,31.90,32.00,31.80,31.80,31.70,31.60,31.50,31.50,31.60,31.50,31.30,31.30,31.30,31.30,31.10,31.10,31.20,30.90,30.90,31.00,31.10,30.90,30.80,30.90,30.90,30.70,30.80,30.70,30.60,30.80,30.70,30.50,30.20,30.00,29.90,30.00,30.00,29.50,29.20,28.40,28.00,27.50,26.80,26.20,25.80,25.50,24.80,24.60,24.10,24.00,23.90,24.10,24.00,24.00,24.00,24.10,24.00,23.80,23.80,23.90,23.80,23.90,23.80,23.80,23.90,23.90,23.80,23.80,23.90,23.80,23.60,23.60,23.90,23.70,23.80,23.70,23.90,23.80,23.80,23.80,23.80,23.90,23.80,24.10,23.80,23.60,23.90,23.80,23.70,23.80,23.80,23.70,23.50,23.70,23.80,23.60,23.80,23.80,23.80,23.90,23.90,23.80,23.90,23.90,23.60,23.70,23.60,23.60,23.70,23.90,23.80,23.80,23.80,23.80,23.50,23.60,23.50,23.50,23.60,23.80,23.80,23.60,23.60,23.70,23.80,23.80,23.90,23.60,23.60,23.60,23.90,23.70,23.60,23.70,23.80,23.90,23.80,23.80,23.60,23.80,23.70,23.60,23.60,23.50,23.50,23.50,23.60,23.50,23.60,23.60,23.70,23.90,23.70,23.50,23.50,23.50,23.60,23.60,23.80,23.60,23.60,23.60,23.60,23.60,23.60,23.70,23.60,23.60,23.80,23.70,23.60,23.60,23.50,23.60,23.60,23.80,23.80,23.60,23.60,23.70,23.70,23.50,23.50,23.50,23.50,23.70,23.80,23.60,23.50,23.50,23.60,23.60,23.60,23.60,23.50,23.50,23.60,23.60,23.60,23.60,23.50,23.40,23.40,23.50,23.50,23.50,23.30,23.50,23.50,23.50,23.50,23.50,23.50,23.40,23.40,23.50,23.60,23.50,23.20,23.40,23.60,23.60,23.50,23.50,23.40,23.40,23.20,23.40,23.50
26.50,27.10,27.30,27.30,27.40,27.70,27.70,27.70,28.00,28.00,28.00,28.00,28.00,28.00,28.20,28.30,28.10,28.30,28.40,28.30,28.40,28.60,28.70,29.00,29.10,29.20,29.20,29.10,29.00,29.20,29.20,29.20,29.30,28.90,28.80,28.70,28.20,27.40,26.70,25.90,25.40,25.20,25.00,25.10,25.40,26.40,27.40,28.20,28.90,29.30,29.60,29.80,30.00,30.10,30.20,30.40,30.50,30.30,30.80,30.80,30.80,30.90,31.40,31.70,32.10,32.60,32.90,33.10,33.40,33.70,33.70,33.90,34.20,34.60,34.90,35.00,34.90,34.60,34.20,33.90,33.10,32.50,31.80,31.30,30.80,30.50,30.30,30.00,29.50,29.10,28.70,28.70,28.60,28.50,28.30,28.50,28.40,28.50,28.90,29.10,29.50,30.30,31.30,31.70,32.50,32.90,33.30,33.60,33.60,33.30,33.40,33.30,33.40,33.50,33.50,33.30,33.20,33.20,33.30,33.20,33.20,33.10,33.00,32.90,33.00,33.00,33.00,33.10,33.10,33.10,32.60,32.70,32.90,32.90,32.90,32.70,32.70,32.60,32.60,32.60,32.50,32.30,32.30,32.30,32.20,32.30,32.20,32.20,32.10,32.00,32.00,32.00,32.00,32.00,32.00,31.80,31.80,31.90,31.80,31.70,31.70,31.60,31.70,31.50,31.30,31.50,31.30,31.10,31.10,31.20,31.10,31.00,30.90,31.10,30.90,30.90,30.90,30.80,30.80,30.80,30.70,30.80,30.80,30.50,30.30,30.10,30.00,29.90,30.00,29.70,29.60,29.20,28.50,27.90,27.40,26.60,26.20,25.80,25.40,25.00,24.50,24.40,24.10,23.90,24.00,24.00,23.90,24.00,24.00,23.90,23.80,23.70,24.00,23.80,23.80,23.80,23.90,24.00,23.80,23.80,23.80,23.70,23.60,23.80,23.60,23.70,23.60,24.00,23.90,23.90,23.90,23.90,23.80,23.80,23.70,23.80,23.80,23.80,23.80,23.60,23.60,23.80,23.70,23.80,23.70,23.50,23.80,23.90,23.90,23.60,23.60,23.70,23.80,23.70,23.80,24.00,23.80,23.60,23.60,23.60,23.80,23.60,23.80,23.80,23.80,23.80,23.60,23.80,23.80,23.60,23.50,23.70,23.70,23.60,23.60,23.80,23.50,23.70,23.80,23.80,23.70,23.60,23.60,23.90,23.50,23.70,23.70,23.90,23.80,23.80,23.80,23.70,23.80,23.70,23.60,23.60,23.70,23.60,23.70,23.70,23.70,23.50,23.50,23.70,23.60,23.60,23.60,23.50,23.50,23.50,23.60,23.50,23.50,23.70,23.70,23.60,23.50,23.60,23.80,23.50,23.70,23.70,23.70,23.60,23.50,23.50,23.60,23.70,23.70,23.50,23.60,23.60,23.60,23.50,23.50,23.50,23.50,23.60,23.80,23.60,23.60,23.70,23.50,23.80,23.60,23.60,23.60,23.80,23.70,23.60,23.50,23.60,23.70,23.50,23.30,23.40,23.50,23.50,23.50,23.50,23.30,23.40,23.50,23.50,23.60,23.60,23.50,23.50,23.50,23.60,23.50,23.40,23.40,23.40,23.50,23.40,23.40,23.50,23.60,23.60,23.50,23.60
25.60,25.90,26.40,26.60,27.00,27.40,27.60,27.40,27.70,27.70,27.90,28.00,28.00,28.00,27.80,27.70,27.90,28.00,28.10,28.30,28.30,28.30,28.70,28.80,28.90,29.00,29.20,29.10,29.00,29.20,29.20,29.20,29.40,29.20,29.00,28.90,28.70,28.10,27.40,26.40,26.10,25.60,25.10,25.10,25.00,25.40,26.10,27.50,28.50,29.00,29.30,29.70,29.80,30.00,30.20,30.30,30.60,30.30,30.50,30.60,30.70,30.70,30.80,31.40,31.60,31.90,32.40,32.80,33.30,33.70,33.60,34.00,34.50,34.60,34.80,35.10,35.10,34.90,34.30,33.60,33.00,32.50,32.00,31.50,31.10,30.70,30.30,30.10,29.50,29.00,28.80,28.60,28.30,28.40,28.20,28.40,28.30,28.60,28.90,29.10,29.60,30.50,31.30,31.90,32.70,33.10,33.50,33.60,33.70,33.50,33.40,33.50,33.40,33.50,33.40,33.40,33.30,33.40,33.40,33.30,33.30,33.20,33.00,33.30,33.20,33.20,33.10,33.00,33.00,32.90,33.20,32.80,33.10,32.90,32.80,32.70,32.90,32.60,32.70,32.60,32.50,32.60,32.30,32.30,32.40,32.30,32.20,32.20,32.30,32.00,32.10,32.00,32.00,32.00,32.00,32.00,32.10,31.90,31.80,31.80,31.80,31.50,31.50,31.60,31.50,31.30,31.30,31.20,31.30,31.10,31.10,31.10,31.10,30.90,30.90,31.00,31.00,30.70,30.80,30.80,30.90,30.80,30.80,30.30,30.20,30.20,30.10,30.00,29.70,29.80,29.60,29.20,28.50,28.00,27.40,26.60,26.40,25.70,25.40,24.70,24.90,24.40,24.30,24.10,24.10,23.90,24.00,24.00,24.00,23.90,23.90,23.80,24.00,24.10,23.90,23.80,23.90,23.80,23.90,23.90,23.80,23.90,23.90,24.00,23.70,23.60,23.80,24.00,24.00,23.90,23.90,23.90,23.80,23.90,23.60,23.70,23.50,23.60,24.10,23.80,23.70,23.80,23.70,23.80,24.00,23.70,23.80,23.80,23.60,23.90,23.90,23.60,23.90,23.80,23.60,23.90,23.60,23.60,23.80,23.90,23.80,23.90,23.70,23.80,23.70,23.60,23.60,23.70,23.70,23.50,23.60,23.60,23.60,23.50,23.60,23.90,23.90,23.70,23.80,23.60,23.80,23.50,23.60,23.80,23.60,23.60,23.50,23.80,23.60,23.70,23.60,23.60,23.50,23.50,23.50,23.80,23.80,23.60,23.60,23.60,23.50,23.40,23.50,23.60,23.50,23.70,23.40,23.50,23.50,23.70,23.70,23.60,23.60,23.50,23.70,23.50,23.60,23.80,23.70,23.50,23.70,23.60,23.60,23.60,23.60,23.60,23.50,23.70,23.60,23.50,23.50,23.60,23.50,23.50,23.60,23.50,23.40,23.60,23.60,23.40,23.60,23.50,23.60,23.60,23.60,23.60,23.60,23.80,23.60,23.60,23.50,23.80,23.70,23.70,23.40,23.40,23.50,23.50,23.50,23.50,23.50,23.50,23.50,23.50,23.60,23.50,23.50,23.40,23.50,23.50,23.50,23.50,23.40,23.40,23.40,23.40,23.50,23.50,23.50,23.40,23.40,23.40
24.80,25.10,25.80,26.10,26.40,27.00,27.20,27.40,27.60,27.70,27.70,27.90,28.00,27.90,28.20,28.20,28.00,27.90,27.90,28.10,28.20,28.30,28.40,28.50,28.60,28.70,28.90,29.00,28.90,29.10,29.20,29.30,29.20,29.00,28.90,29.00,29.00,28.70,28.20,27.30,26.70,26.30,25.50,25.10,25.10,25.20,25.50,26.60,27.60,28.50,28.90,29.20,29.70,29.90,30.00,30.20,30.50,30.60,30.60,30.60,30.60,30.60,30.60,30.80,31.10,31.50,31.80,32.30,33.00,33.30,33.60,34.10,34.50,34.70,34.80,35.10,35.30,34.80,34.50,33.60,33.10,32.60,32.10,31.70,31.10,30.80,30.30,30.00,29.50,29.20,28.60,28.70,28.30,28.50,28.20,28.40,28.50,28.90,28.90,29.30,29.80,30.70,31.30,32.10,32.60,33.10,33.40,33.50,33.70,33.60,33.40,33.40,33.50,33.50,33.50,33.40,33.50,33.30,33.30,33.20,33.10,33.10,33.20,33.20,33.30,33.20,33.20,33.20,33.00,33.00,33.10,33.00,33.10,33.00,32.70,32.70,33.00,32.70,32.70,32.50,32.30,32.50,32.50,32.30,32.40,32.40,32.40,32.30,32.30,32.00,32.20,32.10,32.10,32.00,32.00,32.00,32.10,31.90,31.80,31.80,31.50,31.30,31.40,31.60,31.50,31.30,31.20,31.20,31.30,31.10,31.10,31.10,31.10,31.00,30.90,31.00,30.90,30.80,30.70,30.90,30.70,30.80,30.60,30.50,30.20,30.20,30.00,29.90,29.80,29.80,29.60,28.90,28.60,28.00,27.30,26.80,26.10,25.80,25.40,24.80,24.60,24.10,24.10,23.90,24.00,23.80,24.10,23.90,24.10,23.80,23.90,23.80,23.90,24.00,23.80,23.90,23.80,23.80,23.80,23.80,23.80,23.80,23.90,23.60,23.80,23.90,23.90,23.90,23.80,23.80,23.80,23.80,23.90,24.00,23.80,23.80,23.60,23.80,24.10,23.90,23.80,23.90,23.80,24.00,24.10,23.90,23.60,23.80,23.80,23.50,23.80,23.80,23.90,23.60,23.70,23.60,23.60,23.80,23.80,23.90,23.90,23.60,23.60,23.60,23.80,23.60,23.70,23.70,23.70,23.80,23.70,23.70,23.70,23.70,23.60,23.70,23.90,23.70,23.60,23.80,23.80,23.60,23.60,23.60,23.50,23.60,23.60,23.60,23.50,23.60,23.40,23.60,23.60,23.60,23.70,23.70,23.80,23.50,23.80,23.80,23.60,23.50,23.60,23.60,23.60,23.70,23.90,23.70,23.70,23.80,23.70,23.60,23.70,23.80,23.50,23.60,23.80,23.60,23.40,23.50,23.60,23.60,23.60,23.60,23.70,23.80,23.70,23.60,23.50,23.60,23.70,23.60,23.30,23.50,23.50,23.40,23.40,23.60,23.60,23.40,23.50,23.50,23.60,23.60,23.60,23.60,23.60,23.70,23.70,23.70,23.70,23.70,23.70,23.60,23.50,23.60,23.70,23.60,23.50,23.50,23.40,23.20,23.40,23.50,23.50,23.40,23.40,23.40,23.50,23.50,23.40,23.40,23.40,23.60,23.70,23.50,23.50,23.50,23.50,23.50,23.40,23.40
24.20,24.40,25.00,25.40,25.90,26.30,26.60,27.10,27.30,27.40,27.70,27.80,27.90,27.80,27.80,28.20,28.20,28.20,28.20,28.20,28.20,28.20,28.30,28.30,28.40,28.60,28.80,29.00,29.00,29.00,29.20,29.00,29.20,29.20,29.00,29.00,29.20,29.20,28.80,28.10,27.40,26.90,26.10,25.60,25.10,24.90,25.20,25.70,26.70,27.50,28.00,29.20,29.40,29.70,29.80,30.20,30.40,30.50,30.60,30.70,30.60,30.50,30.60,30.60,30.60,31.10,31.40,32.10,32.30,32.80,33.40,33.80,34.30,34.70,35.20,35.40,35.30,34.80,34.50,34.00,33.40,32.70,31.80,31.50,31.20,30.70,30.30,30.10,29.60,29.20,28.50,28.70,28.30,28.50,28.50,28.60,28.50,28.70,29.00,29.40,29.90,30.80,31.30,32.20,32.90,33.20,33.40,33.50,33.60,33.60,33.60,33.50,33.60,33.60,33.50,33.40,33.50,33.40,33.30,33.40,33.40,33.40,33.10,33.40,33.30,33.20,33.20,33.20,33.10,33.00,33.10,33.30,33.10,33.00,32.90,32.70,32.90,32.90,32.60,32.50,32.70,32.60,32.60,32.30,32.40,32.60,32.40,32.30,32.20,32.20,32.20,32.20,32.10,32.10,32.10,32.10,32.00,32.00,31.80,31.70,31.70,31.60,31.60,31.50,31.60,31.40,31.30,31.20,31.30,31.20,31.20,31.20,31.20,31.10,30.90,30.90,30.80,30.80,30.90,30.90,30.80,30.80,30.50,30.50,30.50,30.20,30.10,29.70,29.70,29.70,29.70,29.00,28.50,28.00,27.30,26.60,26.50,25.60,25.20,24.80,24.50,24.30,24.00,24.00,23.60,23.90,23.80,23.80,23.80,23.90,23.80,23.80,23.80,23.90,23.70,23.90,23.90,23.60,23.80,23.80,23.80,23.80,24.00,23.60,23.70,23.90,23.90,23.80,23.80,23.80,23.80,23.80,23.80,23.80,23.80,23.80,23.80,23.80,23.90,24.00,23.70,23.70,23.80,23.90,23.80,23.90,23.60,23.60,23.70,23.80,23.90,23.80,23.90,23.60,23.60,23.70,23.80,23.80,23.70,23.90,23.80,23.70,24.00,23.80,23.90,23.70,23.70,23.80,23.60,23.80,23.60,23.60,23.70,23.80,23.70,23.70,23.70,23.60,23.80,23.80,23.80,23.80,23.60,23.60,23.80,23.70,23.70,23.60,23.50,23.60,23.50,23.70,23.50,23.60,23.50,23.70,23.60,23.50,23.80,23.60,23.80,23.80,23.60,23.70,23.70,23.70,23.80,23.90,23.60,23.60,23.60,23.60,23.60,23.60,23.50,23.50,23.70,23.50,23.60,23.50,23.50,23.60,23.80,23.60,23.60,23.50,23.60,23.40,23.60,23.70,23.70,23.80,23.40,23.50,23.50,23.50,23.50,23.60,23.50,23.50,23.60,23.50,23.50,23.50,23.40,23.50,23.60,23.60,23.70,23.60,23.60,23.60,23.50,23.50,23.40,23.60,23.40,23.50,23.60,23.40,23.40,23.40,23.50,23.50,23.30,23.40,23.40,23.40,23.40,23.40,23.50,23.50,23.50,23.60,23.60,23.60,23.30,23.50,23.60,23.50,23.40,23.50
24.00,24.10,24.40,24.60,24.80,25.10,25.80,26.50,26.70,26.90,27.40,27.50,27.40,27.60,27.70,27.90,27.90,27.90,28.00,28.00,28.00,28.20,28.20,28.30,28.00,28.20,28.40,28.70,29.10,29.20,29.10,29.00,29.00,29.10,29.00,29.00,29.00,29.20,29.00,28.70,28.20,27.40,26.60,26.00,25.50,25.00,25.00,25.10,25.50,26.10,27.40,28.20,28.90,29.40,30.00,30.10,30.30,30.50,30.50,30.80,30.40,30.50,30.60,30.60,30.50,30.60,31.10,31.60,32.00,32.30,33.00,33.30,33.90,34.50,35.10,35.30,35.20,35.00,34.50,33.90,33.30,32.70,32.30,31.60,31.10,30.80,30.40,30.00,29.60,29.20,28.40,28.70,28.50,28.30,28.50,28.50,28.60,28.60,29.00,29.30,29.90,30.50,31.40,32.20,32.90,33.30,33.60,33.70,33.70,33.70,33.30,33.60,33.70,33.50,33.60,33.40,33.40,33.40,33.40,33.40,33.50,33.50,33.50,33.50,33.30,33.40,33.40,33.20,33.30,33.20,32.90,32.90,33.10,32.90,33.00,32.90,32.70,33.00,32.90,32.60,32.70,32.70,32.50,32.60,32.50,32.50,32.50,32.50,32.40,32.30,32.20,32.30,32.20,32.40,32.20,32.00,32.00,32.00,32.00,32.00,31.80,31.70,32.00,31.60,31.50,31.60,31.50,31.40,31.30,31.30,31.20,31.20,31.20,31.00,30.70,31.10,30.90,31.10,30.70,30.80,30.70,30.70,30.70,30.50,30.30,30.20,30.00,29.80,29.80,29.80,29.50,29.30,28.50,28.00,27.40,26.50,26.10,25.50,25.10,24.70,24.40,24.20,24.00,23.80,24.00,23.90,23.80,23.90,24.00,23.80,23.90,23.90,23.90,23.90,23.80,23.80,23.90,23.70,23.80,23.90,23.90,23.90,23.80,23.70,23.80,23.60,24.00,23.80,23.60,23.60,23.80,23.80,23.80,23.70,23.80,23.80,23.80,24.10,23.80,23.90,23.70,23.60,23.90,23.90,23.60,23.80,23.80,23.50,23.80,23.90,23.60,23.70,23.70,23.90,23.80,23.80,23.60,23.70,23.60,23.90,23.80,23.60,23.90,23.60,23.60,23.70,23.80,23.80,23.80,23.70,23.50,23.60,23.60,23.60,23.80,23.80,23.60,23.60,23.60,23.60,23.70,23.80,23.60,23.80,23.60,23.60,23.80,23.90,23.80,23.60,23.60,23.60,23.60,23.60,23.60,23.60,23.60,23.60,23.70,23.70,23.80,23.50,23.60,23.70,23.70,23.70,23.70,23.60,23.40,23.60,23.60,23.60,23.70,23.50,23.40,23.60,23.60,23.70,23.40,23.50,23.50,23.50,23.80,23.60,23.60,23.60,23.50,23.40,23.50,23.60,23.70,23.80,23.80,23.40,23.50,23.50,23.50,23.60,23.50,23.60,23.60,23.50,23.50,23.50,23.50,23.60,23.60,23.60,23.60,23.60,23.60,23.60,23.80,23.50,23.40,23.60,23.50,23.50,23.40,23.50,23.60,23.50,23.30,23.40,23.40,23.50,23.50,23.50,23.20,23.40,23.60,23.50,23.40,23.40,23.50,23.50,23.30,23.40,23.40,23.40,23.50,23.60
23.90,24.10,24.20,24.30,24.50,24.60,25.10,25.50,26.00,26.20,26.50,27.00,27.30,27.40,27.70,27.90,27.90,27.90,27.90,27.90,27.80,28.20,28.20,28.00,28.00,28.10,28.20,28.30,28.60,28.90,29.20,29.10,29.00,28.90,29.00,29.00,29.00,29.20,29.10,29.00,28.80,28.40,27.70,26.70,25.90,25.50,25.10,25.10,24.90,25.50,26.60,27.10,28.00,28.90,29.40,29.70,30.20,30.50,30.50,30.60,30.60,30.50,30.40,30.50,30.50,30.60,30.80,30.90,31.30,32.00,32.30,32.90,33.60,34.20,34.60,34.90,35.00,34.90,34.60,34.00,33.20,32.70,32.20,31.70,31.00,30.70,30.20,30.10,29.70,29.20,28.70,28.50,28.60,28.50,28.50,28.50,28.50,28.70,28.90,29.30,29.80,30.60,31.40,32.20,32.80,33.30,33.70,33.80,33.90,33.90,33.80,33.50,33.60,33.70,33.70,33.60,33.50,33.60,33.60,33.50,33.60,33.50,33.60,33.40,33.40,33.40,33.20,33.10,33.30,33.30,33.30,33.10,33.10,32.90,33.00,33.00,33.00,33.10,33.10,33.00,32.90,32.80,32.70,32.70,32.70,32.50,32.50,32.50,32.50,32.30,32.20,32.30,32.50,32.30,32.20,32.30,32.10,32.10,32.00,32.00,32.00,31.80,32.00,31.70,31.60,31.60,31.60,31.50,31.40,31.30,31.20,31.30,31.20,31.10,30.90,31.10,31.00,31.20,31.10,30.90,30.80,31.00,30.70,30.50,30.50,30.20,30.20,30.10,30.00,29.80,29.60,29.10,28.50,28.00,27.40,26.90,26.10,25.60,25.40,24.90,24.30,24.10,24.00,23.80,23.80,23.90,23.90,23.90,24.10,23.80,23.90,24.00,23.80,23.90,23.90,23.80,23.80,23.90,23.90,23.80,23.80,23.90,23.60,23.80,23.80,23.70,24.00,23.70,23.80,23.90,23.90,23.90,23.80,23.70,23.80,23.80,23.70,24.00,23.80,23.80,23.80,24.00,24.00,23.90,23.80,23.80,23.80,23.70,23.80,23.80,23.80,23.60,23.50,23.60,23.60,23.60,23.60,23.80,23.70,23.70,23.80,23.80,23.70,23.80,23.80,23.60,23.70,23.70,23.90,23.60,23.60,23.50,23.60,23.70,23.70,23.60,23.50,23.60,23.60,23.70,23.70,23.70,23.80,23.70,23.50,23.70,23.80,23.70,23.60,23.60,23.50,23.60,23.60,23.80,23.80,23.80,23.70,23.50,23.60,23.60,23.90,23.50,23.80,23.60,23.70,23.70,23.60,23.60,23.70,23.50,23.70,23.80,23.60,23.50,23.70,23.80,23.60,23.70,23.50,23.60,23.50,23.60,23.70,23.50,23.80,23.60,23.50,23.60,23.60,23.70,23.60,23.70,23.80,23.60,23.60,23.50,23.50,23.60,23.50,23.50,23.50,23.50,23.60,23.60,23.60,23.60,23.60,23.60,23.60,23.50,23.60,23.60,23.60,23.50,23.60,23.70,23.50,23.50,23.50,23.50,23.40,23.30,23.20,23.50,23.60,23.50,23.60,23.60,23.20,23.40,23.50,23.50,23.60,23.60,23.40,23.40,23.50,23.50,23.50,23.50,23.60,23.60
24.10,24.10,24.10,24.20,24.30,24.40,24.60,24.70,24.80,25.50,26.00,26.50,27.00,27.40,27.60,27.90,28.00,28.20,28.00,27.90,27.90,28.10,28.20,28.20,28.00,28.00,28.10,28.30,28.40,28.50,28.90,29.00,29.00,29.00,28.90,29.00,29.20,29.10,29.20,29.20,29.20,29.00,28.70,27.90,26.50,26.00,25.60,25.20,24.90,25.10,25.60,26.50,27.00,28.00,28.80,29.30,29.70,30.20,30.30,30.50,30.50,30.60,30.60,30.40,30.50,30.20,30.40,30.50,30.80,31.30,31.80,32.60,33.20,33.90,34.40,34.70,34.80,34.80,34.50,34.10,33.60,32.70,32.10,31.70,31.00,30.60,30.30,30.20,29.80,29.30,28.90,28.70,28.60,28.60,28.60,28.60,28.50,28.70,29.00,29.30,29.80,30.60,31.50,32.20,32.70,33.20,33.60,33.70,33.70,33.70,33.70,33.50,33.60,33.90,33.80,33.70,33.60,33.50,33.50,33.60,33.60,33.50,33.60,33.40,33.60,33.40,33.30,33.50,33.50,33.50,33.20,33.20,33.20,33.00,33.10,33.10,33.20,32.90,32.70,32.80,32.70,32.70,32.70,32.80,32.70,32.70,32.50,32.50,32.50,32.30,32.30,32.30,32.20,32.40,32.30,32.20,32.00,32.10,32.10,32.00,32.20,31.90,32.00,31.80,31.70,31.50,31.70,31.50,31.50,31.30,31.30,31.30,31.20,31.00,31.20,31.10,31.10,31.10,30.90,30.80,30.80,30.90,30.90,30.60,30.50,30.20,30.10,30.10,29.80,29.70,29.60,29.10,28.70,28.00,27.40,26.90,26.10,25.70,25.30,24.80,24.60,24.10,24.00,23.90,23.80,23.80,23.80,23.80,23.70,23.80,23.90,23.80,23.90,23.80,24.10,23.90,23.90,23.90,23.90,23.80,24.00,23.80,23.60,23.80,23.80,23.90,23.90,23.70,23.70,23.80,23.80,23.90,23.90,23.70,23.80,23.80,23.90,23.90,23.70,23.90,23.80,23.60,23.90,23.90,23.80,23.70,23.80,23.90,23.70,23.70,23.90,23.70,23.70,23.60,23.60,23.70,23.50,23.80,23.70,23.50,23.70,23.70,23.50,23.60,23.70,23.80,23.60,23.60,23.80,23.50,23.60,23.80,23.60,23.90,23.80,23.60,23.60,23.60,23.60,23.70,23.70,23.60,23.60,23.40,23.60,23.70,23.70,23.60,23.70,23.60,23.60,23.70,23.60,23.70,23.70,23.60,23.50,23.50,23.60,23.50,23.80,23.80,23.70,23.50,23.50,23.60,23.60,23.60,23.70,23.80,23.80,23.60,23.50,23.60,23.70,23.80,23.80,23.70,23.70,23.60,23.50,23.60,23.60,23.60,23.70,23.60,23.60,23.70,23.90,23.50,23.60,23.60,23.60,23.50,23.60,23.40,23.50,23.60,23.50,23.60,23.50,23.40,23.50,23.50,23.50,23.70,23.40,23.40,23.50,23.50,23.70,23.60,23.40,23.50,23.40,23.50,23.50,23.50,23.50,23.50,23.50,23.50,23.30,23.60,23.60,23.50,23.60,23.60,23.50,23.40,23.50,23.60,23.60,23.50,23.50,23.60,23.60,23.50,23.50,23.50,23.50,23.60
24.10,23.90,23.90,24.10,24.20,24.30,24.40,24.50,24.60,25.10,25.40,26.00,26.60,27.00,27.50,27.80,28.00,28.30,28.20,28.00,28.00,28.10,28.20,28.30,28.20,28.00,28.10,28.20,28.30,28.30,28.50,28.60,28.60,28.90,28.70,28.70,29.30,29.00,29.00,29.30,29.10,29.00,28.90,28.50,27.30,26.70,26.20,25.80,25.20,24.90,25.00,25.30,25.90,27.00,27.80,28.60,29.00,29.80,30.20,30.30,30.30,30.40,30.60,30.60,30.20,30.30,30.30,30.30,30.30,30.80,31.50,32.10,32.60,33.50,34.00,34.40,34.70,34.70,34.70,33.90,33.50,32.70,32.00,31.50,31.30,31.00,30.60,30.20,29.80,29.30,29.00,28.70,28.60,28.50,28.50,28.60,28.70,28.70,29.00,29.40,29.90,30.70,31.60,32.20,32.90,33.40,33.70,33.90,34.00,34.00,33.80,33.70,33.60,33.80,33.60,33.70,33.70,33.80,33.70,33.70,33.70,33.60,33.60,33.50,33.60,33.40,33.40,33.50,33.40,33.40,33.30,33.30,33.30,33.10,33.20,33.10,33.10,33.00,32.90,33.10,33.00,33.00,33.00,32.80,32.70,32.70,32.60,32.60,32.60,32.50,32.60,32.50,32.40,32.50,32.40,32.00,32.10,32.20,32.00,32.00,32.10,32.00,32.00,31.80,31.70,31.60,31.70,31.50,31.50,31.50,31.30,31.20,31.20,31.10,31.10,31.10,31.00,30.90,31.10,30.80,30.80,30.70,30.80,30.70,30.30,30.10,30.30,29.90,30.00,29.90,29.40,29.00,28.40,28.00,27.40,26.90,26.30,25.80,25.30,24.70,24.60,24.10,24.00,23.90,23.90,23.90,24.00,23.80,23.90,23.90,23.90,24.10,23.90,23.90,23.90,24.00,23.80,23.70,23.90,23.80,24.00,23.70,23.60,23.80,23.80,23.80,23.70,23.60,23.80,23.90,23.70,23.80,23.50,23.80,23.80,23.80,23.90,23.80,23.80,23.80,23.90,23.80,23.80,23.80,23.80,23.90,23.80,24.00,23.60,23.70,23.80,23.60,23.70,23.80,23.80,23.80,23.60,23.60,23.70,23.60,23.80,23.70,23.70,23.60,23.70,23.50,23.50,23.60,23.60,23.50,23.60,23.80,23.50,23.50,23.60,23.60,23.60,23.60,23.60,23.70,23.80,23.70,23.50,23.60,23.60,23.70,23.60,23.50,23.60,23.60,23.50,23.50,23.60,23.60,23.60,23.80,23.80,23.80,23.50,23.60,23.60,23.80,23.70,23.40,23.60,23.60,23.60,23.60,23.60,23.60,23.80,23.90,23.50,23.60,23.60,23.60,23.60,23.60,23.60,23.50,23.50,23.70,23.70,23.50,23.50,23.60,23.50,23.70,23.80,23.60,23.60,23.50,23.50,23.50,23.60,23.50,23.50,23.50,23.50,23.60,23.50,23.50,23.70,23.50,23.70,23.50,23.30,23.60,23.50,23.50,23.60,23.50,23.40,23.50,23.50,23.60,23.60,23.50,23.50,23.40,23.50,23.40,23.40,23.50,23.50,23.40,23.60,23.70,23.70,23.60,23.60,23.60,23.70,23.70,23.50,23.40,23.40,23.50,23.50,23.50,23.60,23.60
24.10,24.10,24.00,24.00,24.10,24.20,24.10,24.20,24.40,24.60,24.80,25.30,25.90,26.70,27.40,27.70,28.00,28.20,28.30,28.30,28.30,28.30,28.20,28.20,28.30,28.30,28.20,28.10,28.20,28.30,28.40,28.50,28.30,28.70,28.90,28.70,29.30,29.30,29.20,29.30,29.20,29.20,29.10,28.80,28.30,27.70,26.90,26.30,25.50,25.20,25.10,24.90,25.40,26.00,26.90,27.70,28.50,29.20,29.60,29.80,30.20,30.30,30.30,30.50,30.30,30.30,30.30,30.20,30.10,30.30,30.80,31.60,32.10,32.90,33.60,34.00,34.30,34.30,34.40,33.90,33.40,32.70,32.10,31.50,31.20,30.90,30.50,30.20,29.70,29.30,29.00,28.70,28.50,28.40,28.40,28.50,28.80,28.80,29.00,29.40,30.00,30.80,31.60,32.30,32.90,33.50,33.80,33.90,33.90,34.00,34.00,33.90,33.70,33.70,33.70,33.90,33.80,33.90,33.60,33.70,33.60,33.70,33.60,33.60,33.60,33.50,33.50,33.40,33.50,33.40,33.40,33.30,33.40,33.20,33.40,33.30,33.30,33.20,33.00,33.20,33.20,33.20,32.90,32.90,32.80,32.90,32.70,32.60,32.60,32.50,32.60,32.50,32.50,32.40,32.30,32.50,32.30,32.20,32.20,32.20,32.20,32.00,31.90,31.80,31.80,31.70,31.60,31.50,31.40,31.40,31.50,31.20,31.30,31.20,30.90,31.20,30.90,31.10,30.90,30.60,30.70,30.50,30.80,30.80,30.10,30.20,30.00,29.70,29.70,29.70,29.80,29.20,28.70,28.00,27.10,26.80,26.10,25.60,25.20,24.90,24.60,24.20,24.00,23.80,23.70,23.90,23.90,24.10,24.10,23.90,23.90,23.90,23.90,24.00,23.80,23.90,23.80,23.80,23.80,23.90,23.80,23.60,23.60,23.80,23.80,23.70,23.80,23.80,23.80,23.90,24.10,23.80,23.90,23.80,23.80,23.90,23.70,23.60,23.90,23.70,23.80,23.60,23.90,23.80,23.80,23.80,23.80,23.80,23.50,23.70,23.60,23.90,23.90,23.90,23.90,23.90,23.70,23.60,23.70,23.80,23.90,23.60,23.50,23.80,23.50,23.80,23.50,23.80,23.50,23.40,23.70,23.60,23.50,23.70,23.60,23.70,23.60,23.60,23.60,23.50,23.70,23.80,23.80,23.60,23.70,23.80,23.60,23.50,23.60,23.60,23.60,23.60,23.50,23.60,23.60,23.60,23.60,23.50,23.50,23.60,23.60,23.60,23.70,23.60,23.60,23.50,23.60,23.50,23.50,23.50,23.60,23.70,23.50,23.50,23.60,23.50,23.50,23.50,23.50,23.60,23.60,23.80,23.60,23.70,23.60,23.60,23.50,23.60,23.60,23.50,23.40,23.50,23.50,23.60,23.60,23.60,23.60,23.60,23.50,23.60,23.50,23.60,23.60,23.80,23.50,23.40,23.40,23.50,23.50,23.60,23.50,23.50,23.50,23.50,23.50,23.50,23.50,23.50,23.40,23.40,23.60,23.50,23.50,23.50,23.50,23.50,23.50,23.60,23.70,23.50,23.50,23.60,23.80,23.60,23.50,23.40,23.50,23.50,23.40,23.50,23.60,23.60
24.10,24.10,24.20,24.10,23.90,24.10,24.00,23.90,24.30,24.30,24.30,24.90,25.60,26.70,27.30,27.70,28.10,28.30,28.60,28.60,28.50,28.50,28.30,28.20,28.20,28.50,28.20,28.00,28.20,28.20,28.20,28.20,28.30,28.50,28.60,28.70,29.00,29.00,29.00,29.30,29.30,29.20,29.20,29.10,28.90,28.60,27.90,27.00,26.20,25.50,25.30,25.00,25.20,25.50,26.10,26.60,27.80,28.50,29.00,29.50,29.80,30.10,30.20,30.20,30.10,30.10,30.20,30.10,30.10,30.10,30.20,30.80,31.50,32.10,33.00,33.50,34.00,34.10,34.20,33.70,33.20,32.70,32.20,31.60,31.20,31.10,30.80,30.30,29.90,29.40,28.90,28.60,28.50,28.30,28.30,28.60,28.60,28.80,29.00,29.20,29.80,30.50,31.50,32.50,32.90,33.50,33.90,34.00,34.10,34.00,34.00,33.90,33.80,33.90,33.80,33.90,33.90,34.00,33.80,33.90,33.70,33.70,33.70,33.90,33.80,33.90,33.90,33.60,33.70,33.50,33.50,33.40,33.40,33.40,33.60,33.40,33.40,33.10,33.10,33.10,33.00,33.20,33.00,32.90,32.90,33.00,32.90,32.60,32.60,32.60,32.60,32.70,32.50,32.30,32.30,32.50,32.40,32.20,32.30,32.10,32.10,32.10,31.80,31.90,31.80,31.70,31.50,31.60,31.60,31.50,31.40,31.40,31.40,31.30,31.20,31.00,31.30,30.90,31.20,30.80,30.90,30.80,30.60,30.60,30.40,30.10,30.00,30.10,29.90,29.90,29.70,29.00,28.70,27.90,27.30,27.00,26.20,25.60,25.20,24.90,24.60,24.10,23.90,24.00,23.80,24.00,23.90,23.90,23.60,23.80,23.80,24.00,23.80,23.90,24.00,23.90,23.80,23.90,23.90,23.90,23.70,23.70,23.70,23.90,23.90,23.80,23.60,23.90,23.80,23.80,23.60,23.90,23.60,23.70,23.90,23.90,23.70,23.80,23.80,23.70,23.80,23.60,23.70,23.60,23.90,23.90,23.80,23.80,23.50,23.60,23.70,23.90,23.70,23.80,23.80,24.00,23.50,23.80,23.90,23.80,23.60,23.50,23.60,23.80,23.50,23.50,23.80,23.60,23.50,23.60,23.60,23.50,23.60,23.80,23.70,23.60,23.80,23.60,23.60,23.40,23.90,23.90,23.80,23.60,23.60,23.80,23.70,23.50,23.50,23.50,23.50,23.60,23.40,23.70,23.50,23.60,23.80,24.10,23.80,23.50,23.60,23.60,23.70,23.60,23.60,23.50,23.60,23.50,23.60,23.60,23.50,23.40,23.60,23.60,23.50,23.60,23.50,23.60,23.60,23.60,23.40,23.70,23.70,23.60,23.40,23.40,23.50,23.80,23.60,23.50,23.50,23.50,23.50,23.50,23.60,23.80,23.50,23.50,23.60,23.60,23.60,23.50,23.50,23.50,23.40,23.60,23.60,23.40,23.50,23.50,23.40,23.40,23.50,23.60,23.60,23.50,23.50,23.60,23.50,23.60,23.80,23.50,23.50,23.50,23.60,23.50,23.40,23.60,23.50,23.40,23.40,23.50,23.60,23.50,23.60,23.60,23.80,23.80,23.50,23.50,23.40,23.60
24.00,24.00,23.80,23.80,23.80,23.90,24.00,23.90,24.10,24.40,24.20,24.80,25.30,26.70,27.10,27.70,28.30,28.60,28.70,29.00,28.90,28.60,28.40,28.40,28.50,28.40,28.30,28.10,28.20,28.20,28.20,28.20,28.20,28.30,28.40,28.50,28.60,28.80,28.90,29.20,29.20,29.20,29.00,29.20,29.20,29.00,28.70,28.00,27.20,26.70,26.00,25.30,25.20,25.20,25.40,25.60,26.70,27.20,28.30,28.90,29.20,29.70,29.80,29.90,30.00,30.00,30.00,30.00,30.00,30.00,30.00,30.10,30.80,31.20,32.00,33.00,33.40,33.60,33.60,33.40,33.10,32.60,32.00,31.60,31.20,30.90,30.90,30.20,29.90,29.40,29.00,28.90,28.10,28.20,28.20,28.40,28.40,28.40,28.70,29.20,29.70,30.40,31.30,32.30,33.00,33.50,33.70,33.80,34.00,34.10,34.00,33.90,33.90,33.80,34.00,34.00,34.00,34.00,33.80,33.90,34.00,33.90,33.70,33.90,33.90,33.70,33.90,33.70,33.60,33.70,33.50,33.50,33.50,33.50,33.60,33.20,33.40,33.40,33.20,33.10,33.20,33.20,33.10,33.00,32.90,32.90,33.00,32.70,32.90,32.70,32.70,32.90,32.80,32.80,32.70,32.60,32.40,32.40,32.40,32.10,32.10,32.10,32.00,31.90,32.00,31.80,31.60,31.70,31.70,31.50,31.30,31.40,31.20,31.20,31.20,30.90,31.00,31.20,30.80,30.90,30.80,30.90,30.80,30.60,30.50,30.40,30.10,30.00,29.90,30.00,29.80,29.20,28.70,27.90,27.50,26.70,26.20,25.60,25.20,24.90,24.60,24.10,24.10,23.80,23.90,23.80,23.80,24.10,23.90,24.10,24.10,23.80,23.80,23.80,23.80,23.90,23.70,23.90,23.90,23.70,23.70,23.70,23.90,23.90,23.70,23.80,23.50,23.80,23.70,23.80,23.90,23.70,23.90,23.90,23.80,23.90,23.90,23.90,23.70,23.70,23.90,23.60,23.60,23.60,23.60,23.60,23.80,23.80,23.60,23.80,23.80,23.70,23.60,23.80,23.60,23.70,23.50,23.70,23.60,23.50,23.50,23.50,23.60,23.60,23.60,23.80,23.60,23.50,23.60,23.70,23.60,23.50,23.70,23.80,23.80,23.80,23.80,23.50,23.60,23.60,23.60,23.90,23.70,23.70,23.60,23.80,23.60,23.40,23.50,23.60,23.70,23.80,23.40,23.60,23.60,23.60,23.90,23.80,23.60,23.60,23.60,23.60,23.60,23.50,23.40,23.60,23.60,23.70,23.80,23.60,23.50,23.50,23.50,23.40,23.20,23.60,23.50,23.60,23.50,23.50,23.70,23.80,23.70,23.50,23.50,23.50,23.40,23.60,23.60,23.60,23.60,23.50,23.60,23.60,23.80,23.60,23.50,23.60,23.60,23.60,23.60,23.40,23.40,23.40,23.40,23.40,23.40,23.40,23.40,23.40,23.40,23.30,23.50,23.60,23.80,23.60,23.60,23.60,23.40,23.60,23.70,23.60,23.60,23.50,23.60,23.40,23.40,23.40,23.40,23.40,23.60,23.70,23.60,23.80,23.80,23.70,23.80,23.60,23.40,23.30,23.30,23.40
23.90,23.80,24.00,24.00,23.90,23.90,24.00,24.30,24.30,24.30,24.40,24.70,25.20,26.40,27.00,27.70,28.40,28.90,29.10,29.50,29.40,28.90,29.20,29.30,28.90,28.70,28.50,28.30,28.20,28.30,28.30,28.20,28.20,28.20,28.30,28.50,28.50,28.40,28.70,28.90,29.00,29.10,29.10,29.20,29.20,29.30,29.00,28.60,28.20,27.70,26.60,25.90,25.50,25.20,25.20,25.20,25.70,26.50,27.00,28.00,28.60,29.20,29.30,29.40,29.70,29.80,29.80,29.80,29.90,29.70,29.70,29.90,30.10,30.60,31.50,32.20,32.50,33.00,33.00,33.00,32.90,32.50,32.00,31.50,31.20,31.00,30.60,29.90,29.70,29.00,28.90,28.60,28.00,28.00,28.00,28.00,28.30,28.20,28.00,28.60,29.40,30.10,31.20,32.10,32.90,33.40,33.80,34.00,34.00,34.20,34.10,34.00,34.10,34.20,34.20,34.10,34.10,34.00,34.10,33.90,34.10,34.00,34.00,33.90,33.80,33.80,33.80,33.70,33.60,33.70,33.70,33.60,33.50,33.50,33.50,33.40,33.50,33.30,33.40,33.30,33.10,33.20,33.20,33.20,33.00,33.00,32.90,33.00,32.70,32.90,33.00,32.90,32.70,32.50,32.70,32.70,32.60,32.50,32.60,32.30,32.10,32.20,32.20,32.10,32.00,31.90,31.70,31.60,31.60,31.60,31.60,31.50,31.20,31.20,31.10,30.90,31.00,30.90,31.10,31.00,30.80,30.80,30.50,30.60,30.50,30.30,30.20,30.00,29.80,30.00,29.70,29.10,28.70,28.00,27.40,26.70,26.10,25.60,25.20,24.80,24.40,24.20,23.90,23.90,23.90,24.00,23.90,23.80,24.00,23.90,23.80,23.90,24.00,24.00,23.90,23.90,23.80,23.90,23.90,23.70,23.80,23.80,23.90,23.90,23.50,23.90,23.60,23.80,23.90,23.90,23.90,23.80,23.80,23.80,23.90,23.90,23.90,23.70,23.80,23.80,23.80,23.70,23.70,23.60,23.80,23.70,23.50,23.60,23.60,23.90,23.70,23.70,23.50,23.70,23.90,23.80,23.70,23.60,23.70,23.70,23.50,23.60,23.60,23.50,23.60,23.80,23.60,23.60,23.70,23.70,23.60,23.50,23.70,23.60,23.50,23.60,23.70,23.60,23.70,23.80,23.50,23.90,23.90,23.60,23.40,23.50,23.60,23.50,23.60,23.60,23.80,23.60,23.50,23.60,23.70,23.60,23.80,23.60,23.60,23.50,23.50,23.60,23.60,23.60,23.50,23.50,23.50,23.60,23.50,23.60,23.60,23.60,23.50,23.50,23.60,23.30,23.50,23.60,23.50,23.80,23.80,23.70,23.60,23.60,23.50,23.50,23.60,23.60,23.60,23.60,23.60,23.50,23.50,23.40,23.40,23.50,23.60,23.60,23.60,23.50,23.40,23.40,23.40,23.50,23.40,23.60,23.80,23.80,23.60,23.60,23.50,23.40,23.60,23.60,23.60,23.60,23.60,23.60,23.50,23.70,23.70,23.70,23.60,23.50,23.50,23.40,23.50,23.50,23.50,23.60,23.60,23.50,23.50,23.50,23.50,23.50,23.60,23.50,23.30,23.40,23.50,23.80
23.90,23.80,23.90,24.10,24.10,24.20,24.30,24.30,24.20,24.20,24.30,24.40,25.20,26.00,27.00,27.90,28.40,28.90,29.60,29.80,30.20,30.00,30.00,29.70,29.50,29.10,28.80,28.70,28.60,28.50,28.40,28.30,28.30,28.30,28.30,28.40,28.50,28.40,28.60,28.70,28.90,28.90,28.90,29.00,29.30,29.30,29.30,29.20,28.90,28.40,27.40,26.90,26.20,25.40,25.60,25.50,25.40,25.70,26.20,27.00,28.00,28.30,28.70,29.00,29.30,29.40,29.60,29.70,29.70,29.60,29.60,29.70,29.80,30.00,30.90,31.10,31.70,32.30,32.50,32.60,32.40,32.10,31.70,31.30,31.10,30.80,30.30,29.80,29.30,28.80,28.30,28.20,27.70,27.80,27.70,27.80,27.90,27.70,27.90,28.20,28.90,29.70,30.90,31.90,32.60,33.50,33.80,34.00,34.10,34.20,34.20,34.10,34.10,34.10,34.10,34.00,34.10,34.20,34.10,34.10,34.10,34.10,34.20,34.30,33.90,33.90,34.00,33.90,33.90,33.70,34.00,33.70,33.50,33.60,33.60,33.20,33.50,33.50,33.40,33.30,33.10,33.30,33.30,33.30,33.20,33.10,33.00,32.90,33.00,33.00,32.80,32.80,32.80,32.80,32.80,32.90,32.70,32.50,32.60,32.30,32.20,32.30,32.20,32.20,32.00,32.00,31.80,31.70,31.60,31.60,31.60,31.50,31.50,31.40,31.20,31.40,31.20,30.90,30.90,30.80,30.60,30.70,30.50,30.70,30.30,30.30,30.10,30.10,29.80,29.70,29.60,29.30,28.90,28.10,27.30,26.70,26.40,25.80,25.20,24.80,24.80,24.30,23.90,23.90,23.90,23.80,23.80,23.70,23.80,24.00,24.00,23.90,23.80,24.10,23.90,23.90,23.90,23.90,23.80,23.80,23.90,23.90,23.80,23.90,23.60,23.90,23.80,23.80,23.60,23.70,23.90,23.90,23.80,23.80,23.90,23.90,23.60,23.80,23.90,23.70,23.80,23.80,23.80,23.80,23.80,23.80,23.80,23.90,23.50,23.70,23.80,23.80,23.70,23.80,23.60,23.70,23.80,23.60,23.70,23.60,23.60,23.80,23.70,23.60,23.60,23.60,23.80,23.60,23.60,23.60,23.60,23.50,23.60,23.50,23.50,23.70,23.60,23.60,23.70,23.60,23.70,23.70,23.90,23.80,23.50,23.60,23.60,23.60,23.60,23.80,23.60,23.70,23.90,23.80,23.60,23.60,23.80,23.50,23.50,23.60,23.80,23.80,23.90,23.60,23.50,23.60,23.60,23.60,23.70,23.50,23.80,23.60,23.50,23.50,23.50,23.50,23.50,23.60,23.50,23.60,23.50,23.40,23.60,23.50,23.40,23.50,23.60,23.60,23.50,23.50,23.50,23.50,23.50,23.40,23.50,23.70,23.80,23.60,23.60,23.50,23.60,23.70,23.60,23.40,23.40,23.60,23.60,23.50,23.60,23.70,23.50,23.50,23.60,23.50,23.50,23.60,23.60,23.50,23.50,23.50,23.40,23.40,23.50,23.40,23.40,23.40,23.50,23.60,23.50,23.40,23.40,23.40,23.50,23.60,23.50,23.50,23.50,23.40,23.30,23.50,23.50,23.60
24.30,23.80,23.90,24.10,24.00,24.00,24.10,24.10,24.10,24.20,24.30,24.40,25.50,26.30,27.00,27.70,28.30,29.00,29.60,30.10,30.40,30.60,30.80,30.60,30.20,29.80,29.70,29.30,29.10,28.90,28.50,28.30,28.30,28.30,28.00,28.00,28.20,28.60,28.50,28.60,28.90,28.90,29.00,29.00,29.20,29.10,29.10,29.20,29.20,28.90,28.30,27.40,26.90,26.60,25.90,25.60,25.40,25.20,25.60,26.10,26.70,27.30,27.70,28.30,28.60,29.00,29.10,29.20,29.30,29.30,29.20,29.30,29.50,29.40,29.80,30.30,31.00,31.50,31.80,32.00,32.00,31.60,31.30,31.00,30.70,30.30,29.80,29.50,28.90,28.40,28.00,27.70,27.40,27.40,27.60,27.60,27.40,27.30,27.40,27.70,28.20,29.30,30.20,31.40,32.10,33.10,33.50,34.00,34.20,34.30,34.30,34.20,34.20,34.30,34.20,34.20,34.30,34.40,34.30,34.20,34.20,34.20,34.20,34.30,34.10,33.90,34.10,34.10,33.90,33.70,34.00,33.70,33.70,33.70,33.60,33.50,33.70,33.60,33.50,33.30,33.20,33.30,33.30,33.20,33.20,33.30,33.10,33.00,33.00,33.10,33.10,32.90,32.70,32.80,33.00,32.90,32.60,32.60,32.60,32.40,32.50,32.30,32.20,32.20,32.00,31.80,31.70,31.80,31.70,31.60,31.30,31.40,31.50,31.20,31.30,31.20,31.20,31.20,31.10,31.00,30.90,30.80,30.80,30.60,30.30,30.20,30.00,30.00,30.00,29.70,29.70,29.40,28.90,28.20,27.40,26.80,26.20,25.70,25.40,24.80,24.60,24.30,24.20,23.90,24.00,23.90,24.00,23.60,23.90,23.90,23.90,23.90,23.60,23.90,23.80,24.10,23.70,23.80,23.80,23.90,23.90,24.00,23.70,23.70,23.80,23.60,23.80,23.60,23.70,23.60,23.80,23.60,23.70,23.80,23.50,23.50,23.60,23.80,23.90,23.70,23.60,23.70,23.80,23.80,23.80,23.70,23.60,23.60,23.70,23.80,23.80,23.90,23.80,23.60,23.60,23.90,23.70,23.50,23.90,23.80,23.60,23.70,23.80,23.70,23.60,23.50,23.60,23.70,23.50,23.60,23.60,23.50,23.60,23.60,23.60,23.80,23.60,23.70,23.50,23.50,23.70,23.70,23.70,23.60,23.60,23.70,23.80,23.90,23.80,23.80,23.60,23.60,23.40,23.60,23.60,23.50,23.70,23.50,23.60,23.70,23.40,23.80,23.70,23.50,23.60,23.60,23.60,23.70,23.70,23.60,23.80,23.60,23.60,23.60,23.70,23.50,23.40,23.60,23.50,23.60,23.50,23.50,23.50,23.60,23.40,23.70,23.70,23.70,23.80,23.30,23.60,23.60,23.50,23.40,23.70,23.70,23.60,23.40,23.60,23.60,23.60,23.50,23.60,23.50,23.50,23.60,23.60,23.80,23.80,23.40,23.50,23.50,23.50,23.50,23.60,23.60,23.20,23.50,23.50,23.50,23.40,23.30,23.10,23.40,23.40,23.50,23.50,23.50,23.60,23.60,23.50,23.30,23.50,23.60,23.50,23.50,23.50,23.40,23.40,23.50,23.60,23.60
24.20,24.10,23.90,24.10,24.20,24.20,24.20,24.30,24.30,24.30,24.40,24.60,25.50,26.10,27.00,27.60,28.30,29.20,29.80,30.50,30.90,31.30,31.50,31.70,31.20,30.90,30.70,30.10,29.60,29.30,28.90,28.60,28.50,28.60,28.30,28.10,28.00,28.50,28.50,28.30,28.50,28.60,28.80,28.90,29.00,29.20,29.40,29.40,29.30,29.00,28.90,28.60,28.00,27.30,26.90,26.30,25.80,25.40,25.30,25.40,25.70,26.30,26.90,27.10,27.70,28.30,28.50,28.60,28.70,28.80,28.70,29.00,29.10,29.20,29.30,29.40,30.10,30.50,30.90,31.30,31.10,30.50,30.60,30.30,30.10,29.70,29.50,29.30,28.70,27.90,27.60,27.30,27.10,27.00,26.90,27.00,27.00,27.10,26.90,27.10,27.60,28.50,29.40,30.80,31.70,32.40,33.00,33.90,34.30,34.40,34.30,34.40,34.20,34.30,34.50,34.30,34.30,34.50,34.50,34.40,34.60,34.40,34.20,34.30,34.10,34.20,34.20,33.90,34.00,33.90,33.90,33.70,33.70,33.60,33.60,33.70,33.70,33.60,33.50,33.50,33.30,33.30,33.40,33.30,33.40,33.40,33.40,33.40,33.20,33.10,33.00,33.00,33.10,33.10,33.00,33.00,32.90,32.70,32.80,32.60,32.60,32.20,32.20,32.30,32.10,32.00,32.00,31.80,31.70,31.70,31.30,31.50,31.30,31.60,31.30,31.40,31.10,31.10,30.90,30.90,30.90,30.70,30.70,30.60,30.30,30.20,30.00,30.10,29.80,30.00,29.80,29.40,28.90,28.20,27.40,26.70,26.20,25.70,25.10,24.80,24.40,24.10,24.00,23.80,23.80,23.80,23.80,23.80,23.70,23.70,23.70,24.10,23.70,23.80,23.80,24.00,23.70,23.90,23.80,23.80,23.90,23.90,23.70,23.70,23.80,23.60,23.80,23.70,23.70,23.80,23.60,23.80,23.60,23.60,24.10,23.80,23.80,23.80,23.80,23.60,23.60,23.60,23.60,23.60,23.60,23.60,23.50,23.60,23.60,23.80,23.70,23.70,23.70,23.60,23.60,23.90,23.90,23.80,23.70,23.80,23.70,23.60,23.80,23.70,23.70,23.80,23.70,23.80,23.60,23.70,23.60,23.60,23.70,23.60,23.60,23.70,23.60,23.60,23.70,23.50,23.70,23.80,23.60,23.50,23.70,23.60,23.60,23.60,23.60,23.70,23.70,23.70,23.60,23.50,23.40,23.30,23.60,23.50,23.70,23.60,23.60,23.50,23.60,23.50,23.70,23.60,23.60,23.60,23.50,23.50,23.60,23.60,23.50,23.60,23.60,23.50,23.50,23.60,23.60,23.60,23.60,23.60,23.60,23.50,23.50,23.80,23.80,23.80,23.80,23.50,23.10,23.40,23.40,23.40,23.60,23.70,23.70,23.60,23.60,23.60,23.60,23.70,23.60,23.40,23.40,23.60,23.60,23.70,23.70,23.90,23.60,23.60,23.50,23.50,23.50,23.60,23.60,23.50,23.50,23.50,23.50,23.50,23.50,23.50,23.50,23.60,23.40,23.50,23.50,23.40,23.40,23.60,23.50,23.50,23.40,23.50,23.50,23.40,23.40,23.50,23.60,23.60
24.00,24.10,24.10,23.90,24.10,24.20,24.10,24.20,24.40,24.30,24.40,24.80,25.60,26.00,27.10,27.60,28.20,29.00,29.90,30.60,31.50,31.80,32.30,32.20,32.30,32.30,31.50,30.90,30.50,29.80,29.40,29.20,28.70,28.60,28.50,28.30,28.20,28.20,28.30,28.30,28.50,28.50,28.50,28.60,29.00,29.20,29.20,29.30,29.30,29.20,29.10,29.10,28.90,28.10,27.70,27.10,26.60,25.70,25.50,25.50,25.50,25.60,26.00,26.20,27.00,27.00,27.20,27.60,28.10,28.20,28.20,28.60,28.50,28.30,28.50,28.80,29.00,29.40,29.70,30.10,30.10,30.00,30.00,29.60,29.30,29.00,29.00,28.50,27.90,27.40,27.10,27.00,26.70,26.70,26.70,26.60,26.50,26.60,26.90,26.90,27.10,27.80,28.70,29.80,30.90,32.00,32.90,33.50,34.10,34.10,34.30,34.50,34.30,34.60,34.40,34.30,34.50,34.50,34.50,34.50,34.40,34.50,34.50,34.50,34.30,34.20,34.10,34.10,34.20,33.90,33.90,33.90,33.80,33.80,33.60,33.60,33.70,33.70,33.70,33.60,33.60,33.40,33.40,33.40,33.50,33.20,33.20,33.30,33.10,33.20,33.00,33.10,33.30,33.00,33.00,32.90,32.90,32.90,32.60,32.70,32.60,32.40,32.30,32.50,32.20,32.00,31.80,31.80,31.70,31.50,31.60,31.60,31.60,31.40,31.30,31.30,31.30,31.00,31.10,30.90,31.00,30.80,30.70,30.30,30.40,30.20,30.10,30.10,30.00,30.00,29.80,29.40,28.90,28.20,27.60,26.90,26.20,25.50,25.50,25.10,24.30,24.30,24.10,23.80,24.10,24.10,24.00,23.90,23.90,23.80,23.80,23.90,23.60,23.90,23.90,23.90,23.60,23.90,23.80,23.90,23.80,23.80,23.80,23.80,23.70,23.90,23.80,23.90,23.80,23.80,23.70,23.90,23.80,23.90,23.90,23.80,23.70,23.80,23.70,23.70,23.80,23.80,23.60,23.60,23.80,23.70,23.50,23.50,23.60,23.60,23.60,23.50,23.80,23.70,23.60,23.70,23.70,23.70,23.60,23.70,23.60,23.50,23.70,23.60,23.80,23.70,23.50,23.60,23.90,23.60,23.60,23.80,23.80,23.70,23.70,23.70,23.80,23.90,23.60,23.70,23.70,23.60,23.50,23.60,23.60,23.60,23.50,23.60,23.60,23.50,23.60,23.80,23.70,23.50,23.60,23.60,23.60,23.50,23.70,23.70,23.60,23.50,23.40,23.80,23.80,23.60,23.70,23.60,23.40,23.50,23.60,23.60,23.50,23.60,23.60,23.60,23.60,23.60,23.70,23.50,23.60,23.70,23.70,23.60,23.40,23.50,23.80,23.70,23.60,23.50,23.60,23.40,23.40,23.50,23.50,23.70,23.50,23.30,23.40,23.60,23.70,23.60,23.60,23.40,23.40,23.40,23.50,23.50,23.70,23.80,23.60,23.60,23.50,23.50,23.50,23.60,23.60,23.40,23.50,23.60,23.50,23.50,23.50,23.30,23.40,23.60,23.50,23.50,23.40,23.30,23.40,23.60,23.60,23.50,23.30,23.40,23.40,23.40,23.30,23.30,23.60,23.60
23.80,23.90,23.90,24.00,24.10,24.20,24.10,24.00,24.10,24.30,24.40,24.90,25.40,26.10,27.00,27.90,28.70,29.30,29.80,30.90,31.70,32.20,32.90,33.20,33.40,33.10,32.50,32.00,31.50,30.70,30.40,30.10,29.50,29.20,28.80,28.60,28.40,28.30,28.30,28.30,28.40,28.40,28.30,28.70,28.60,28.70,29.00,29.20,29.30,29.30,29.30,29.40,29.20,28.90,28.60,28.00,27.10,26.90,26.60,26.20,25.80,25.50,25.50,25.70,26.00,26.10,26.20,26.80,27.30,27.60,27.50,27.70,27.70,27.70,27.90,28.00,28.00,28.20,28.70,29.00,28.70,29.10,29.00,28.70,28.70,28.70,28.20,27.70,27.30,26.90,26.80,26.70,26.40,26.50,26.40,26.20,26.40,26.40,26.50,26.70,26.90,27.30,28.00,29.00,30.10,31.30,32.60,33.40,34.00,34.10,34.40,34.60,34.40,34.60,34.40,34.60,34.60,34.60,34.60,34.60,34.60,34.50,34.50,34.20,34.40,34.20,34.30,34.10,34.10,34.00,34.00,34.00,33.70,33.80,33.80,33.80,33.70,33.80,33.70,33.60,33.60,33.60,33.50,33.50,33.50,33.40,33.20,33.50,33.50,33.10,33.20,33.20,33.20,33.10,33.10,33.00,33.00,33.00,32.60,32.70,32.60,32.60,32.30,32.30,32.30,32.00,31.90,32.00,31.80,31.50,31.70,31.70,31.30,31.50,31.40,31.30,31.10,31.30,31.10,31.00,30.90,30.90,30.60,30.50,30.40,30.20,30.20,30.10,29.80,30.00,29.80,29.30,28.80,28.10,27.30,26.90,26.10,25.60,25.30,24.80,24.50,24.40,24.10,23.90,23.90,24.00,23.90,23.90,23.80,24.00,23.90,23.80,23.80,23.90,23.80,23.80,23.60,23.80,23.80,23.60,23.90,23.80,23.60,23.80,23.80,23.90,23.80,23.80,23.80,23.80,23.60,23.80,23.70,23.60,23.80,23.80,23.90,23.80,23.80,23.80,23.90,23.90,23.70,23.70,23.80,23.60,23.80,23.60,23.70,23.70,23.80,23.60,23.80,23.70,23.60,23.60,23.80,23.70,23.80,23.80,23.40,23.50,23.60,23.60,23.60,23.50,23.60,23.70,23.80,23.60,23.60,23.80,23.70,23.60,23.70,23.70,23.70,23.70,23.60,23.60,23.50,23.50,23.50,23.60,23.60,23.60,23.80,23.80,23.80,23.60,23.70,23.80,23.60,23.60,23.60,23.60,23.50,23.50,23.70,23.80,23.80,23.60,23.60,23.90,23.60,23.60,23.60,23.60,23.60,23.60,23.80,23.90,23.50,23.80,23.60,23.50,23.50,23.70,23.70,23.40,23.60,23.70,23.50,23.50,23.70,23.80,23.60,23.60,23.60,23.60,23.50,23.50,23.50,23.50,23.60,23.60,23.50,23.60,23.50,23.50,23.50,23.50,23.50,23.50,23.50,23.60,23.60,23.50,23.60,23.50,23.50,23.50,23.50,23.50,23.50,23.60,23.60,23.50,23.60,23.50,23.30,23.50,23.50,23.40,23.60,23.60,23.40,23.40,23.40,23.40,23.50,23.50,23.80,23.50,23.20,23.40,23.40,23.30,23.40,23.40,23.20,23.40
24.10,24.10,24.10,24.00,23.90,24.20,24.20,24.10,24.10,24.20,24.40,24.90,25.20,26.10,26.90,27.70,28.60,29.30,29.70,31.10,31.80,32.70,33.50,33.90,33.90,33.90,33.50,33.20,32.60,32.10,31.60,30.80,30.30,30.00,29.60,28.90,28.80,28.70,28.60,28.30,28.30,28.30,28.30,28.60,28.60,28.60,28.70,29.10,29.30,29.30,29.20,29.30,29.30,29.20,29.00,29.00,28.00,27.90,27.50,26.80,26.20,25.90,25.60,25.50,25.60,25.80,25.90,26.00,26.60,26.90,27.00,27.00,26.90,27.00,27.30,27.40,27.20,27.40,27.40,27.90,27.90,28.20,28.00,28.00,28.00,27.80,27.30,26.90,26.70,26.70,26.40,26.40,26.20,26.20,26.20,26.40,26.40,26.60,26.60,26.70,26.90,27.00,27.50,28.20,29.20,30.50,31.80,33.00,33.60,34.00,34.40,34.50,34.70,34.60,34.80,34.70,34.70,34.70,34.70,34.60,34.60,34.70,34.50,34.40,34.60,34.40,34.30,34.30,34.10,34.10,34.20,34.00,33.80,34.00,34.20,33.90,33.50,33.50,33.70,33.50,33.60,33.70,33.50,33.60,33.70,33.70,33.70,33.60,33.60,33.30,33.30,33.30,33.20,33.20,33.20,33.20,33.00,33.00,32.80,32.90,32.70,32.60,32.50,32.20,32.40,32.10,32.00,31.70,31.90,31.70,31.60,31.50,31.60,31.50,31.50,31.30,31.40,31.20,31.10,31.00,31.10,31.00,30.60,30.60,30.50,30.30,30.10,29.90,29.70,30.00,30.00,29.30,28.90,28.10,27.60,26.90,26.30,25.80,25.10,24.90,24.60,24.10,24.10,24.00,24.10,24.00,23.80,23.60,23.90,23.70,23.80,23.60,23.90,23.90,23.80,23.80,23.80,23.70,23.80,23.70,23.80,23.60,23.60,23.80,23.60,23.80,23.60,23.60,23.80,24.00,23.80,23.70,23.60,23.60,23.80,23.90,23.80,23.80,23.90,23.90,23.70,23.80,23.80,23.70,23.80,23.50,23.60,23.50,23.70,23.80,23.80,23.50,23.50,23.60,23.70,23.70,23.80,23.80,23.80,23.60,23.60,23.60,23.60,23.50,23.50,23.50,23.70,23.60,23.60,23.90,23.40,23.80,23.60,23.70,23.70,23.70,23.70,23.60,23.70,23.80,23.60,23.70,23.60,23.60,23.60,23.60,23.70,23.60,23.60,23.70,23.60,23.80,23.60,23.60,23.60,23.80,23.60,23.60,23.70,23.80,23.70,23.70,23.70,23.60,23.50,23.80,23.50,23.80,23.80,23.60,23.50,23.60,23.60,23.80,23.60,23.50,23.60,23.60,23.60,23.70,23.80,23.60,23.50,23.60,23.50,23.60,23.60,23.50,23.60,23.60,23.50,23.60,23.50,23.60,23.60,23.50,23.60,23.40,23.60,23.80,23.50,23.50,23.50,23.50,23.60,23.60,23.60,23.50,23.50,23.40,23.40,23.40,23.50,23.50,23.40,23.50,23.50,23.60,23.40,23.50,23.80,23.60,23.50,23.50,23.60,23.50,23.60,23.40,23.50,23.50,23.50,23.60,23.80,23.60,23.60,23.40,23.40,23.40,23.40,23.40,23.50,23.50
24.20,24.20,24.10,24.00,23.90,24.00,24.10,24.20,24.10,24.10,24.30,24.70,25.10,26.10,26.90,27.60,28.70,29.20,30.00,30.90,31.70,32.50,33.30,33.90,34.40,34.50,34.20,34.00,33.70,33.50,32.70,32.00,31.20,30.50,30.10,29.60,29.40,29.20,28.90,28.60,28.50,28.60,28.60,28.60,28.60,28.60,28.50,28.80,28.90,28.90,29.30,29.20,29.40,29.40,29.30,29.20,29.00,28.60,28.30,27.70,26.90,26.70,26.30,26.10,26.00,25.80,25.80,25.70,25.90,26.20,26.10,26.20,26.20,26.40,26.50,26.70,26.40,26.60,26.70,26.60,27.10,27.20,27.30,27.30,27.20,27.00,27.00,26.60,26.50,26.40,26.10,26.10,26.20,25.90,26.40,26.30,26.20,26.80,27.10,27.10,27.40,27.10,27.00,27.40,28.30,29.70,31.10,32.50,33.30,33.90,34.20,34.60,34.80,34.60,34.70,34.70,34.80,34.80,34.80,34.80,34.60,34.80,34.50,34.40,34.50,34.50,34.40,34.40,34.30,34.20,34.20,34.10,34.00,34.10,34.10,33.90,33.80,33.70,33.90,33.70,33.70,33.70,33.60,33.60,33.70,33.70,33.60,33.70,33.40,33.60,33.40,33.60,33.50,33.40,33.20,33.20,33.00,33.00,33.00,33.00,32.70,32.60,32.70,32.50,32.20,32.20,32.20,31.80,31.90,31.80,31.60,31.60,31.60,31.60,31.60,31.10,31.20,31.20,31.30,31.20,31.20,31.00,30.80,30.70,30.30,30.20,30.10,30.10,30.10,30.10,29.70,29.40,28.70,28.10,27.40,26.70,26.30,25.90,25.50,24.90,24.30,24.10,23.90,23.80,23.90,24.10,24.00,23.90,23.80,23.90,24.10,23.80,23.90,23.90,23.80,24.10,23.80,23.90,23.80,23.80,23.60,23.70,23.70,23.90,23.70,23.80,23.70,23.80,23.70,23.70,23.60,23.90,23.90,23.80,23.50,23.80,23.60,23.80,23.90,23.70,23.60,23.80,23.80,23.60,23.70,23.50,23.80,23.60,23.80,23.60,23.60,23.80,23.70,23.60,23.70,23.60,23.60,23.90,23.60,23.50,23.50,23.60,23.70,23.60,23.50,23.60,23.60,23.50,23.80,23.60,23.60,23.60,23.60,23.70,23.60,23.80,23.70,23.70,23.60,23.50,23.60,23.60,23.80,23.70,23.60,23.60,23.60,23.90,23.50,23.50,23.60,23.80,23.60,23.60,23.60,23.80,23.60,23.50,23.70,23.70,23.80,23.80,23.60,23.50,23.70,23.60,23.60,23.80,23.60,23.70,23.60,23.50,23.60,23.70,23.60,23.60,23.60,23.70,23.60,23.50,23.50,23.70,23.60,23.60,23.70,23.70,23.60,23.50,23.60,23.50,23.50,23.60,23.30,23.50,23.60,23.50,23.50,23.40,23.60,23.50,23.20,23.40,23.50,23.50,23.50,23.60,23.50,23.50,23.50,23.50,23.50,23.50,23.40,23.40,23.60,23.50,23.60,23.60,23.50,23.60,23.50,23.20,23.40,23.50,23.40,23.50,23.60,23.50,23.60,23.60,23.60,23.80,23.70,23.40,23.40,23.50,23.60,23.50,23.40,23.50,23.60,23.40
24.20,24.10,24.10,24.10,24.10,24.30,24.30,24.20,24.30,24.10,24.30,24.80,25.20,26.10,26.90,27.80,28.60,29.10,30.00,31.00,31.90,32.70,33.30,33.50,34.50,34.60,34.70,34.60,34.50,34.20,33.60,33.00,32.30,31.70,31.10,30.70,30.10,29.80,29.30,29.00,28.80,28.60,28.50,28.50,28.50,28.30,28.50,28.60,28.70,28.90,29.10,29.10,29.40,29.70,29.40,29.50,29.50,29.40,29.00,28.70,27.90,27.40,27.10,26.90,26.50,26.20,25.90,25.90,25.60,25.90,25.90,25.70,25.90,26.00,26.00,26.20,26.20,26.20,26.40,26.30,26.50,26.70,26.60,26.60,26.70,26.60,26.50,26.60,26.60,26.10,26.10,26.10,26.10,26.20,26.20,26.60,26.70,27.30,27.60,27.70,28.10,27.70,27.50,27.20,27.70,29.00,30.50,32.10,33.00,33.90,34.40,34.80,35.00,35.10,35.00,34.90,35.00,34.90,34.90,34.90,34.80,34.90,34.80,34.70,34.80,34.70,34.60,34.60,34.40,34.20,34.40,34.10,34.10,34.10,34.10,34.20,34.00,33.90,33.80,34.00,33.90,33.80,33.60,33.60,33.70,33.60,33.50,33.50,33.50,33.60,33.50,33.50,33.40,33.40,33.40,33.30,33.20,33.10,33.10,33.00,32.80,32.70,32.70,32.60,32.30,32.20,32.00,32.00,32.00,31.90,31.70,31.80,31.70,31.50,31.30,31.60,31.20,31.40,31.20,31.00,31.30,31.10,31.00,30.50,30.50,30.20,30.20,30.20,30.10,30.00,29.80,29.60,28.80,28.10,27.60,26.70,26.20,25.70,25.30,24.90,24.40,24.10,23.90,24.00,23.90,23.90,23.90,24.10,23.90,23.80,23.90,23.80,23.90,23.90,23.90,23.90,23.90,23.80,23.80,23.80,23.70,23.80,23.70,23.80,23.90,23.70,23.80,23.80,23.60,23.70,23.70,23.80,23.70,23.50,23.80,23.80,23.90,23.60,23.80,23.60,23.60,23.70,23.80,23.60,23.50,23.50,23.60,23.60,23.60,23.60,23.70,23.70,23.80,23.70,23.60,23.60,23.60,23.70,23.90,23.50,23.50,23.50,23.50,23.50,23.60,23.80,23.60,23.50,23.90,23.80,23.60,23.50,23.60,23.60,23.60,23.80,23.50,23.60,23.60,23.80,23.60,23.60,23.60,23.60,23.70,23.60,23.70,23.80,23.60,23.90,23.90,23.70,23.60,23.80,23.70,23.80,23.70,23.60,23.70,23.80,23.80,23.80,23.70,23.80,23.80,23.60,23.60,23.70,23.50,23.70,23.60,23.50,23.50,23.60,23.60,23.60,23.60,23.70,23.60,23.80,23.80,23.50,23.60,23.60,23.60,23.50,23.50,23.50,23.60,23.50,23.50,23.60,23.40,23.50,23.50,23.50,23.50,23.60,23.50,23.50,23.50,23.70,23.50,23.40,23.50,23.60,23.60,23.60,23.60,23.60,23.60,23.60,23.40,23.50,23.50,23.50,23.40,23.50,23.60,23.60,23.60,23.50,23.50,23.50,23.40,23.50,23.60,23.40,23.40,23.40,23.50,23.50,23.50,23.40,23.50,23.60,23.50,23.40,23.40,23.50,23.50,23.40
24.30,23.90,24.00,24.10,24.20,24.20,24.30,24.30,24.30,24.50,24.40,24.60,25.00,25.90,26.40,28.00,28.60,29.10,30.30,31.00,31.60,32.90,33.20,33.60,34.40,34.60,34.80,34.70,34.70,34.60,34.30,33.70,33.40,33.10,32.60,31.80,31.10,30.30,29.80,29.60,29.20,28.80,28.70,28.60,28.60,28.30,28.30,28.50,28.70,28.80,28.90,29.00,29.20,29.30,29.30,29.50,29.50,29.50,29.40,29.30,28.70,28.40,28.20,27.90,27.30,26.80,26.50,26.40,26.10,26.10,26.10,25.90,25.90,25.90,26.20,26.00,26.10,26.20,26.40,26.20,26.20,26.50,26.60,26.80,26.70,26.90,26.80,26.90,26.90,26.40,26.50,26.50,26.40,26.80,26.90,27.10,27.30,27.80,28.10,28.60,28.90,28.80,28.30,27.40,27.40,28.20,29.70,31.40,32.80,33.90,34.50,34.80,35.00,35.10,35.10,35.10,35.10,35.20,35.10,35.20,35.00,35.00,35.00,34.90,34.90,34.60,34.60,34.60,34.50,34.50,34.30,34.40,34.40,34.10,34.20,34.20,34.10,34.00,34.20,33.90,34.00,33.90,33.90,33.70,33.90,33.60,33.70,33.50,33.60,33.60,33.40,33.60,33.40,33.50,33.40,33.40,33.40,33.20,33.20,32.90,32.90,32.70,32.60,32.60,32.50,32.40,32.30,32.10,32.00,31.90,31.80,31.80,31.50,31.60,31.60,31.30,31.40,31.40,31.30,31.00,30.80,30.80,30.90,30.80,30.40,30.20,30.10,30.20,30.10,30.10,29.90,29.40,28.70,28.10,27.60,27.00,26.30,25.80,25.40,24.80,24.50,24.30,24.00,24.00,23.90,23.80,24.10,23.70,23.80,23.80,23.80,23.90,23.70,23.70,23.70,23.90,23.80,23.80,24.00,23.80,23.60,23.80,23.80,23.60,23.80,23.80,23.90,23.80,23.80,23.80,23.80,23.80,23.80,23.70,23.80,23.80,23.70,23.80,23.70,23.80,23.60,23.60,23.70,23.70,23.70,23.90,23.70,23.60,23.60,23.60,23.70,23.70,23.80,23.70,23.80,23.80,23.80,23.40,23.80,23.80,23.60,23.80,23.60,23.50,23.60,23.80,23.60,23.60,23.80,23.80,23.90,24.00,23.90,23.70,23.60,23.60,23.60,23.60,23.60,23.80,23.60,23.60,23.50,23.70,23.60,23.60,23.70,23.80,23.70,23.60,23.70,23.90,23.60,23.70,23.60,23.80,23.90,23.60,23.60,23.70,23.80,23.80,23.80,23.80,23.60,23.60,23.70,23.60,23.60,23.50,23.60,23.40,23.60,23.70,23.50,23.50,23.50,23.60,23.60,23.60,23.60,23.60,23.50,23.60,23.60,23.60,23.60,23.40,23.40,23.40,23.50,23.50,23.50,23.50,23.50,23.60,23.70,23.80,23.50,23.50,23.50,23.60,23.50,23.60,23.70,23.60,23.50,23.50,23.50,23.40,23.50,23.50,23.50,23.50,23.50,23.50,23.60,23.60,23.40,23.60,23.50,23.50,23.40,23.50,23.60,23.50,23.40,23.30,23.40,23.40,23.50,23.50,23.60,23.60,23.70,23.70,23.60,23.80,23.60,23.50,23.50,23.50
24.20,23.90,24.20,24.30,24.20,24.30,24.30,24.30,24.40,24.60,24.60,24.60,25.20,25.80,26.50,27.70,28.50,29.00,30.10,30.80,31.60,33.00,33.20,33.80,34.30,34.40,34.50,34.90,34.90,35.00,34.70,34.50,34.20,33.60,33.20,32.70,32.20,31.20,30.70,30.40,30.00,29.30,29.00,28.80,28.90,28.60,28.50,28.40,28.40,28.70,28.70,28.90,29.20,29.20,29.30,29.40,29.50,29.50,29.60,29.40,29.20,29.10,28.90,28.50,28.20,27.60,27.40,27.00,26.90,26.70,26.70,26.60,26.60,26.30,26.50,26.40,26.60,26.60,26.70,26.70,26.60,26.80,27.00,27.00,27.20,27.40,27.40,27.20,27.30,27.00,26.90,27.10,27.10,27.50,27.60,27.60,27.90,28.20,28.70,29.30,29.60,29.70,29.10,28.00,27.30,27.70,29.30,31.10,32.60,33.70,34.50,35.00,35.00,35.40,35.40,35.10,35.10,35.30,35.30,35.30,35.30,35.10,35.00,34.90,34.90,34.90,34.90,34.80,34.60,34.50,34.40,34.40,34.20,34.40,34.40,34.20,34.20,34.20,34.20,33.90,34.00,34.00,34.00,33.90,34.00,33.90,33.90,33.70,33.60,33.70,33.50,33.50,33.50,33.60,33.40,33.50,33.40,33.20,33.10,33.00,33.00,32.70,32.70,32.60,32.60,32.50,32.30,32.20,32.00,32.00,31.70,31.70,31.70,31.60,31.30,31.30,31.30,31.30,31.20,31.20,31.20,30.90,30.90,30.60,30.50,30.40,30.20,30.00,30.10,30.20,29.90,29.60,28.70,27.90,27.40,26.90,26.40,25.80,25.10,25.00,24.60,24.30,24.10,24.10,23.90,23.90,23.70,23.80,24.00,24.10,23.70,23.80,23.80,23.90,23.60,23.60,23.60,23.60,23.80,23.90,23.60,23.90,23.80,23.60,23.90,23.90,23.90,23.70,23.60,23.50,23.70,23.60,23.80,23.60,24.10,23.90,23.60,23.70,23.80,23.80,23.60,23.60,23.70,23.80,23.90,23.50,23.60,23.70,24.00,23.70,23.80,23.60,23.60,23.60,23.80,23.70,23.70,23.50,23.60,23.60,23.60,23.60,23.60,23.60,23.60,23.60,23.70,23.70,23.60,23.50,23.60,23.80,23.60,23.50,23.70,23.60,23.90,23.60,23.50,23.80,23.80,23.80,23.90,23.80,23.60,23.60,23.60,24.00,23.60,23.50,23.80,23.90,23.60,23.60,23.60,23.70,23.60,23.60,23.90,23.60,23.80,23.90,23.80,23.60,23.50,23.60,23.70,23.50,23.40,23.50,23.60,23.50,23.50,23.60,23.60,23.50,23.50,23.60,23.50,23.50,23.70,23.60,23.40,23.60,23.60,23.70,23.60,23.80,23.90,23.50,23.50,23.60,23.60,23.60,23.50,23.60,23.60,23.60,23.70,23.60,23.50,23.40,23.50,23.50,23.50,23.50,23.40,23.50,23.50,23.40,23.40,23.50,23.50,23.50,23.50,23.40,23.50,23.40,23.40,23.50,23.50,23.40,23.60,23.60,23.40,23.40,23.40,23.50,23.40,23.50,23.50,23.80,23.70,23.50,23.60,23.60,23.50,23.60,23.70,23.50,23.60,23.70
24.40,24.30,24.20,24.30,24.30,24.30,24.40,24.30,24.20,24.30,24.40,24.60,25.50,25.80,26.70,27.70,28.50,29.20,30.20,30.60,31.60,32.60,33.40,34.00,34.40,34.60,34.60,34.80,35.00,35.10,35.00,34.80,34.60,34.50,34.10,33.60,33.10,32.60,32.00,31.50,30.60,30.10,29.60,29.30,29.00,28.90,28.70,28.60,28.60,28.60,28.60,28.60,28.50,28.80,29.10,29.20,29.20,29.40,29.40,29.40,29.30,29.30,29.20,28.90,28.70,28.40,28.00,27.90,27.70,27.60,27.30,27.40,27.30,27.10,26.90,26.90,27.10,27.20,27.30,27.40,27.30,27.60,27.60,27.90,28.50,28.20,28.20,27.90,28.00,27.60,27.40,27.60,27.50,27.40,27.70,28.00,28.30,28.50,29.20,29.40,30.00,30.30,29.80,28.30,27.50,27.60,28.90,30.80,32.30,33.60,34.50,35.00,35.40,35.50,35.40,35.30,35.30,35.30,35.40,35.50,35.40,35.30,35.20,35.40,35.10,35.30,35.00,34.90,34.90,34.60,34.60,34.50,34.20,34.50,34.20,34.40,34.30,34.30,34.20,34.10,34.20,34.10,33.90,34.00,34.00,34.10,33.90,34.00,33.90,33.70,33.50,33.90,33.70,33.70,33.60,33.60,33.40,33.40,33.20,33.20,33.10,32.90,32.70,32.70,32.60,32.50,32.40,32.20,32.00,32.00,32.00,31.80,31.90,31.50,31.80,31.40,31.20,31.20,31.30,31.10,30.80,30.90,30.80,30.80,30.50,30.20,30.20,30.00,30.10,30.00,30.00,29.70,28.90,28.20,27.50,26.90,26.20,25.60,25.40,25.10,24.50,24.10,24.00,23.80,23.90,23.90,23.90,23.80,23.90,23.80,23.80,23.80,23.80,23.60,23.80,23.90,23.80,23.80,23.80,23.90,23.70,23.90,23.80,23.80,23.90,23.90,23.90,23.80,23.70,23.90,23.90,23.80,23.70,23.90,23.90,23.70,23.80,23.60,23.80,23.60,23.60,23.80,23.80,23.60,23.80,23.60,23.60,23.70,23.80,23.70,23.60,23.70,23.80,23.60,23.60,23.80,23.80,23.50,23.60,23.80,23.80,23.70,23.70,23.40,23.60,23.60,23.80,23.80,23.70,23.70,23.70,23.80,23.80,23.60,23.80,23.60,23.80,23.60,23.80,23.60,23.80,23.80,23.60,23.50,23.60,23.60,23.80,23.80,23.60,23.60,23.50,23.70,23.60,23.60,23.60,23.80,23.80,23.60,23.60,23.80,23.60,23.90,23.80,23.70,23.70,23.70,23.60,23.50,23.60,23.60,23.60,23.50,23.70,23.80,23.70,23.60,23.50,23.70,23.40,23.50,23.60,23.50,23.50,23.50,23.60,23.50,23.50,23.50,23.50,23.50,23.50,23.60,23.60,23.60,23.50,23.40,23.50,23.60,23.50,23.60,23.50,23.50,23.70,23.40,23.50,23.50,23.50,23.50,23.50,23.50,23.50,23.50,23.50,23.50,23.40,23.40,23.60,23.50,23.50,23.50,23.50,23.60,23.80,23.60,23.60,23.50,23.60,23.60,23.50,23.50,23.40,23.70,23.70,23.60,23.40,23.30,23.20,23.60,23.60,23.60,23.60,23.60
24.20,24.30,24.30,24.30,24.20,24.30,24.20,24.30,24.40,24.40,24.40,24.50,25.20,26.00,26.90,27.60,28.20,29.20,29.90,30.60,31.60,32.20,32.90,33.60,34.10,34.60,34.70,34.80,34.90,35.00,35.00,35.00,35.00,34.80,34.80,34.60,33.60,33.60,33.20,32.30,31.50,31.10,30.40,29.80,29.30,29.20,29.10,28.80,28.70,28.60,28.50,28.30,28.40,28.80,28.80,28.90,28.90,29.20,29.40,29.60,29.70,29.60,29.30,29.20,29.10,29.00,28.90,28.90,28.70,28.20,28.10,28.00,27.90,27.70,27.70,27.80,28.00,28.00,28.00,27.90,28.10,28.60,28.70,29.00,29.20,29.10,29.20,28.70,28.50,28.00,27.70,27.90,27.90,27.90,27.90,28.10,28.30,28.60,29.10,29.40,30.20,30.70,30.20,28.90,27.90,27.60,28.60,30.30,32.30,33.50,34.50,35.30,35.50,35.70,35.60,35.60,35.60,35.60,35.60,35.60,35.50,35.60,35.40,35.50,35.40,35.10,35.10,35.00,34.90,34.80,34.60,34.50,34.40,34.30,34.20,34.20,34.30,34.20,34.20,34.10,34.20,34.20,34.10,34.10,34.10,34.20,34.00,34.10,34.10,33.80,33.90,33.90,33.90,33.90,33.70,33.60,33.50,33.50,33.30,33.30,33.20,33.10,33.00,32.90,32.60,32.60,32.50,32.30,32.00,32.10,32.00,31.90,31.80,31.70,31.50,31.50,31.30,31.50,31.40,31.20,30.90,30.80,30.70,30.50,30.80,30.40,30.20,30.00,30.10,30.20,30.00,29.70,28.90,28.20,27.70,27.00,26.40,25.80,25.40,24.80,24.50,24.20,24.00,24.10,24.00,23.90,23.90,23.90,23.80,23.90,23.80,23.90,23.80,23.90,23.90,23.90,23.80,23.90,23.80,23.80,23.90,23.80,23.80,23.80,23.80,23.80,23.90,23.80,23.80,23.90,23.80,23.90,23.70,23.80,23.60,23.60,23.70,24.00,23.60,23.60,23.70,23.80,23.60,23.60,23.80,23.80,23.80,23.70,23.60,23.90,23.80,23.60,23.60,23.60,23.80,23.90,23.90,23.60,23.60,23.70,23.70,23.60,23.60,23.70,23.80,23.80,23.80,23.70,23.60,23.70,23.70,23.80,23.70,23.90,23.80,23.70,23.60,23.70,23.80,23.60,23.60,23.80,23.80,23.60,23.50,23.80,23.70,23.70,23.60,23.60,23.60,23.70,23.70,23.50,23.70,23.70,23.80,23.60,23.70,23.60,23.80,23.60,23.80,23.70,23.80,23.60,23.50,23.50,23.60,23.60,23.60,23.40,23.90,23.60,23.50,23.50,23.60,23.60,23.60,23.60,23.50,23.50,23.50,23.50,23.40,23.40,23.50,23.50,23.50,23.50,23.20,23.50,23.50,23.50,23.50,23.50,23.60,23.60,23.50,23.70,23.60,23.60,23.60,23.30,23.40,23.50,23.50,23.60,23.50,23.50,23.50,23.50,23.50,23.50,23.50,23.60,23.60,23.40,23.40,23.40,23.60,23.70,23.60,23.60,23.60,23.60,23.50,23.40,23.20,23.30,23.50,23.70,23.60,23.50,23.60,23.50,23.50,23.60,23.60,23.50,23.50,23.50
24.20,24.30,24.30,24.30,24.30,24.10,24.30,24.30,24.40,24.40,24.40,24.50,24.90,25.40,26.40,27.40,28.20,29.10,29.50,30.40,31.20,31.90,32.70,33.50,33.70,34.30,34.60,34.70,34.80,34.90,35.00,35.00,35.00,34.90,34.80,34.90,34.60,34.40,34.10,33.40,32.60,32.10,31.40,30.80,30.20,30.00,29.70,29.10,28.90,28.60,28.50,28.30,28.50,28.60,28.60,28.50,28.90,29.00,29.20,29.30,29.30,29.40,29.30,29.20,29.30,29.20,29.00,28.90,28.90,28.60,28.70,28.50,28.40,28.30,28.30,28.40,28.50,28.50,28.50,28.60,28.80,29.00,29.30,29.80,29.70,29.90,29.80,29.40,28.80,28.50,28.20,27.90,27.90,28.00,28.00,28.10,28.30,28.60,29.00,29.40,29.90,30.50,30.30,29.30,27.90,27.60,28.50,30.30,32.00,33.50,34.40,35.30,35.50,35.70,35.80,35.80,35.80,35.70,35.60,35.70,35.60,35.30,35.70,35.60,35.40,35.30,35.40,35.00,35.00,34.90,34.70,34.60,34.70,34.60,34.50,34.50,34.60,34.40,34.30,34.20,34.20,34.20,34.30,34.20,34.20,34.20,34.10,34.00,33.90,33.90,33.90,34.00,34.00,33.90,33.90,34.00,33.70,33.60,33.60,33.40,33.20,33.20,33.20,32.80,32.70,32.60,32.50,32.30,32.20,32.00,32.00,32.10,31.80,31.70,31.60,31.70,31.50,31.40,31.10,31.10,31.20,31.10,30.90,30.60,30.80,30.50,30.20,30.10,30.10,30.10,29.80,29.60,28.90,28.30,27.50,27.10,26.50,25.90,25.20,24.90,24.50,24.10,24.00,24.00,23.80,23.90,24.00,23.80,23.90,23.90,24.00,23.90,23.80,23.80,23.90,24.10,23.80,23.90,23.80,24.10,23.90,23.70,23.90,23.90,23.80,23.80,23.90,23.80,23.80,23.90,23.80,23.80,23.60,23.80,23.90,23.80,23.80,24.00,23.60,23.70,23.80,23.80,23.50,23.80,23.90,23.60,23.90,23.50,23.70,23.60,23.80,23.90,23.80,23.70,23.70,23.70,23.80,23.70,23.70,23.60,23.80,23.70,23.70,23.70,23.60,23.90,23.80,23.60,23.70,23.60,23.70,23.60,23.80,23.60,23.90,23.70,23.50,23.60,23.70,23.60,23.80,23.90,23.80,23.70,23.70,23.70,23.60,23.60,23.70,23.70,23.60,23.60,23.60,23.60,23.60,23.60,23.80,23.70,23.80,23.60,23.60,23.60,23.80,23.70,23.70,23.60,23.60,23.60,23.60,23.60,23.60,23.40,23.80,23.60,23.60,23.60,23.60,23.80,23.80,23.70,23.40,23.60,23.50,23.50,23.60,23.50,23.60,23.50,23.60,23.60,23.50,23.50,23.50,23.50,23.50,23.50,23.40,23.50,23.60,23.60,23.50,23.50,23.50,23.40,23.50,23.40,23.40,23.60,23.60,23.50,23.40,23.50,23.50,23.70,23.60,23.60,23.60,23.50,23.50,23.50,23.50,23.50,23.40,23.50,23.50,23.60,23.50,23.50,23.50,23.50,23.70,23.80,23.50,23.50,23.60,23.50,23.40,23.40,23.40,23.50,23.50,23.50
24.20,24.20,24.20,24.10,24.30,24.40,24.40,24.40,24.30,24.30,24.30,24.60,25.00,25.50,26.40,27.00,28.10,28.80,29.40,30.00,30.80,31.60,32.50,33.10,33.60,33.90,34.30,34.50,34.50,34.60,34.70,34.80,34.90,35.00,35.00,34.90,34.90,34.70,34.40,34.00,33.60,33.00,32.50,32.20,31.60,30.60,30.10,29.50,29.20,28.80,28.30,28.50,28.40,28.40,28.40,28.30,28.70,28.70,28.70,28.80,29.00,29.00,29.20,29.20,29.20,29.10,29.00,28.90,29.00,28.90,29.00,28.90,28.70,28.70,28.70,28.70,28.90,28.70,28.90,29.10,29.40,29.40,29.60,30.00,30.00,30.20,30.00,29.70,29.20,28.50,28.20,28.00,28.00,28.20,28.20,28.20,28.40,28.60,29.10,29.60,30.10,30.60,30.60,29.70,28.30,27.60,28.30,30.20,31.90,33.40,34.20,35.30,35.50,35.70,35.90,35.90,36.00,35.90,36.10,36.00,35.90,35.90,35.70,35.60,35.60,35.50,35.50,35.20,35.20,34.90,34.90,34.90,34.80,34.70,34.50,34.40,34.50,34.60,34.50,34.50,34.40,34.40,34.40,34.30,34.20,34.10,34.20,34.10,34.40,34.30,34.20,33.70,34.00,34.20,34.00,33.90,33.90,33.70,33.70,33.40,33.30,33.20,33.20,32.70,32.90,32.70,32.60,32.50,32.30,32.20,32.20,32.00,31.80,31.80,31.70,31.40,31.60,31.50,31.50,31.10,30.90,31.00,31.10,30.80,30.90,30.40,30.30,30.10,30.30,30.30,30.10,29.50,29.00,28.40,27.60,27.00,26.40,25.80,25.50,25.20,24.60,24.20,23.90,24.00,24.00,23.80,24.10,24.10,23.90,23.80,23.80,24.00,23.80,23.90,23.80,23.80,23.80,23.80,23.90,23.90,23.90,23.80,23.80,23.80,23.80,23.90,23.80,23.80,23.60,23.80,23.90,23.80,23.80,23.90,23.80,23.80,23.80,23.90,23.60,23.80,23.70,23.80,23.60,23.70,23.70,23.80,23.80,23.60,23.60,23.80,23.90,23.60,23.60,23.80,23.80,23.60,23.80,23.60,23.70,23.80,23.70,23.80,23.60,23.70,23.60,23.90,23.90,23.80,23.80,23.60,23.60,23.50,23.60,23.60,23.70,23.70,23.60,23.60,23.70,23.80,23.80,23.60,23.60,23.60,23.70,23.70,23.60,23.70,23.80,23.80,23.70,23.70,23.60,23.60,23.60,23.70,23.70,23.60,23.60,23.70,23.60,23.60,23.60,23.60,23.60,23.60,23.60,23.60,23.50,23.50,23.50,23.50,23.60,23.70,23.70,23.80,23.80,23.80,23.90,23.80,23.50,23.60,23.50,23.50,23.40,23.50,23.60,23.60,23.50,23.50,23.60,23.50,23.50,23.50,23.50,23.40,23.50,23.50,23.40,23.50,23.60,23.60,23.50,23.60,23.80,23.70,23.70,23.60,23.40,23.40,23.50,23.50,23.60,23.50,23.60,23.80,23.80,23.60,23.50,23.60,23.50,23.60,23.80,23.90,23.60,23.50,23.60,23.40,23.40,23.50,23.80,23.80,23.50,23.50,23.50,23.50,23.50,23.50,23.60,23.60,23.50,23.40
24.10,24.30,24.40,24.20,24.20,24.40,24.40,24.40,24.40,24.20,24.10,24.40,24.80,25.50,26.10,26.70,27.80,28.30,28.70,29.80,30.50,31.20,32.10,32.70,33.30,33.90,33.80,33.80,34.10,34.20,34.30,34.40,34.60,34.50,34.40,34.60,34.50,34.60,34.60,34.30,34.10,33.90,33.40,33.10,32.50,31.70,30.80,30.20,29.60,29.20,28.90,28.70,28.50,28.40,28.30,28.30,28.40,28.50,28.60,28.60,28.70,28.80,28.90,29.00,29.00,29.00,29.00,28.90,29.00,28.90,29.00,29.00,29.00,29.00,29.00,28.90,29.00,28.90,29.20,29.30,29.60,29.70,29.70,30.00,30.10,30.10,30.10,29.70,29.30,28.80,28.30,28.00,27.90,27.90,28.10,28.10,28.30,28.60,28.80,29.10,29.70,30.30,30.20,29.50,28.50,27.70,28.20,29.70,32.00,33.20,34.20,34.90,35.60,35.70,36.10,36.00,36.10,36.00,36.10,36.10,36.00,36.10,35.90,35.70,35.70,35.60,35.60,35.50,35.40,35.10,35.10,34.80,34.80,34.80,34.50,34.70,34.30,34.60,34.40,34.50,34.40,34.60,34.50,34.40,34.30,34.20,34.30,34.40,34.20,34.20,34.20,34.10,34.10,34.10,34.20,34.00,34.00,33.70,33.60,33.40,33.40,33.30,33.20,32.90,32.80,32.90,32.70,32.60,32.60,32.20,32.10,32.20,32.00,31.90,31.90,31.60,31.70,31.50,31.50,31.30,31.30,31.10,30.90,30.80,30.50,30.30,30.20,30.10,30.20,30.20,30.10,29.70,29.10,28.40,27.70,27.00,26.60,25.90,25.40,24.50,24.70,24.50,24.10,23.80,24.10,23.90,23.90,24.00,24.10,23.90,23.90,23.90,23.90,23.90,23.90,23.80,23.90,23.90,23.90,23.80,24.00,23.90,23.90,23.90,23.80,23.70,23.80,23.90,23.80,23.70,23.90,23.70,23.60,23.90,23.80,23.80,23.90,24.00,23.60,23.80,23.60,23.80,23.70,23.80,23.60,23.50,23.70,23.60,23.70,23.60,23.50,23.60,23.60,23.80,23.60,23.60,23.60,23.70,23.70,23.60,23.70,23.80,23.80,23.90,23.70,23.80,23.90,23.80,23.80,23.90,23.80,23.80,23.60,23.70,23.80,23.70,23.60,23.60,23.80,23.80,23.90,23.70,23.60,23.70,23.80,23.70,23.60,23.70,23.60,23.80,23.70,23.70,23.70,23.60,23.60,23.60,23.60,23.70,23.60,23.60,23.70,23.60,23.70,23.70,23.50,23.80,23.80,23.60,23.70,23.80,23.80,23.70,23.70,23.70,23.50,23.70,23.70,23.70,23.60,23.60,23.60,23.60,23.50,23.50,23.70,23.80,23.60,23.50,23.40,23.50,23.70,23.80,23.50,23.50,23.50,23.60,23.60,23.50,23.60,23.60,23.40,23.60,23.70,23.80,23.70,23.60,23.60,23.70,23.50,23.70,23.70,23.60,23.50,23.60,23.60,23.50,23.50,23.40,23.60,23.50,23.50,23.60,23.50,23.40,23.50,23.60,23.60,23.40,23.50,23.50,23.50,23.40,23.30,23.30,23.40,23.60,23.60,23.60,23.70,23.70,23.70,23.60
24.20,24.20,24.20,24.30,24.30,24.30,24.40,24.40,24.40,24.40,24.20,24.40,24.50,25.40,25.80,26.40,27.40,28.10,28.60,29.10,29.80,30.70,31.70,32.20,32.90,33.10,33.30,33.50,33.60,33.70,33.70,34.00,34.00,34.00,33.90,34.20,34.20,34.10,34.40,34.50,34.40,34.40,33.80,33.60,33.30,32.60,31.80,31.20,30.50,29.80,29.20,28.70,28.60,28.50,28.30,28.40,28.30,28.20,28.20,28.40,28.30,28.60,28.60,28.70,28.70,28.90,29.00,29.00,28.90,28.70,28.90,29.00,28.80,28.70,28.90,28.90,28.90,29.00,29.20,29.20,29.50,29.70,29.90,30.10,30.20,30.20,30.00,29.70,29.20,28.70,28.40,28.00,27.80,27.70,27.70,28.00,28.10,28.40,29.00,29.30,29.70,30.00,29.90,29.30,28.30,27.60,28.00,29.40,31.50,32.80,34.10,34.70,35.30,35.50,35.80,35.90,36.10,36.10,36.20,36.20,36.20,36.20,36.30,36.10,36.00,35.90,35.70,35.70,35.50,35.30,35.30,35.10,35.00,35.00,34.80,34.90,34.90,34.70,34.60,34.60,34.60,34.60,34.60,34.60,34.60,34.50,34.40,34.40,34.40,34.20,34.30,34.20,34.20,34.10,34.20,34.10,33.90,33.90,33.80,33.50,33.40,33.40,33.30,33.00,32.90,32.90,32.80,32.60,32.60,32.40,32.10,32.10,32.00,32.00,31.80,31.80,31.70,31.50,31.30,31.30,31.30,31.10,31.00,31.00,30.60,30.60,30.30,30.20,30.20,30.30,30.20,29.60,28.90,28.50,27.60,26.90,26.60,26.10,25.60,24.90,24.50,24.10,24.10,24.30,24.10,23.90,24.10,23.90,24.00,24.10,23.90,24.10,24.10,24.10,24.10,24.10,23.90,23.80,23.80,24.00,23.90,24.00,23.90,23.90,23.80,23.80,23.90,23.80,23.90,23.80,23.90,23.80,23.90,23.80,23.80,23.80,23.70,23.80,23.90,23.80,23.70,23.60,23.70,23.70,23.50,23.50,23.90,23.40,23.50,23.60,23.50,23.60,23.80,23.60,23.50,23.70,23.80,23.70,23.60,23.80,23.80,23.60,23.80,23.80,23.90,23.90,23.80,23.80,23.60,23.90,23.60,23.70,23.70,23.80,23.60,23.70,23.80,23.80,23.80,23.80,23.80,23.80,23.80,23.50,23.50,23.60,23.80,23.60,23.80,23.90,23.80,23.90,23.80,23.80,23.70,23.60,23.70,23.70,23.60,23.60,23.60,23.60,23.60,23.80,23.70,23.70,23.70,23.50,23.40,23.50,23.60,23.60,23.60,23.50,23.50,23.90,23.50,23.50,23.60,23.60,23.60,23.60,23.60,23.60,23.60,23.50,23.50,23.70,23.50,23.60,23.60,23.60,23.80,23.80,23.80,23.80,23.50,23.60,23.60,23.60,23.40,23.50,23.60,23.60,23.60,23.50,23.50,23.60,23.50,23.70,23.70,23.60,23.60,23.60,23.50,23.50,23.40,23.40,23.40,23.40,23.50,23.70,23.50,23.50,23.50,23.60,23.60,23.50,23.50,23.60,23.60,23.60,23.50,23.50,23.50,23.50,23.50,23.50,23.50,23.40,23.50,23.50
24.40,24.40,24.40,24.30,24.30,24.30,24.30,24.40,24.40,24.40,24.30,24.30,24.40,25.20,25.60,26.20,26.90,27.40,28.20,28.80,29.20,30.20,31.10,31.80,32.20,32.50,32.70,32.90,33.20,33.20,33.20,33.70,33.70,33.50,33.60,33.60,33.70,33.90,33.80,34.00,34.20,34.00,34.00,33.90,33.70,33.10,32.30,31.80,31.20,30.60,29.70,29.30,28.90,28.50,28.00,27.80,27.90,27.90,27.90,28.10,28.00,28.30,28.30,28.30,28.40,28.50,28.70,28.70,28.70,28.70,28.80,28.90,28.80,28.70,28.90,28.90,28.90,28.90,29.20,29.20,29.40,29.60,29.70,29.90,30.10,30.20,29.90,29.60,29.00,28.50,28.20,27.90,27.80,27.70,27.60,28.00,28.00,28.20,28.60,29.00,29.60,29.80,29.70,29.20,28.10,27.60,27.70,29.20,30.90,32.50,33.50,34.30,34.90,35.30,35.40,35.70,36.00,36.20,36.20,36.30,36.40,36.20,36.20,36.30,36.00,36.20,35.90,35.70,35.50,35.50,35.40,35.30,35.20,35.00,35.00,35.00,34.90,34.60,34.80,34.80,34.80,34.70,34.70,34.60,34.60,34.60,34.40,34.50,34.40,34.40,34.20,34.40,34.20,34.40,34.20,34.10,33.80,33.90,33.70,33.70,33.60,33.40,33.30,33.10,33.10,32.70,32.70,32.60,32.70,32.30,32.30,32.20,32.10,32.10,32.00,31.70,31.70,31.60,31.30,31.30,31.20,31.10,30.90,30.80,30.60,30.40,30.40,30.30,29.90,30.30,30.20,29.70,29.20,28.50,27.70,26.90,26.20,25.90,25.50,24.80,24.40,24.30,24.10,23.80,24.10,24.00,24.00,23.80,23.80,24.00,24.00,23.90,23.90,23.90,24.00,23.90,23.80,23.80,23.90,23.80,23.80,23.90,23.80,23.90,23.60,23.80,23.90,23.80,23.90,23.80,23.70,23.80,23.80,23.70,23.70,23.90,23.90,23.60,23.70,23.80,23.70,23.60,23.80,23.70,23.60,23.40,23.50,23.30,23.70,23.60,23.60,23.60,23.90,23.60,23.50,23.80,23.60,23.70,23.60,23.70,23.40,23.80,23.90,23.70,23.80,23.70,23.70,23.80,23.50,23.80,23.50,23.90,23.80,23.70,23.60,23.80,23.80,23.60,23.80,23.70,23.80,23.80,23.60,23.80,23.70,23.60,23.90,23.80,23.80,23.80,23.70,23.80,23.60,23.60,23.60,23.70,23.80,23.70,23.60,23.80,23.80,23.70,23.80,23.90,23.80,23.60,23.60,23.70,23.50,23.70,23.50,23.40,23.50,23.50,23.60,23.80,23.50,23.60,23.70,23.70,23.60,23.60,23.50,23.60,23.50,23.60,23.80,23.80,23.50,23.50,23.50,23.50,23.50,23.40,23.40,23.40,23.40,23.60,23.60,23.60,23.50,23.40,23.50,23.60,23.60,23.50,23.50,23.60,23.80,23.80,23.60,23.60,23.60,23.50,23.50,23.60,23.50,23.50,23.60,23.50,23.60,23.70,23.60,23.60,23.50,23.50,23.50,23.50,23.60,23.60,23.60,23.60,23.50,23.80,23.60,23.30,23.40,23.40,23.40,23.50,23.60,23.60
24.20,24.40,24.20,24.30,24.30,24.30,24.30,24.40,24.40,24.30,24.40,24.40,24.50,25.00,25.60,26.40,26.90,27.30,27.90,28.50,29.00,29.80,30.30,30.90,31.70,31.70,32.10,32.50,32.60,32.70,32.90,32.90,33.00,33.20,33.20,33.20,33.20,33.60,33.60,33.50,33.60,33.90,33.90,33.90,33.80,33.40,33.20,32.70,32.20,30.80,30.00,29.70,29.20,28.60,28.20,28.10,27.90,27.80,27.80,27.80,27.90,27.90,27.90,28.00,28.10,28.30,28.60,28.40,28.50,28.60,28.60,28.60,28.90,28.90,28.80,28.90,29.00,28.90,29.20,29.30,29.40,29.60,29.70,29.80,30.00,30.20,29.80,29.60,28.90,28.70,27.70,27.80,27.70,27.70,27.70,27.90,27.80,28.20,28.30,28.80,29.20,29.40,29.40,29.00,28.00,27.40,27.90,29.00,30.70,32.20,33.30,34.20,34.70,34.90,35.10,35.60,35.80,36.00,36.30,36.60,36.70,36.70,37.00,36.50,36.40,36.30,36.20,35.90,35.70,35.70,35.60,35.40,35.40,35.40,35.00,35.00,34.90,34.80,34.90,35.00,34.70,34.80,34.90,34.70,34.80,34.80,34.60,34.60,34.60,34.50,34.60,34.30,34.50,34.40,34.40,34.40,34.20,33.90,33.90,33.80,33.70,33.40,33.30,33.20,33.20,32.90,32.80,32.60,32.70,32.40,32.40,32.20,32.00,32.20,31.80,31.90,31.80,31.60,31.70,31.30,31.40,31.30,31.10,30.60,30.80,30.60,30.30,30.50,30.30,30.30,30.10,29.60,29.20,28.60,27.80,27.20,26.30,25.90,25.40,24.90,24.60,24.20,24.20,24.10,23.90,23.80,24.10,23.80,23.90,23.90,23.80,24.00,23.80,24.10,23.90,23.80,23.80,24.00,23.90,23.80,23.80,23.80,23.90,23.80,23.60,23.80,23.60,23.90,23.80,23.70,24.00,23.80,23.80,23.90,23.90,23.70,23.80,23.70,23.80,23.80,23.80,23.80,23.90,23.70,23.80,23.80,23.70,23.80,23.80,23.60,23.60,23.70,23.90,23.50,23.60,23.60,23.60,23.80,23.70,23.80,23.60,23.80,23.90,23.60,23.80,23.80,23.80,23.80,23.70,23.60,23.70,23.80,23.60,23.80,23.80,23.60,23.60,23.60,23.80,23.80,23.80,23.80,23.90,23.60,23.70,23.70,23.90,23.80,23.80,23.90,23.70,23.50,23.70,23.50,23.50,23.80,23.80,23.70,23.60,23.70,23.60,23.50,23.60,23.60,23.70,23.70,23.60,23.80,23.70,23.50,23.70,23.50,23.50,23.50,23.60,23.70,23.50,23.80,23.60,23.80,23.80,23.50,23.30,23.60,23.60,23.50,23.50,23.70,23.50,23.40,23.50,23.50,23.50,23.50,23.70,23.70,23.70,23.60,23.60,23.60,23.50,23.40,23.40,23.50,23.50,23.50,23.50,23.60,23.70,23.60,23.50,23.60,23.60,23.60,23.60,23.50,23.50,23.60,23.70,23.60,23.60,23.60,23.60,23.60,23.60,23.60,23.70,23.60,23.40,23.40,23.50,23.60,23.60,23.50,23.50,23.50,23.50,23.50,23.50,23.60,23.60,23.50
24.30,24.40,24.20,23.90,24.40,24.50,24.60,24.50,24.50,24.60,24.60,24.60,24.70,25.00,25.20,25.90,26.40,27.00,27.60,28.00,28.80,29.60,30.20,30.90,31.40,31.60,31.70,32.10,32.30,32.30,32.20,32.30,32.50,32.70,32.70,32.80,32.80,33.20,33.10,33.00,33.20,33.40,33.50,33.60,33.50,33.60,33.40,32.90,32.40,31.30,30.60,30.00,29.30,28.60,28.20,27.90,27.70,27.60,27.60,27.50,27.70,27.70,27.70,27.80,28.00,28.20,28.20,28.30,28.30,28.60,28.70,28.70,28.70,28.70,28.70,28.70,29.10,28.90,28.90,29.10,29.30,29.40,29.80,29.80,29.80,29.90,29.70,29.40,28.90,28.40,27.90,27.70,27.60,27.50,27.70,27.70,27.90,28.10,28.50,29.00,29.20,29.30,29.00,28.50,27.70,27.30,27.70,28.90,30.40,31.70,32.70,33.50,34.10,34.50,34.90,35.20,35.50,35.70,36.00,36.40,36.50,36.60,36.50,36.60,36.40,36.30,36.30,36.10,35.90,35.90,35.80,35.70,35.50,35.30,35.30,35.30,35.10,34.90,35.10,34.90,34.80,34.90,34.90,34.90,34.90,34.90,34.80,34.70,34.60,34.80,34.70,34.60,34.50,34.50,34.50,34.40,34.00,34.20,34.00,33.90,33.90,33.60,33.30,33.30,33.20,33.10,32.90,32.60,32.60,32.40,32.50,32.30,32.00,32.30,32.00,31.80,32.00,31.50,31.60,31.30,31.30,31.20,31.10,30.80,30.20,30.60,30.50,30.30,30.20,30.20,30.00,29.70,29.10,28.30,27.70,26.90,26.40,25.80,25.20,24.80,24.40,24.30,24.00,24.10,23.90,23.90,24.00,23.90,24.00,24.00,23.70,23.80,23.90,23.80,23.90,23.80,23.80,23.90,23.80,23.90,23.90,23.80,24.00,23.80,23.90,23.80,23.90,23.80,23.70,23.60,23.80,23.60,23.70,23.60,23.60,23.60,23.80,23.80,23.90,23.80,23.90,23.70,23.80,23.90,23.80,23.80,23.30,23.60,23.70,23.80,23.60,23.90,23.70,23.70,23.80,23.80,23.80,23.70,23.90,23.60,23.80,23.80,23.60,23.80,23.80,23.80,23.90,23.80,23.80,23.70,23.60,23.80,23.90,23.90,23.90,23.90,23.80,23.70,23.80,23.60,23.90,23.90,23.80,23.60,23.80,23.80,23.80,23.60,23.80,23.80,23.70,23.60,23.60,23.70,23.80,23.60,23.80,23.70,23.60,23.70,23.60,23.80,23.70,23.60,23.60,23.60,23.70,23.70,23.70,23.70,23.60,23.50,23.50,23.60,23.70,23.70,23.50,23.50,23.80,23.80,23.60,23.50,23.60,23.60,23.50,23.50,23.50,23.40,23.50,23.80,23.60,23.50,23.50,23.60,23.50,23.50,23.50,23.50,23.60,23.50,23.50,23.40,23.60,23.60,23.50,23.30,23.60,23.60,23.60,23.50,23.60,23.60,23.50,23.50,23.40,23.40,23.60,23.60,23.50,23.40,23.50,23.60,23.70,23.70,23.70,23.60,23.50,23.50,23.30,23.50,23.50,23.60,23.60,23.50,23.60,23.60,23.70,23.70,23.60,23.60,23.60,23.50
24.40,24.50,24.40,24.30,24.40,24.40,24.50,24.40,24.40,24.70,24.70,24.60,24.50,24.80,25.20,25.70,26.10,26.70,27.20,27.90,28.70,29.20,29.60,30.40,30.90,31.20,31.40,31.60,31.60,31.50,31.60,31.80,32.10,32.10,32.10,32.10,32.10,32.30,32.40,32.60,32.90,32.90,33.00,33.10,33.10,32.90,32.90,33.00,32.30,31.60,30.90,30.20,29.60,28.70,28.30,27.90,27.50,27.30,27.30,27.30,27.60,27.60,27.50,27.70,27.90,28.00,27.90,28.10,28.20,28.20,28.20,28.60,28.50,28.60,28.60,28.60,28.80,28.80,28.90,29.00,29.00,29.30,29.50,29.80,29.60,29.60,29.30,29.30,28.60,28.30,27.70,27.70,27.50,27.60,27.60,27.70,27.70,27.80,28.20,28.70,29.00,29.00,28.70,27.90,27.60,27.10,27.70,28.70,30.30,31.50,32.20,32.90,33.50,34.00,34.50,34.80,35.40,35.40,35.60,35.90,36.10,36.20,36.50,36.30,36.60,36.60,36.50,36.30,36.10,36.10,35.90,35.70,35.70,35.60,35.40,35.40,35.50,35.00,35.10,35.10,35.10,35.20,35.00,35.00,35.00,35.00,35.00,34.80,34.90,34.60,34.70,34.60,34.60,34.60,34.40,34.40,34.40,34.20,34.10,34.00,33.90,33.60,33.50,33.40,33.20,33.10,32.90,32.80,32.70,32.70,32.50,32.40,32.20,32.10,32.00,31.80,31.80,31.70,31.80,31.30,31.30,31.30,31.00,30.90,30.80,30.70,30.50,30.30,30.50,30.50,30.30,29.80,29.20,28.60,27.60,27.00,26.40,25.90,25.50,24.90,24.50,24.30,24.00,23.80,23.90,23.90,24.10,23.80,23.90,23.90,23.80,24.00,24.10,23.70,23.80,23.60,23.90,23.80,23.80,23.90,23.60,23.80,23.90,23.90,23.70,23.60,23.90,23.70,23.80,23.80,23.70,23.70,23.70,23.60,23.80,23.60,23.80,23.90,23.90,23.90,23.80,23.60,23.70,23.60,23.80,23.70,23.70,23.60,23.80,23.60,23.50,23.80,23.80,23.70,23.60,23.70,23.60,23.60,23.70,23.80,23.80,23.70,23.80,23.80,23.90,23.70,23.90,23.80,23.70,23.70,23.70,23.60,23.60,23.60,23.80,23.90,23.70,23.70,23.80,23.60,23.90,23.90,23.80,23.80,24.00,23.60,23.80,23.80,23.80,23.90,23.80,23.60,23.50,23.60,23.60,23.60,23.50,23.80,23.60,23.60,23.60,23.70,23.60,23.70,23.80,23.80,23.70,23.60,23.70,23.90,23.50,23.50,23.50,23.50,23.50,23.50,23.50,23.40,23.80,23.50,23.60,23.70,23.60,23.50,23.40,23.60,23.70,23.80,23.60,23.50,23.60,23.60,23.60,23.60,23.40,23.40,23.50,23.60,23.60,23.50,23.40,23.50,23.60,23.60,23.50,23.60,23.60,23.60,23.60,23.60,23.70,23.70,23.70,23.50,23.50,23.60,23.80,23.50,23.50,23.50,23.60,23.60,23.60,23.70,23.60,23.60,23.50,23.50,23.50,23.60,23.60,23.60,23.60,23.70,23.60,23.60,23.70,23.60,23.60,23.50,23.60,23.60
24.20,24.40,24.50,24.60,24.40,24.30,24.40,24.40,24.30,24.50,24.60,24.40,24.40,24.60,25.10,25.40,25.60,26.60,27.00,27.30,28.10,28.60,29.30,30.00,30.30,30.70,31.00,31.00,31.10,31.10,31.20,31.20,31.50,31.50,31.60,31.50,31.70,31.80,31.80,32.00,32.20,32.30,32.40,32.60,32.80,32.70,32.50,32.60,32.10,31.60,31.10,30.20,29.60,29.00,28.20,27.60,27.40,27.00,26.90,27.00,27.00,27.00,27.10,27.40,27.50,27.70,27.60,28.00,28.00,28.00,28.30,28.30,28.40,28.60,28.50,28.60,28.60,28.60,28.70,28.90,29.10,29.30,29.30,29.50,29.50,29.30,29.00,29.00,28.30,28.00,27.60,27.50,27.50,27.60,27.40,27.80,27.60,27.80,28.10,28.30,28.30,28.50,28.20,27.60,27.50,27.40,27.70,29.10,30.10,31.10,31.70,32.10,32.90,33.40,34.00,34.20,34.70,35.10,35.40,35.60,36.00,36.10,36.30,36.20,36.60,36.60,36.60,36.50,36.40,36.10,35.90,36.00,35.80,35.60,35.50,35.40,35.30,35.30,35.50,35.40,35.30,35.30,35.30,35.30,35.10,35.00,35.00,34.90,35.00,34.90,34.80,34.90,34.60,34.60,34.60,34.50,34.20,34.20,34.30,34.10,33.90,33.70,33.60,33.40,33.30,33.20,32.90,32.90,32.90,32.80,32.60,32.50,32.30,32.10,32.10,31.90,32.00,31.70,31.70,31.50,31.50,31.40,31.20,31.00,30.80,30.60,30.50,30.60,30.50,30.50,30.20,29.80,29.20,28.30,27.80,27.10,26.40,26.00,25.40,24.90,24.60,24.20,24.10,24.00,23.90,23.80,24.00,23.80,23.80,23.80,23.80,23.90,24.00,23.80,23.70,23.70,23.90,23.80,23.90,23.80,23.60,23.90,23.60,23.90,23.70,23.80,23.60,23.60,23.70,23.80,23.70,23.70,23.80,23.60,23.80,23.50,23.80,23.80,23.80,23.90,23.70,23.60,23.60,23.60,23.60,23.60,23.50,23.60,23.70,23.50,23.90,23.70,23.80,23.80,23.60,23.70,23.80,23.50,23.80,23.50,23.60,23.60,23.60,23.60,23.80,23.70,23.80,23.70,23.60,23.70,23.50,23.60,23.70,23.80,23.80,23.60,23.90,23.60,23.80,23.80,23.80,23.80,23.60,23.80,23.80,23.90,23.50,24.00,23.80,23.90,23.80,23.90,23.80,23.60,23.40,23.70,23.80,23.70,23.60,23.70,23.50,23.50,23.60,23.70,23.60,23.60,23.50,23.50,23.70,23.90,23.60,23.60,23.50,23.60,23.60,23.60,23.50,23.40,23.70,23.80,23.60,23.50,23.50,23.50,23.50,23.60,23.80,23.60,23.50,23.60,23.70,23.70,23.60,23.50,23.40,23.50,23.60,23.60,23.50,23.50,23.40,23.50,23.60,23.50,23.50,23.50,23.50,23.40,23.60,23.60,23.60,23.60,23.60,23.70,23.60,23.60,23.60,23.40,23.50,23.60,23.60,23.70,23.70,23.60,23.60,23.70,23.50,23.60,23.60,23.60,23.50,23.50,23.60,23.70,23.60,23.60,23.70,23.50,23.40,23.50,23.50,23.50
24.10,24.50,24.60,24.60,24.50,24.40,24.60,24.40,24.30,24.50,24.50,24.40,24.50,24.50,25.10,25.20,25.50,26.40,27.00,27.50,28.00,28.30,28.90,29.80,30.00,30.30,30.70,30.80,30.70,31.00,30.90,30.90,30.80,31.10,31.10,30.80,31.10,31.20,31.50,31.40,31.60,31.80,31.90,32.10,32.10,32.10,32.20,31.90,31.60,31.30,30.80,30.20,29.40,28.80,28.20,27.60,27.00,26.60,26.60,26.60,26.60,26.80,26.80,27.10,27.10,27.30,27.30,27.40,27.70,27.70,27.90,28.10,28.30,28.40,28.50,28.40,28.50,28.50,28.60,28.80,28.90,29.20,29.10,29.10,29.40,29.10,28.60,28.60,28.30,28.00,27.60,27.40,27.40,27.40,27.40,27.40,27.70,27.90,27.90,28.00,28.20,28.00,27.60,27.40,27.40,27.60,28.30,29.00,30.10,31.10,31.40,31.80,32.20,32.70,33.50,33.70,34.00,34.30,34.80,35.30,35.40,35.80,36.20,36.20,36.40,36.40,36.40,36.50,36.50,36.20,36.20,36.20,36.00,35.90,36.00,35.80,35.60,35.50,35.40,35.40,35.40,35.50,35.60,35.40,35.40,35.30,35.10,35.10,34.90,35.00,35.00,34.80,34.90,34.70,34.70,34.60,34.20,34.50,34.20,34.20,34.00,33.80,33.60,33.50,33.40,33.20,33.20,32.90,32.90,32.60,32.50,32.50,32.30,32.30,32.10,31.90,31.90,31.90,31.70,31.50,31.50,31.30,31.20,30.90,30.80,30.60,30.70,30.60,30.30,30.50,30.20,29.70,29.40,28.60,27.80,27.20,26.50,25.80,25.50,24.90,24.60,24.20,23.90,24.20,23.90,23.90,23.90,23.90,23.80,23.90,23.80,23.90,23.80,23.80,23.70,23.70,23.80,23.70,23.90,23.80,23.90,23.80,23.70,23.60,23.80,23.60,23.60,23.90,23.90,23.80,23.60,23.70,23.90,24.10,23.60,23.60,23.80,23.80,23.80,23.80,23.80,23.90,23.90,24.00,23.50,23.50,23.80,23.80,23.70,23.60,23.60,23.60,23.70,23.80,23.70,23.60,23.60,23.50,24.10,23.60,23.80,23.70,23.70,23.90,23.70,23.70,23.70,23.70,23.50,23.70,23.90,23.80,23.90,23.80,23.70,23.80,23.80,23.60,23.80,23.80,23.60,23.80,23.60,23.80,23.90,23.70,23.60,23.80,23.80,23.70,23.70,23.90,23.80,23.50,23.80,23.80,23.80,23.40,23.60,23.70,23.60,23.60,23.60,23.70,23.70,23.80,23.70,23.60,23.70,23.60,23.50,23.60,23.60,23.40,23.70,23.50,23.50,23.50,23.70,23.60,23.40,23.60,23.70,23.60,23.60,23.60,23.70,23.60,23.80,23.60,23.40,23.60,23.50,23.50,23.40,23.80,23.50,23.60,23.60,23.40,23.80,23.70,23.60,23.60,23.60,23.70,23.80,23.60,23.60,23.50,23.50,23.70,23.70,23.60,23.50,23.60,23.60,23.40,23.60,23.60,23.80,23.80,23.80,23.60,23.70,23.70,23.60,23.60,23.60,23.50,23.40,23.40,23.60,23.60,23.40,23.60,23.80,23.50,23.50,23.60,23.70,23.70
24.30,24.40,24.50,24.40,24.50,24.60,24.80,24.90,24.90,24.80,24.60,24.60,24.60,24.60,24.90,25.20,25.60,26.40,27.00,27.40,27.90,28.00,28.90,29.60,30.00,30.20,30.70,30.80,30.60,30.70,30.70,30.60,30.60,30.80,30.80,30.50,30.60,30.70,30.80,30.90,31.10,31.30,31.30,31.60,31.50,31.50,31.60,31.40,31.10,30.90,30.50,30.00,29.20,28.40,28.00,27.60,26.70,26.20,26.20,26.30,26.30,26.20,26.40,26.40,26.90,27.00,27.10,27.10,27.30,27.50,27.20,27.90,27.80,27.90,28.20,28.20,28.20,28.60,28.80,28.70,29.00,29.00,29.10,28.90,28.90,28.80,28.60,28.20,27.90,27.70,27.50,27.30,27.30,27.30,27.30,27.20,27.40,27.60,27.50,27.60,27.90,27.40,27.30,27.40,27.30,27.80,28.50,29.00,30.00,30.80,31.30,31.40,31.70,32.10,32.70,33.00,33.50,33.70,34.20,34.80,35.00,35.30,35.80,35.70,35.90,36.20,36.20,36.40,36.40,36.40,36.40,36.20,36.10,36.00,36.00,36.00,35.90,35.70,35.60,35.70,35.70,35.70,35.60,35.50,35.50,35.40,35.30,35.00,35.10,35.10,35.00,35.20,34.70,34.90,34.80,34.80,34.40,34.50,34.40,34.20,34.10,33.90,33.70,33.70,33.40,33.20,33.20,33.00,32.90,32.90,32.60,32.60,32.50,32.30,32.10,32.00,32.00,32.00,31.70,31.60,31.60,31.30,31.10,31.10,30.70,30.80,30.60,30.60,30.50,30.60,30.30,29.80,29.40,28.50,27.70,27.30,26.40,25.80,25.40,24.90,24.60,24.30,23.80,24.10,23.90,23.90,23.90,23.90,23.80,23.80,23.80,23.90,23.80,23.80,23.80,23.60,23.70,23.60,23.80,23.90,23.80,23.80,23.50,23.90,23.60,23.60,23.80,23.80,23.80,23.60,23.60,23.50,23.70,23.90,23.60,23.80,23.60,23.70,23.80,23.80,23.80,23.90,23.80,23.70,23.90,23.80,23.70,23.80,23.70,23.50,23.80,23.50,23.60,23.60,23.70,23.60,23.50,23.60,23.50,23.60,23.80,23.90,23.70,23.90,23.70,23.80,23.80,23.80,23.60,23.60,23.80,23.80,23.70,23.60,23.60,23.40,23.90,24.00,23.70,23.70,23.60,23.90,23.80,23.90,23.90,23.80,23.80,23.60,23.60,23.60,23.60,23.80,23.80,23.70,23.60,23.70,23.50,23.60,23.80,23.60,23.90,23.80,23.50,23.70,23.60,23.70,23.60,23.60,23.60,23.50,23.40,23.50,23.50,23.40,23.20,23.50,23.50,23.60,23.70,23.50,23.60,23.50,23.50,23.60,23.60,23.60,23.50,23.70,23.60,23.60,23.60,23.60,23.50,23.50,23.70,23.80,23.40,23.60,23.60,23.40,23.40,23.50,23.60,23.60,23.60,23.60,23.60,23.70,23.50,23.50,23.50,23.70,23.70,23.70,23.50,23.50,23.60,23.50,23.60,23.70,23.70,23.80,23.70,23.60,23.60,23.60,23.70,23.50,23.50,23.40,23.50,23.60,23.50,23.50,23.50,23.70,23.80,23.60,23.50,23.50,23.50,23.50
24.60,24.60,24.60,24.40,24.50,24.60,24.60,24.50,24.50,24.50,24.50,24.60,24.60,24.50,24.90,25.30,25.80,26.50,26.90,27.60,27.90,28.20,29.10,29.60,30.10,30.40,30.60,30.90,30.60,30.60,30.60,30.60,30.60,30.60,30.60,30.50,30.30,30.30,30.50,30.60,30.80,30.80,30.70,30.90,31.00,31.20,31.00,30.90,30.90,30.50,30.30,29.40,28.80,28.00,27.60,27.10,26.60,26.10,25.90,25.90,25.90,25.80,26.00,26.10,26.40,26.70,26.90,26.90,27.10,27.10,27.20,27.40,27.40,27.50,27.70,28.00,27.90,27.90,28.20,28.50,28.60,28.60,28.90,28.70,28.60,28.50,28.30,28.30,27.90,27.40,27.30,27.10,27.10,27.20,27.20,27.20,27.30,27.40,27.40,27.30,27.10,27.20,27.00,27.30,27.40,28.00,28.70,29.50,30.30,30.90,31.10,31.30,31.50,31.70,32.00,32.30,32.80,33.40,33.60,34.00,34.50,34.80,35.30,35.40,35.60,35.90,36.00,36.20,36.10,36.20,36.30,36.40,36.20,36.30,36.10,36.10,36.10,36.00,35.90,35.80,35.90,35.80,35.80,35.60,35.60,35.50,35.50,35.40,35.50,35.10,35.00,35.10,35.00,34.90,34.80,34.90,34.60,34.50,34.20,34.20,34.00,34.00,34.00,33.60,33.70,33.30,33.30,33.10,33.00,33.00,32.70,32.70,32.70,32.40,32.40,32.20,32.10,32.00,31.80,31.60,31.60,31.60,31.20,31.20,30.80,30.80,30.70,30.50,30.40,30.50,30.50,30.00,29.40,28.40,27.70,27.10,26.40,25.90,25.20,24.80,24.50,24.10,24.00,24.20,24.10,23.90,23.90,23.90,23.80,23.80,23.90,24.00,23.90,23.90,23.90,23.60,23.90,23.60,23.80,23.70,23.80,23.60,23.90,23.80,23.70,23.80,24.10,23.60,23.60,23.90,23.80,23.80,23.90,23.90,23.60,23.90,23.80,23.70,23.60,23.90,23.90,23.80,23.60,23.60,23.40,23.50,23.50,23.60,23.60,23.70,23.80,23.60,23.60,23.60,23.60,23.60,23.60,23.80,23.80,23.90,23.80,23.80,23.80,23.70,23.60,23.80,23.60,23.70,23.70,23.70,23.80,23.90,23.70,23.60,23.80,23.50,23.60,23.80,23.60,23.70,23.80,23.90,23.90,24.00,23.90,23.80,23.80,23.80,23.80,23.60,23.70,23.70,23.60,23.50,23.60,23.70,23.60,23.80,23.80,23.70,23.80,23.60,23.70,23.70,23.60,23.60,23.80,23.70,23.60,23.50,23.40,23.50,23.60,23.50,23.80,23.60,23.60,23.60,23.60,23.40,23.60,23.50,23.40,23.50,23.60,23.60,23.60,23.50,23.60,23.60,23.50,23.60,23.50,23.80,23.70,23.50,23.50,23.70,23.60,23.50,23.60,23.60,23.60,23.60,23.70,23.60,23.60,23.60,23.70,23.60,23.60,23.60,23.70,23.60,23.60,23.60,23.60,23.80,23.70,23.60,23.50,23.60,23.60,23.50,23.60,23.50,23.50,23.70,23.70,23.50,23.60,23.60,23.40,23.60,23.70,23.70,23.60,23.50,23.40,23.40,23.50,23.70
24.60,24.60,24.60,24.50,24.40,24.50,24.50,24.50,24.60,24.60,24.40,24.40,24.50,24.40,24.80,25.10,25.90,26.40,26.90,27.70,28.00,28.50,29.20,29.70,30.10,30.60,30.80,30.90,31.10,30.90,30.90,30.90,30.90,30.80,30.60,30.50,30.40,30.30,30.50,30.50,30.40,30.50,30.50,30.50,30.50,30.60,30.50,30.40,30.20,29.80,29.60,28.90,28.60,28.10,27.40,26.70,26.10,25.60,25.20,25.20,25.20,25.50,25.50,25.80,25.90,26.10,26.40,26.40,26.70,27.00,27.00,27.00,27.10,27.30,27.60,27.90,27.90,27.90,27.90,28.20,28.30,28.30,28.40,28.30,28.30,28.50,28.10,27.80,27.60,27.40,27.20,27.20,27.10,27.10,27.30,27.20,27.10,27.00,27.10,27.10,27.10,27.00,27.00,27.30,27.60,28.30,29.00,30.00,30.30,30.80,30.90,31.30,31.50,31.50,31.60,31.90,32.10,32.70,33.10,33.50,33.60,34.20,34.60,34.90,35.30,35.50,35.90,35.80,36.00,36.10,36.10,36.10,36.10,36.30,36.10,36.00,36.10,36.10,36.10,36.00,36.00,35.90,35.80,35.80,35.90,35.70,35.70,35.50,35.60,35.20,35.40,35.30,35.40,35.20,35.00,34.80,34.80,34.80,34.70,34.30,34.10,34.00,34.00,33.70,33.60,33.50,33.20,33.20,33.10,32.90,32.70,32.90,32.60,32.50,32.60,32.30,32.10,32.10,31.80,31.70,31.50,31.60,31.30,31.10,31.10,30.80,30.80,30.60,30.50,30.60,30.40,30.00,29.60,28.70,27.70,27.10,26.60,25.80,25.40,24.80,24.50,23.90,24.10,24.30,24.10,24.00,24.10,23.90,23.90,23.80,23.90,23.90,23.80,23.80,23.90,23.60,23.80,23.80,23.80,23.90,23.90,23.60,23.70,23.80,23.90,23.80,23.70,23.90,23.80,23.70,23.80,23.80,23.80,23.80,23.70,23.80,23.90,23.80,23.70,23.70,23.80,23.80,23.90,23.70,23.60,23.60,23.80,23.80,23.60,23.60,23.70,23.70,23.60,23.70,23.70,23.60,23.70,24.00,23.80,23.50,23.80,23.80,23.60,23.70,23.70,23.70,23.80,23.60,23.80,23.80,23.80,23.70,23.80,23.60,24.00,23.80,23.70,23.80,23.80,23.90,23.80,23.70,23.60,23.90,23.70,23.60,23.70,23.80,23.80,23.70,23.80,23.70,23.60,23.60,23.50,23.50,23.50,23.60,23.60,23.70,23.70,23.50,23.60,23.70,23.50,23.40,23.30,23.40,23.50,23.50,23.60,23.60,23.50,23.50,23.60,23.60,23.50,23.60,23.60,23.60,23.70,23.60,23.20,23.50,23.70,23.80,23.70,23.50,23.70,23.60,23.60,23.80,23.50,23.50,23.50,23.60,23.60,23.80,23.60,23.60,23.70,23.60,23.50,23.50,23.60,23.60,23.60,23.60,23.60,23.60,23.60,23.60,23.60,23.70,23.70,23.50,23.60,23.60,23.50,23.50,23.50,23.50,23.50,23.60,23.60,23.70,23.60,23.50,23.50,23.50,23.60,23.60,23.50,23.60,23.60,23.70,23.60,23.50,23.40,23.50,23.70,23.80
24.60,24.50,24.40,24.40,24.40,24.50,24.50,24.40,24.60,24.70,24.50,24.50,24.50,24.50,24.90,25.30,26.00,26.40,27.10,27.60,28.00,28.50,29.40,29.90,30.10,30.80,31.10,31.30,31.40,31.40,31.30,31.30,31.30,31.20,31.00,30.90,30.70,30.80,30.30,30.40,30.50,30.30,30.40,30.20,30.10,30.20,30.30,30.10,29.80,29.60,29.00,28.50,28.20,27.80,27.10,26.20,25.90,25.40,25.00,24.80,24.80,25.00,25.20,25.30,25.40,25.60,25.90,26.10,26.10,26.40,26.60,26.70,26.80,27.00,27.20,27.40,27.30,27.60,27.60,27.70,28.00,28.00,28.00,28.00,28.00,27.80,27.60,27.60,27.40,27.30,27.30,27.10,27.10,27.00,27.00,26.90,27.00,26.90,26.90,27.00,26.90,26.70,27.00,27.30,27.80,28.70,29.50,30.00,30.30,30.60,30.90,30.90,31.20,31.50,31.50,31.70,31.80,32.20,32.40,32.90,33.20,33.70,34.00,34.40,34.60,34.90,35.40,35.40,35.70,35.70,35.90,35.90,35.90,36.10,36.10,36.10,36.10,36.20,36.20,36.20,36.20,36.10,36.00,36.10,35.90,36.00,35.90,35.60,35.50,35.60,35.50,35.40,35.40,35.00,35.20,34.90,34.90,34.80,34.60,34.40,34.10,34.10,34.00,33.90,33.70,33.70,33.50,33.30,33.00,33.00,32.90,32.80,32.70,32.70,32.50,32.40,32.10,32.20,32.00,31.80,31.70,31.50,31.30,31.20,31.20,30.80,30.80,30.60,30.60,30.80,30.50,30.00,29.60,28.60,27.90,27.20,26.50,25.80,25.50,24.80,24.50,24.10,24.10,23.90,24.00,23.90,24.00,23.80,23.80,23.90,23.80,23.80,23.90,23.70,23.90,23.80,23.90,23.60,23.80,23.90,23.70,23.60,23.60,23.70,23.60,23.60,23.90,23.70,23.70,23.70,23.60,23.70,23.70,23.60,23.60,23.80,23.80,23.80,23.70,23.50,23.80,23.70,23.80,23.50,23.70,23.70,23.60,23.60,23.80,23.60,23.60,23.60,23.70,23.80,23.60,23.60,23.70,23.70,23.80,23.70,23.60,23.70,23.80,23.60,23.80,23.70,23.80,23.80,23.80,23.60,23.70,23.70,23.60,23.80,23.80,23.40,23.80,23.80,23.60,23.80,23.80,23.60,23.70,23.80,23.80,23.80,23.60,23.60,23.80,23.80,23.90,23.70,23.80,23.80,23.80,23.80,23.70,23.60,23.60,23.60,23.60,23.60,23.60,23.50,23.50,23.60,23.60,23.20,23.30,23.60,23.70,23.70,23.70,23.60,23.60,23.50,23.50,23.70,23.60,23.60,23.60,23.60,23.60,23.70,23.60,23.60,23.50,23.60,23.60,23.50,23.60,23.60,23.60,23.30,23.60,23.80,23.60,23.70,23.80,23.70,23.60,23.70,23.70,23.60,23.60,23.60,23.50,23.50,23.70,23.50,23.70,23.90,23.60,23.60,23.60,23.50,23.50,23.50,23.60,23.50,23.40,23.50,23.60,23.80,23.60,23.60,23.60,23.60,23.60,23.60,23.70,23.70,23.60,23.50,23.60,23.70,23.60,23.50,23.50,23.60,23.60,23.80
24.40,24.40,24.40,24.40,24.30,24.60,24.70,24.60,24.60,24.60,24.60,24.60,24.70,24.90,25.00,25.40,25.90,26.30,27.20,27.70,28.20,29.20,29.60,30.00,30.40,30.90,31.20,31.70,31.70,31.70,31.80,31.70,31.60,31.50,31.30,31.20,31.10,31.10,30.60,30.50,30.40,30.40,30.40,30.20,30.00,30.00,30.30,30.00,29.40,28.80,28.60,28.00,27.70,27.50,26.70,25.90,25.70,25.20,24.90,24.90,24.60,24.60,24.90,25.00,25.10,25.40,25.80,25.70,26.00,26.20,26.20,26.40,26.60,26.60,26.70,26.90,26.90,27.10,27.30,27.40,27.50,27.50,27.50,27.60,27.70,27.70,27.50,27.40,27.10,26.90,27.00,26.90,27.00,26.90,27.00,26.90,26.70,26.60,26.60,26.70,26.70,26.90,27.10,27.50,28.00,28.90,29.60,29.80,30.30,30.60,30.80,30.70,30.90,31.10,31.30,31.40,31.60,31.90,32.10,32.30,32.60,33.00,33.40,33.80,34.10,34.40,34.90,35.00,35.20,35.40,35.60,35.60,35.70,35.80,36.00,36.20,36.40,36.40,36.20,36.40,36.20,36.20,36.20,36.20,36.00,36.10,36.00,35.90,35.90,35.70,35.60,35.60,35.50,35.10,35.30,35.20,34.90,34.80,34.80,34.50,34.40,34.20,34.00,33.90,33.80,33.60,33.50,33.30,33.40,33.10,32.80,32.90,32.70,32.90,32.40,32.30,32.10,32.20,32.00,31.80,31.70,31.50,31.40,31.30,31.10,30.80,30.80,30.70,30.50,30.90,30.70,30.00,29.60,28.70,27.90,27.30,26.50,25.90,25.40,24.90,24.40,24.20,23.90,23.90,23.90,23.90,23.80,23.90,23.80,23.80,23.90,23.80,23.70,23.80,23.60,23.80,23.70,23.60,23.80,23.90,23.90,23.70,23.80,23.80,23.80,23.80,23.90,23.80,23.80,23.70,23.80,23.70,23.70,23.60,23.60,23.80,23.80,23.70,23.50,23.50,23.90,23.80,23.60,23.70,23.70,23.60,23.60,23.60,23.80,23.60,23.60,23.70,23.60,23.60,23.50,23.80,23.60,23.70,23.80,23.90,23.80,23.60,23.70,23.80,23.70,23.60,23.80,23.80,23.80,23.80,23.80,23.90,23.60,23.40,23.60,23.80,23.80,23.60,23.50,23.80,23.80,23.70,23.80,23.80,23.80,23.80,23.70,23.60,23.80,23.80,23.90,23.80,23.70,23.90,23.60,23.70,23.70,23.60,23.60,23.60,23.60,23.60,23.60,23.60,23.60,23.60,23.40,23.40,23.50,23.60,23.60,23.70,23.60,23.60,23.50,23.50,23.60,23.60,23.50,23.60,23.70,23.60,23.60,23.60,23.50,23.50,23.50,23.50,23.50,23.50,23.50,23.50,23.60,23.60,23.60,23.50,23.50,23.50,23.80,23.70,23.70,23.90,23.70,23.80,23.80,23.70,23.60,23.60,23.80,23.40,23.50,23.60,23.50,23.60,23.60,23.60,23.60,23.60,23.80,23.60,23.60,23.60,23.80,23.70,23.50,23.70,23.80,23.80,23.70,23.70,23.60,23.70,23.70,23.40,23.50,23.60,23.50,23.50,23.40,23.50,23.60,23.60
24.50,24.50,24.60,24.60,24.50,24.60,24.60,24.70,24.70,24.60,24.50,24.50,24.60,24.80,24.90,25.30,25.80,26.40,26.90,27.50,28.00,28.90,29.50,29.90,30.70,31.10,31.50,31.80,31.70,31.80,31.80,32.00,31.90,31.70,31.60,31.60,31.50,31.30,31.20,31.00,30.80,30.70,30.60,30.50,30.30,30.10,29.90,29.70,29.40,28.90,28.30,27.90,27.60,27.10,26.20,25.70,25.30,24.90,24.60,24.60,24.50,24.40,24.60,24.80,24.90,25.10,25.20,25.40,25.50,25.70,25.80,25.90,26.20,26.10,26.20,26.30,26.20,26.30,26.50,26.90,26.90,27.00,27.00,27.10,27.20,27.00,26.90,26.90,27.00,27.10,27.00,26.80,26.90,26.70,26.90,26.70,26.70,26.40,26.60,26.40,26.40,26.70,27.10,27.70,28.30,29.00,29.60,30.10,30.10,30.30,30.30,30.50,30.80,31.00,31.10,31.30,31.40,31.60,31.70,32.00,32.10,32.30,32.90,33.10,33.40,33.70,34.40,34.60,34.60,34.90,35.10,35.20,35.40,35.60,35.70,36.10,36.00,36.10,36.30,36.40,36.40,36.40,36.40,36.40,36.10,36.30,36.20,36.10,36.10,36.00,35.80,35.70,35.60,35.50,35.50,35.10,34.90,35.00,34.60,34.50,34.40,34.20,34.10,34.20,33.90,33.90,33.60,33.50,33.10,33.10,33.00,32.90,32.80,32.70,32.70,32.50,32.40,32.20,32.10,32.00,31.80,31.50,31.50,31.30,31.30,30.90,30.80,30.80,30.60,31.00,30.60,30.20,29.50,28.70,27.90,27.20,26.70,25.90,25.30,25.10,24.40,24.20,23.90,23.90,23.80,23.80,23.90,23.90,23.90,23.90,23.60,23.80,23.80,23.90,23.80,23.80,23.80,23.70,23.80,23.90,23.90,23.80,24.00,23.70,23.70,23.60,23.80,23.80,23.80,23.80,23.70,23.80,23.70,23.80,23.60,23.80,23.80,23.80,23.60,23.60,23.90,23.60,23.50,23.70,23.50,23.70,23.60,23.50,23.80,23.50,23.80,23.60,23.60,23.60,23.60,23.80,23.60,23.60,23.50,23.60,23.50,23.60,23.90,23.80,23.80,23.60,23.70,23.70,23.70,23.70,23.80,23.60,23.70,23.40,23.60,23.40,23.60,23.60,23.80,23.70,23.80,23.80,23.80,23.80,23.60,23.70,23.60,23.80,23.90,23.80,23.90,23.80,23.70,23.90,23.80,23.80,23.70,23.90,23.70,23.50,23.60,23.60,23.60,23.60,23.60,23.50,23.50,23.70,23.60,23.70,23.70,23.60,23.60,23.60,23.50,23.60,23.60,23.70,23.70,23.80,23.90,23.90,23.60,23.50,23.60,23.70,23.70,23.60,23.70,23.50,23.50,23.60,23.70,23.50,23.70,23.60,23.50,23.50,23.50,23.60,23.80,23.80,23.50,23.40,23.40,23.70,23.70,23.80,23.80,23.80,23.80,23.80,23.80,23.60,23.60,23.70,23.70,23.70,23.80,23.60,23.70,23.70,23.60,23.50,23.30,23.80,23.80,23.80,23.60,23.60,23.60,23.50,23.40,23.30,23.40,23.50,23.60,23.60,23.60,23.80,23.80,23.40
24.60,24.50,24.80,24.80,24.70,24.60,24.60,24.50,24.60,24.80,24.60,24.50,24.60,24.60,24.80,25.20,25.60,26.20,26.90,27.60,28.20,28.70,29.20,30.00,30.60,31.00,31.50,31.80,32.10,32.20,32.10,32.10,32.10,32.00,31.90,31.70,31.50,31.60,31.60,31.50,31.20,30.90,30.90,30.90,30.60,30.50,30.20,29.70,29.30,28.60,28.10,27.70,27.40,26.90,26.10,25.80,25.40,25.10,24.80,24.70,24.40,24.30,24.30,24.40,24.60,24.60,24.90,25.10,25.20,25.30,25.40,25.50,25.60,25.80,25.90,25.90,25.80,26.10,26.30,26.20,26.30,26.40,26.70,26.60,26.50,26.50,26.60,26.60,26.40,26.70,26.70,26.70,26.70,26.60,26.50,26.30,26.40,26.40,26.30,26.30,26.50,26.80,27.30,27.90,28.60,29.30,29.50,29.80,30.10,30.30,30.30,30.40,30.80,30.80,31.00,30.90,31.20,31.40,31.60,31.70,31.80,32.30,32.50,32.50,33.00,33.10,33.50,34.00,34.10,34.30,34.60,34.80,35.00,35.30,35.30,35.50,35.70,35.90,36.10,36.30,36.40,36.50,36.60,36.50,36.40,36.50,36.60,36.40,36.20,36.30,36.00,35.90,35.70,35.60,35.50,35.20,35.10,35.00,34.80,34.60,34.60,34.40,34.40,34.10,33.90,33.90,33.40,33.70,33.40,33.20,33.10,33.00,32.90,32.80,32.60,32.60,32.60,32.30,32.00,31.90,31.80,31.70,31.50,31.50,31.20,31.00,30.80,30.90,30.80,30.80,30.70,30.20,29.70,28.80,27.80,27.30,26.70,25.90,25.40,25.10,24.40,24.20,24.00,24.00,23.90,23.80,23.90,23.70,23.90,23.80,23.80,23.70,23.60,23.80,23.50,23.60,23.90,23.60,23.80,23.70,23.80,23.80,23.80,23.90,23.80,23.80,23.90,23.90,23.80,23.90,23.70,23.80,23.70,23.90,23.70,23.60,23.80,23.80,23.80,23.90,23.60,23.80,23.80,23.50,23.90,23.60,23.60,23.50,23.70,23.70,23.60,23.70,23.60,23.60,23.60,23.70,23.60,23.60,23.60,23.70,23.60,23.70,23.60,23.70,23.70,23.70,23.70,23.70,23.70,23.60,23.80,23.90,23.90,23.50,23.80,23.80,23.70,23.80,23.80,23.70,23.80,23.60,23.80,23.80,23.80,23.80,23.50,23.60,23.90,23.80,23.70,23.90,23.60,23.70,23.40,23.60,23.50,23.60,23.70,23.60,23.60,23.80,23.70,23.60,23.60,23.50,23.60,23.60,23.80,23.50,23.60,23.50,23.50,23.50,23.60,23.60,23.50,23.50,23.60,23.90,23.90,23.80,23.60,23.60,23.50,23.70,23.80,23.90,23.90,23.50,23.60,23.60,23.50,23.40,23.50,23.50,23.50,23.50,23.50,23.60,23.60,23.70,23.50,23.60,23.80,23.80,23.50,23.60,23.80,23.80,23.70,23.60,23.60,23.90,23.70,23.60,23.60,23.60,23.60,23.60,23.60,23.60,23.80,23.50,23.40,23.60,23.80,23.70,23.80,23.60,23.50,23.60,23.80,23.70,23.60,23.60,23.80,23.70,23.60,23.70,23.60,23.60
24.70,24.60,24.60,24.60,24.80,24.80,24.70,24.80,24.80,24.80,24.60,24.50,24.70,24.70,24.70,25.10,25.60,26.40,26.90,27.30,27.90,28.60,28.90,30.00,30.50,30.90,31.40,31.90,32.10,32.10,32.20,32.20,32.20,32.00,32.00,31.90,31.80,31.80,31.70,31.50,31.30,31.20,31.20,31.20,30.60,30.60,30.30,29.80,29.30,28.50,28.20,27.80,27.30,26.60,25.90,25.50,25.20,24.90,24.80,24.60,24.40,24.40,24.30,24.20,24.40,24.40,24.60,24.70,24.80,25.10,25.10,25.20,25.20,25.50,25.40,25.40,25.40,25.30,25.50,25.80,25.70,25.80,25.90,25.80,25.90,26.00,26.00,25.90,26.40,26.30,26.50,26.60,26.40,26.50,26.30,26.20,26.10,26.00,26.30,26.40,26.70,27.00,27.60,28.20,28.70,29.00,29.40,29.70,30.10,30.10,30.10,30.40,30.50,30.70,30.80,30.80,31.00,31.20,31.40,31.40,31.60,32.00,32.10,32.50,32.60,32.70,33.00,33.50,33.60,33.60,33.90,34.20,34.60,34.60,34.80,34.90,35.60,35.60,35.80,35.90,36.30,36.20,36.50,36.40,36.80,36.50,36.60,36.60,36.50,36.30,36.20,36.00,35.90,35.70,35.60,35.40,35.40,35.20,35.00,34.90,34.80,34.50,34.10,34.20,34.20,34.10,33.70,33.50,33.50,33.20,33.10,33.10,32.90,32.90,32.70,32.70,32.50,32.40,32.10,32.00,31.80,31.80,31.60,31.30,31.10,31.20,31.10,31.00,30.90,31.10,30.90,30.30,29.70,28.90,28.00,27.30,26.50,26.00,25.40,24.90,24.50,24.30,24.00,23.90,23.90,23.90,23.90,24.00,23.70,23.60,23.70,23.80,23.80,23.50,23.90,23.80,23.90,23.70,23.70,23.80,23.50,23.80,23.80,23.70,23.80,23.80,23.80,23.80,23.90,23.70,23.60,23.80,23.70,23.80,23.60,23.70,23.60,23.70,23.70,23.60,23.50,23.60,23.60,23.80,23.50,23.50,23.60,23.60,23.60,23.60,23.60,23.70,23.60,23.60,23.60,23.70,23.50,23.80,23.70,23.80,23.80,23.50,23.50,23.70,23.80,23.80,23.70,23.70,23.60,23.60,23.60,23.40,23.60,23.70,23.80,23.50,23.60,23.80,23.70,23.80,23.60,23.60,23.80,23.60,23.50,23.80,23.60,23.80,23.70,23.70,23.60,23.80,23.70,23.50,23.70,23.50,23.80,23.60,23.50,23.80,23.80,23.80,23.70,23.60,23.60,23.60,23.60,23.70,23.50,23.50,23.50,23.40,23.40,23.50,23.50,23.60,23.50,23.50,23.50,23.60,23.70,23.70,23.60,23.60,23.70,23.50,23.60,23.60,23.50,23.60,23.60,23.50,23.50,23.50,23.70,23.60,23.60,23.70,23.70,23.50,23.60,23.70,23.60,23.50,23.60,23.70,23.50,23.60,23.60,23.60,23.60,23.60,23.60,23.80,23.80,23.80,23.70,23.50,23.60,23.60,23.60,23.60,23.80,23.60,23.60,23.60,23.60,23.60,23.90,23.60,23.50,23.50,23.50,23.60,23.60,23.60,23.60,23.60,23.60,23.60,23.60,23.60
24.70,24.70,24.60,24.40,24.70,24.80,24.60,24.70,24.80,24.60,24.60,24.60,24.60,24.80,24.90,25.20,25.60,26.20,26.60,26.90,27.60,28.20,28.80,29.80,30.30,30.80,31.40,31.60,31.80,32.00,32.00,32.10,32.10,32.00,31.90,31.70,31.70,31.60,31.60,31.60,31.30,31.30,31.40,31.40,31.20,30.90,30.60,30.10,29.20,28.70,28.30,27.90,27.30,26.60,26.20,25.80,25.40,25.20,24.80,24.50,24.50,24.60,24.60,24.40,24.30,24.50,24.40,24.30,24.40,24.60,24.90,24.90,24.80,24.90,25.10,24.90,25.00,25.10,25.10,25.30,25.40,25.20,25.10,25.20,25.40,25.40,25.60,25.50,26.10,26.20,26.40,26.30,26.20,26.40,26.30,26.40,26.10,26.00,26.20,26.20,26.70,27.10,27.60,28.30,28.60,29.00,29.40,29.60,29.60,29.80,30.10,30.00,30.30,30.60,30.60,30.80,30.90,31.10,31.20,31.30,31.60,31.70,32.00,32.20,32.50,32.60,32.60,32.60,33.00,33.10,33.30,33.60,33.80,34.10,34.30,34.50,34.90,35.40,35.50,35.60,35.90,36.10,36.40,36.40,36.70,36.50,36.70,36.60,36.60,36.60,36.40,36.20,36.10,35.80,35.80,35.50,35.50,35.10,35.10,34.90,34.80,34.70,34.50,34.50,34.20,34.10,33.90,33.70,33.50,33.40,33.50,33.20,33.10,32.80,32.90,32.70,32.40,32.30,32.20,32.00,31.90,31.80,31.70,31.30,31.10,31.20,30.90,30.90,31.10,31.10,31.00,30.20,29.70,28.80,27.90,27.60,26.70,26.10,25.50,24.90,24.30,23.90,24.00,23.90,23.80,23.70,23.60,24.00,23.80,23.70,23.60,23.80,23.60,23.90,23.80,23.60,23.90,23.90,23.80,23.80,24.00,23.70,23.70,23.60,23.60,23.80,23.90,23.70,23.60,23.60,23.60,23.80,23.90,23.60,23.80,23.80,23.80,23.70,23.70,23.50,23.50,23.70,23.60,23.80,23.90,23.80,23.70,23.60,23.60,23.60,23.80,23.80,23.60,23.60,23.60,23.50,23.70,23.70,23.60,23.70,23.50,23.60,23.60,23.70,23.60,23.70,23.70,23.80,23.50,23.60,23.60,23.80,23.90,23.70,23.80,23.80,23.80,23.70,23.80,23.70,23.60,23.50,23.80,23.80,23.80,23.60,23.60,23.70,23.70,23.80,23.60,23.70,23.60,23.80,23.80,23.50,23.50,23.60,23.80,23.90,23.70,23.70,23.60,23.50,23.50,23.40,23.40,23.40,23.40,23.60,23.50,23.50,23.50,23.50,23.50,23.40,23.40,23.40,23.50,23.60,23.70,23.70,23.60,23.50,23.60,23.40,23.60,23.60,23.60,23.60,23.60,23.50,23.50,23.60,23.80,23.70,23.70,23.70,23.70,23.50,23.60,23.60,23.70,23.50,23.60,23.70,23.80,23.60,23.70,23.60,23.50,23.60,23.60,23.60,23.80,23.70,23.70,23.90,23.80,23.50,23.70,23.70,23.60,23.50,23.70,23.90,23.60,23.60,23.60,23.60,23.60,23.50,23.60,23.80,23.40,23.30,23.20,23.50,23.60,23.60,23.60,23.60
24.80,24.80,24.80,24.90,24.80,24.60,24.60,24.80,24.80,24.80,24.80,24.80,24.60,24.60,24.80,25.00,25.10,25.80,26.20,26.70,27.30,27.70,28.50,29.30,29.80,30.10,30.80,31.20,31.50,31.70,31.70,31.80,31.70,31.80,31.70,31.50,31.40,31.60,31.60,31.50,31.30,31.30,31.10,31.10,31.20,31.10,30.60,30.00,29.30,28.90,28.50,28.00,27.20,26.60,26.10,25.70,25.40,24.90,24.80,24.50,24.50,24.60,24.50,24.30,24.10,24.10,24.10,24.40,24.40,24.40,24.60,24.60,24.50,24.40,24.80,24.70,24.70,24.70,24.80,24.80,25.00,24.90,24.80,24.80,24.90,24.90,25.30,25.20,25.80,25.90,26.20,26.00,26.20,26.10,25.90,25.90,26.00,25.60,26.10,26.40,26.90,27.10,27.90,28.30,28.50,29.00,29.40,29.60,29.60,29.70,30.00,30.10,30.20,30.50,30.50,30.60,30.80,30.90,31.10,31.20,31.60,31.60,31.70,32.10,32.70,32.50,32.40,32.40,32.60,32.60,32.60,32.90,33.10,33.60,33.70,33.90,34.20,34.60,35.00,35.40,35.30,35.90,36.00,36.20,36.50,36.50,36.70,36.60,36.50,36.60,36.80,36.50,36.20,36.00,36.00,35.60,35.50,35.50,35.20,35.00,34.90,34.80,34.60,34.40,34.20,34.10,33.80,33.80,33.60,33.40,33.30,33.10,33.20,32.70,33.00,32.70,32.50,32.50,32.30,32.10,31.80,31.70,31.60,31.40,31.30,31.20,31.20,30.90,31.10,31.20,31.00,30.20,29.70,28.90,27.90,27.30,26.70,26.10,25.10,25.00,24.40,24.30,23.90,23.90,23.90,23.80,23.90,23.70,23.60,23.50,23.90,23.90,23.90,23.80,23.80,23.80,23.60,23.70,23.80,23.80,23.80,23.80,23.80,23.70,23.60,23.70,23.90,23.70,23.70,23.70,23.60,23.80,23.80,23.60,23.70,23.80,23.70,23.90,23.50,23.70,23.60,23.70,23.80,23.90,23.60,23.60,23.50,23.60,23.60,23.60,23.80,23.70,23.60,23.60,23.50,23.70,23.60,23.60,23.60,23.80,23.50,23.60,23.70,23.80,23.70,23.60,23.70,23.80,23.40,23.60,23.60,23.70,23.80,23.90,23.70,23.70,23.70,23.70,23.80,23.70,23.70,23.60,23.60,23.80,23.70,23.80,23.60,23.90,23.90,23.80,23.60,23.80,23.60,23.90,23.60,23.60,23.80,23.60,23.70,23.70,23.70,23.50,23.50,23.50,23.50,23.70,23.60,23.50,23.50,23.50,23.40,23.60,23.60,23.60,23.50,23.40,23.50,23.60,23.40,23.50,23.60,23.60,23.50,23.50,23.40,23.70,23.60,23.50,23.50,23.50,23.50,23.60,23.50,23.50,23.60,23.60,23.60,23.60,23.60,23.50,23.50,23.60,23.70,23.60,23.50,23.50,23.60,23.40,23.40,23.50,23.50,23.50,23.50,23.50,23.90,23.90,23.70,23.40,23.50,23.60,23.60,23.60,23.50,23.80,23.80,23.70,23.60,23.60,23.60,23.80,23.80,23.50,23.60,23.60,23.50,23.50,23.50,23.60,23.60,23.50,23.60,23.60
24.90,24.80,24.80,24.80,24.90,24.90,24.80,24.80,24.90,25.10,25.10,24.90,24.90,24.90,25.00,25.10,25.10,25.40,25.80,26.50,27.00,27.50,28.00,28.90,29.40,29.90,30.30,30.60,31.10,31.20,31.30,31.30,31.30,31.40,31.40,31.30,31.10,31.20,31.50,31.20,31.20,31.30,31.50,31.20,31.30,31.20,30.90,30.00,29.20,29.00,28.50,27.90,27.10,26.70,26.40,26.00,25.40,24.80,24.80,24.70,24.40,24.20,24.30,24.60,24.60,24.50,24.40,24.40,24.60,24.50,24.40,24.30,24.60,24.60,24.60,24.60,24.60,24.60,24.60,24.60,24.60,24.60,24.60,24.60,24.40,24.50,25.00,25.20,25.50,25.70,25.90,25.80,25.90,25.80,25.80,25.80,25.50,25.90,26.30,26.40,26.90,27.30,27.70,28.20,28.30,28.60,29.00,29.10,29.40,29.50,29.70,29.70,29.80,30.30,30.20,30.40,30.40,30.60,30.90,31.20,31.30,31.50,31.70,32.10,32.00,32.20,32.30,32.50,32.50,32.20,32.30,32.50,32.70,33.00,33.10,33.40,33.50,34.00,34.50,34.80,35.10,35.60,35.80,36.00,36.30,36.20,36.40,36.60,36.40,36.60,36.60,36.40,36.30,36.20,36.20,36.00,35.80,35.60,35.40,35.30,35.10,34.90,34.80,34.50,34.30,34.20,34.00,33.80,33.70,33.50,33.60,33.20,33.20,33.20,33.00,32.90,32.50,32.50,32.30,32.10,31.90,31.80,31.70,31.80,31.50,31.50,31.20,31.10,31.10,31.20,30.90,30.30,29.60,28.70,27.90,27.10,26.60,25.90,25.20,24.90,24.50,24.00,24.10,23.90,23.80,23.80,23.90,23.90,23.80,24.00,23.80,23.90,23.60,23.80,23.70,23.60,23.60,23.90,23.90,23.90,23.60,23.80,23.80,23.80,23.70,23.90,23.80,23.60,23.80,23.80,23.60,23.60,23.60,23.80,23.60,23.90,23.60,23.70,23.50,23.80,23.60,23.60,23.40,23.60,23.60,23.60,23.70,23.50,23.50,23.60,23.70,23.60,23.60,23.60,23.90,23.80,23.70,23.70,23.80,23.70,23.70,23.60,23.50,23.80,23.60,23.60,23.60,23.60,23.60,23.60,23.50,23.60,23.50,23.80,23.80,23.70,23.80,23.70,23.70,23.70,23.70,23.70,23.80,23.80,23.90,23.90,23.90,23.80,24.00,23.70,23.60,23.70,23.60,23.90,23.60,23.60,23.50,23.60,23.40,23.70,23.70,23.40,23.60,23.50,23.60,23.50,23.40,23.60,23.50,23.40,23.50,23.70,23.50,23.50,23.50,23.50,23.60,23.60,23.40,23.40,23.50,23.50,23.50,23.50,23.50,23.70,23.50,23.50,23.60,23.60,23.50,23.50,23.40,23.50,23.60,23.60,23.70,23.60,23.40,23.30,23.60,23.60,23.60,23.60,23.50,23.60,23.70,23.60,23.60,23.60,23.60,23.60,23.60,23.50,23.80,23.50,23.40,23.30,23.40,23.50,23.40,23.40,23.50,23.80,23.60,23.50,23.60,23.70,23.70,23.70,23.60,23.50,23.40,23.50,23.60,23.60,23.50,23.40,23.50,23.70,23.70,23.70
24.90,25.00,25.10,25.10,25.10,25.00,25.00,25.00,25.20,25.20,25.30,25.10,25.10,25.10,25.10,25.10,25.20,25.30,25.60,26.30,26.70,27.10,27.60,28.00,28.50,29.20,29.70,30.00,30.40,30.60,30.90,30.90,30.80,30.80,30.80,30.90,30.70,30.80,31.10,30.80,31.00,31.00,30.90,31.10,31.20,31.20,31.00,30.10,29.40,29.00,28.60,27.90,27.10,26.60,26.20,26.10,25.20,24.80,24.80,24.90,24.80,24.40,24.50,24.60,24.40,24.60,24.60,24.50,24.60,24.60,24.40,24.40,24.40,24.50,24.70,24.60,24.40,24.30,24.40,24.50,24.30,24.50,24.30,24.60,24.10,24.10,24.60,25.10,25.10,25.30,25.70,25.50,25.60,25.70,25.80,25.80,25.60,25.90,26.10,26.40,26.80,27.20,27.30,27.90,28.20,28.50,28.70,28.80,29.00,29.20,29.40,29.70,29.70,29.70,30.00,30.10,30.10,30.40,30.60,30.90,31.20,31.20,31.40,31.70,32.00,32.10,32.20,32.10,32.30,32.00,32.00,32.00,32.10,32.30,32.50,32.60,33.00,33.40,33.90,34.20,34.50,34.80,35.30,35.40,35.80,36.00,36.00,36.10,36.30,36.50,36.50,36.50,36.60,36.30,36.20,36.00,35.90,35.70,35.60,35.50,35.30,35.00,34.80,34.90,34.50,34.40,34.20,34.10,33.80,33.70,33.60,33.50,33.40,33.20,33.10,33.00,32.90,32.30,32.50,32.40,32.00,32.10,31.80,31.50,31.30,31.30,31.20,31.20,31.30,31.30,31.20,30.40,29.70,29.00,28.10,27.70,26.60,26.10,25.60,24.70,24.30,24.20,23.80,23.90,24.00,23.70,23.80,23.80,23.80,23.90,24.10,23.90,23.90,23.80,23.80,23.70,23.60,23.70,23.80,23.90,23.70,23.90,23.80,23.90,23.70,23.90,23.80,23.70,23.70,23.80,23.80,23.60,23.70,23.60,23.70,23.60,23.50,23.70,23.70,23.80,23.80,23.70,23.60,23.50,23.60,23.60,23.60,23.50,23.40,23.60,23.70,23.80,23.60,23.50,23.40,23.70,23.60,23.50,23.80,23.60,23.50,23.60,23.80,23.80,23.70,23.80,23.60,23.80,23.80,23.60,23.80,23.80,23.80,23.80,23.90,23.80,23.80,23.60,23.70,23.70,23.70,23.90,23.60,23.60,23.60,23.90,23.60,23.80,23.80,23.60,23.80,23.80,23.50,23.80,23.60,23.60,23.80,23.50,23.70,23.70,23.70,23.50,23.50,23.50,23.60,23.60,23.70,23.80,23.80,23.60,23.60,23.60,23.40,23.40,23.40,23.40,23.30,23.30,23.40,23.60,23.60,23.50,23.60,23.60,23.50,23.50,23.70,23.80,23.80,23.70,23.70,23.70,23.50,23.60,23.60,23.60,23.80,23.70,23.80,23.80,23.50,23.60,23.50,23.40,23.50,23.60,23.70,23.60,23.40,23.60,23.70,23.80,23.70,23.60,23.70,23.50,23.50,23.50,23.50,23.50,23.60,23.60,23.50,23.50,23.50,23.60,23.60,23.60,23.50,23.60,23.60,23.60,23.50,23.60,23.80,23.60,23.50,23.60,23.80,23.70,23.60,23.60
24.90,24.90,25.00,25.20,25.20,25.20,25.20,25.40,25.50,25.40,25.30,25.50,25.50,25.30,25.30,25.20,25.20,25.50,25.60,26.00,26.40,27.00,27.50,27.70,28.00,28.80,29.20,29.50,30.00,30.10,30.10,30.10,30.30,30.20,30.30,30.30,30.40,30.40,30.50,30.40,30.50,30.60,30.40,30.40,30.60,30.90,30.80,30.20,29.70,29.20,28.50,27.90,27.30,26.70,26.20,25.80,25.30,24.90,24.80,24.70,24.80,24.60,24.50,24.50,24.50,24.50,24.60,24.70,24.60,24.50,24.60,24.50,24.60,24.50,24.50,24.50,24.60,24.70,24.40,24.50,24.40,24.60,24.30,24.50,24.40,24.40,24.60,24.60,24.90,25.10,25.50,25.60,25.50,25.50,25.50,25.50,25.60,25.60,25.90,26.40,26.50,27.00,27.00,27.50,27.70,28.20,28.30,28.50,28.90,28.90,29.10,29.20,29.70,29.60,29.70,29.90,30.10,30.20,30.50,30.80,31.00,30.90,31.50,31.50,31.80,32.10,32.00,32.00,31.90,31.80,31.80,31.70,31.60,31.80,32.10,32.00,32.50,32.60,33.20,33.60,33.90,34.20,34.60,35.00,35.40,35.50,35.70,36.00,36.10,36.20,36.10,36.20,36.40,36.20,36.40,36.10,36.10,36.00,35.80,35.60,35.40,35.10,35.00,35.00,34.60,34.40,34.20,34.10,33.90,33.80,33.70,33.60,33.40,33.10,33.30,33.00,33.00,32.90,32.70,32.40,32.20,32.10,32.00,32.00,31.70,31.50,31.50,31.10,31.30,31.20,31.00,30.80,29.70,28.80,27.90,27.30,26.90,26.10,25.70,24.90,24.60,23.90,24.10,23.90,24.00,23.80,23.80,23.80,23.90,23.80,23.80,23.80,23.80,23.80,23.90,23.70,23.70,23.80,23.70,23.80,23.70,23.70,23.80,23.80,23.70,23.80,23.60,23.80,23.80,23.60,23.60,23.50,23.80,23.50,23.80,23.50,23.70,23.60,23.60,23.70,23.70,23.70,23.70,23.80,23.50,23.60,23.40,23.60,23.40,23.70,23.50,23.50,23.60,23.50,23.60,23.70,23.80,23.60,23.50,23.80,23.60,23.50,23.80,23.80,23.80,23.60,23.60,23.60,23.90,23.70,23.70,23.80,23.70,23.70,23.80,23.70,23.70,23.80,23.60,23.70,23.80,23.80,23.50,24.00,23.60,23.60,23.70,23.80,23.60,23.80,23.90,23.90,23.60,23.70,23.70,23.60,23.80,23.60,23.70,23.60,23.70,23.60,23.60,23.50,23.60,23.60,23.50,23.50,23.60,23.60,23.40,23.50,23.40,23.50,23.30,23.50,23.50,23.50,23.50,23.40,23.40,23.70,23.60,23.50,23.50,23.60,23.70,23.80,23.60,23.60,23.60,23.50,23.70,23.60,23.60,23.60,23.80,23.50,23.40,23.50,23.60,23.50,23.60,23.50,23.40,23.80,23.60,23.50,23.40,23.50,23.50,23.50,23.50,23.60,23.80,23.80,23.70,23.60,23.60,23.50,23.40,23.60,23.60,23.50,23.50,23.60,23.60,23.60,23.70,23.70,23.80,23.80,23.50,23.70,23.80,23.70,23.70,23.60,23.60,23.60,23.80,23.70
25.30,25.40,25.10,25.40,25.40,25.40,25.40,25.50,25.60,25.60,25.60,25.60,25.50,25.50,25.50,25.50,25.40,25.50,25.80,25.90,26.20,26.60,27.00,27.30,27.70,28.70,28.90,29.20,29.70,29.70,29.70,29.80,29.80,30.00,30.00,30.10,30.10,30.10,30.20,30.20,30.10,30.00,30.20,30.30,30.50,30.70,30.50,30.20,29.80,29.30,28.90,28.20,27.60,27.00,26.30,25.70,25.20,25.00,24.80,24.70,24.80,24.90,24.80,24.80,24.60,24.60,24.60,24.80,24.50,24.60,24.60,24.80,24.80,24.70,24.70,24.70,24.40,24.60,24.60,24.60,24.50,24.40,24.40,24.60,24.60,24.60,24.50,24.60,24.90,25.10,25.20,25.50,25.50,25.50,25.40,25.40,25.40,25.60,25.90,26.10,26.30,26.70,26.70,27.20,27.20,27.70,27.90,28.10,28.30,28.40,28.60,28.90,29.20,29.20,29.20,29.60,29.90,30.10,30.20,30.50,30.70,30.80,31.30,31.40,31.50,31.70,31.70,31.90,31.80,31.80,31.70,31.60,31.60,31.50,31.60,31.60,32.00,32.00,32.50,33.00,33.10,33.60,34.00,34.40,34.80,35.30,35.50,35.70,35.90,36.00,36.00,36.10,36.10,36.20,36.30,36.10,36.10,36.20,35.90,35.60,35.60,35.40,35.30,35.00,34.80,34.50,34.30,34.10,34.00,33.80,33.90,33.70,33.60,33.30,33.20,33.00,33.00,32.80,32.80,32.40,32.30,32.20,32.20,31.90,31.60,31.60,31.50,31.30,31.30,31.40,31.30,30.60,30.00,29.00,28.30,27.60,26.70,26.20,25.40,24.80,24.50,24.00,23.90,23.90,23.90,23.80,23.80,23.60,23.90,23.60,23.90,23.90,24.00,23.80,23.80,23.70,23.80,23.80,23.60,23.80,23.70,23.60,23.70,23.80,23.80,23.70,23.60,23.60,23.70,23.60,23.90,23.80,23.80,23.50,23.80,23.70,23.80,23.50,23.60,23.70,23.60,23.60,23.50,23.80,23.60,23.50,23.50,23.50,23.40,23.50,23.60,23.60,23.60,23.50,23.60,23.60,23.60,23.60,23.50,23.60,23.60,23.60,23.70,23.80,23.80,23.60,23.60,23.80,23.40,23.90,23.80,23.80,23.80,23.90,23.80,23.70,23.60,23.70,23.80,23.90,23.60,23.80,23.80,23.70,23.60,23.60,23.70,23.90,23.90,23.80,23.70,23.80,23.60,23.60,23.70,23.60,23.60,23.80,23.60,23.50,23.70,23.60,23.60,23.60,23.60,23.50,23.40,23.50,23.40,23.30,23.40,23.50,23.40,23.50,23.60,23.70,23.60,23.50,23.50,23.50,23.50,23.60,23.60,23.50,23.60,23.60,23.60,23.70,23.60,23.50,23.50,23.60,23.50,23.50,23.60,23.60,23.70,23.40,23.60,23.60,23.30,23.50,23.60,23.60,23.60,23.70,23.60,23.60,23.40,23.50,23.70,24.10,23.60,23.50,23.60,23.90,23.70,23.60,23.70,23.60,23.60,23.40,23.50,23.50,23.50,23.50,23.50,23.70,23.60,23.60,23.50,23.50,23.60,23.50,23.50,23.80,23.60,23.50,23.50,23.50,23.70,23.60
25.40,25.40,25.20,25.40,25.50,25.60,25.80,25.90,26.20,26.20,25.90,25.80,25.80,25.80,25.70,25.60,25.80,25.60,25.40,25.80,26.30,26.80,27.00,27.30,27.80,28.50,28.90,29.00,29.30,29.60,29.70,30.00,29.90,29.80,29.70,30.00,30.00,30.00,29.80,30.00,30.00,29.80,30.20,30.00,30.00,30.30,30.30,30.00,29.60,29.10,28.60,28.30,27.70,27.10,26.50,25.60,25.10,24.90,24.90,25.00,24.80,24.40,24.40,24.30,24.40,24.50,24.50,24.50,24.40,24.70,24.40,24.30,24.40,24.70,24.80,24.60,24.60,24.50,24.60,24.60,24.50,24.40,24.40,24.40,24.60,24.70,24.80,24.80,24.80,25.00,25.20,25.40,25.40,25.40,25.40,25.20,25.20,25.30,25.60,25.90,26.00,26.40,26.30,26.80,27.00,27.20,27.30,27.40,27.70,28.20,28.40,28.60,28.70,28.70,29.30,29.40,29.50,29.80,30.00,30.00,30.30,30.80,30.90,31.30,31.40,31.50,31.50,31.50,31.40,31.60,31.50,31.50,31.30,31.30,31.30,31.30,31.50,31.70,31.90,32.20,32.50,33.00,33.40,33.70,34.00,34.20,34.60,35.30,35.50,35.60,35.50,35.90,35.90,36.00,36.00,36.00,36.20,36.20,36.00,35.70,35.70,35.70,35.50,35.10,34.90,34.70,34.60,34.40,34.10,34.00,33.90,33.70,33.50,33.50,33.30,33.20,32.90,33.00,32.80,32.60,32.40,32.50,32.10,32.00,31.80,31.60,31.50,31.50,31.40,31.40,31.30,30.80,29.90,29.00,28.00,27.60,26.90,25.90,25.50,24.90,24.20,23.90,24.00,23.80,23.80,23.60,23.80,23.90,23.80,23.70,23.60,23.90,23.90,23.70,23.70,23.60,23.80,23.60,23.80,23.70,23.70,23.60,23.50,23.80,23.80,23.80,23.80,23.70,23.80,23.80,23.50,23.50,23.40,23.80,23.60,23.80,23.70,23.50,23.60,23.50,23.50,23.70,23.60,23.50,23.50,23.50,23.70,23.70,23.50,23.70,23.60,23.60,23.40,23.50,23.80,23.60,23.60,23.80,23.60,23.80,23.60,23.70,23.80,23.60,23.60,23.80,23.70,23.90,23.80,23.70,23.80,23.70,23.60,23.60,23.60,23.70,23.60,23.80,23.80,23.80,23.60,23.60,23.60,23.60,23.60,23.60,23.80,23.90,23.80,23.60,23.70,23.70,23.70,23.70,23.70,23.80,23.80,23.60,23.50,23.60,23.50,23.60,23.60,23.70,23.50,23.50,23.60,23.60,23.60,23.70,23.80,23.60,23.50,23.60,23.80,23.60,23.50,23.50,23.60,23.50,23.40,23.50,23.40,23.40,23.60,23.60,23.60,23.50,23.40,23.40,23.60,23.60,23.40,23.60,23.50,23.50,23.60,23.60,23.70,23.70,23.60,23.50,23.70,23.60,23.40,23.60,23.60,23.50,23.50,23.40,23.50,23.50,23.60,23.60,23.60,23.80,23.60,23.60,23.60,23.60,23.60,23.40,23.50,23.60,23.60,23.60,23.60,23.60,23.50,23.50,23.50,23.50,23.50,23.60,23.60,23.50,23.50,23.50,23.50,23.60,23.60,23.60
25.40,25.40,25.40,25.50,25.70,26.00,26.20,26.30,26.50,26.40,26.20,26.20,26.20,26.20,25.90,25.60,25.90,26.00,25.80,26.20,26.50,26.90,27.20,27.30,28.10,28.30,28.70,28.90,29.30,29.70,30.00,30.00,30.00,30.00,29.90,29.80,30.00,30.10,30.20,30.10,29.80,29.80,30.10,30.00,29.90,30.10,30.10,30.00,29.70,29.40,28.60,28.10,27.50,27.00,26.40,25.60,25.20,24.90,24.80,24.80,24.40,24.60,24.60,24.50,24.40,24.50,24.50,24.40,24.50,24.60,24.60,24.70,24.60,24.60,24.70,24.60,24.60,24.60,24.80,24.60,24.80,24.70,24.60,24.80,24.90,24.80,24.80,24.90,25.10,25.20,25.20,25.20,25.10,25.10,25.10,25.20,25.30,25.40,25.40,25.50,25.60,26.00,26.10,26.30,26.50,26.90,27.00,27.00,27.00,27.80,28.00,28.10,28.30,28.50,28.70,28.90,29.00,29.40,29.60,29.70,30.00,30.30,30.60,31.00,31.10,31.20,31.30,31.30,31.30,31.30,31.50,31.20,31.30,31.20,31.30,31.10,31.20,31.30,31.50,31.50,32.00,32.20,32.50,32.90,33.50,33.90,34.20,34.60,35.00,35.30,35.20,35.50,35.70,35.80,35.70,35.90,35.70,35.90,35.80,35.90,35.90,35.90,35.60,35.40,35.30,35.00,34.80,34.50,34.30,34.30,34.00,34.00,33.70,33.60,33.60,33.30,33.00,33.10,32.90,32.60,32.40,32.40,32.10,31.90,32.00,31.60,31.50,31.50,31.50,31.50,31.10,30.90,30.10,29.00,28.00,27.40,26.60,25.90,25.50,25.00,24.30,24.10,23.90,23.90,23.90,23.80,23.60,23.80,23.80,23.90,23.60,23.80,23.70,23.60,23.70,23.60,23.80,23.60,23.60,23.80,23.60,23.70,23.80,23.80,23.60,23.80,23.80,23.60,23.60,23.90,23.70,23.60,23.60,23.70,23.80,23.80,23.60,23.50,23.70,23.80,23.60,23.60,23.60,23.50,23.60,23.60,23.60,23.60,23.50,23.60,23.50,23.50,23.60,23.60,23.80,23.70,23.70,23.60,23.80,23.80,23.60,23.60,23.60,23.80,23.60,23.90,23.60,23.80,23.80,23.70,23.80,23.60,23.80,23.70,23.60,23.90,23.60,23.80,23.70,23.70,23.70,23.50,23.80,23.60,23.80,23.80,23.90,24.00,23.80,23.80,23.80,23.80,23.80,23.70,23.70,23.60,23.80,23.80,23.60,23.40,23.50,23.60,23.50,23.60,23.50,23.50,23.60,23.50,23.50,23.60,23.50,23.40,23.40,23.50,23.60,23.50,23.60,23.60,23.70,23.70,23.70,23.60,23.50,23.60,23.60,23.60,23.60,23.50,23.50,23.50,23.60,23.60,23.50,23.40,23.50,23.60,23.70,23.60,23.60,23.60,23.60,23.60,23.70,23.70,23.70,23.50,23.50,23.60,23.60,23.50,23.60,23.70,23.70,23.70,23.60,23.50,23.60,23.60,23.50,23.60,23.60,23.50,23.50,23.50,23.40,23.70,23.80,23.50,23.50,23.50,23.60,23.50,23.50,23.50,23.40,23.30,23.40,23.40,23.50,23.60,23.70,23.60
25.40,25.50,25.50,25.90,26.30,26.60,26.70,26.80,26.90,26.90,26.70,26.60,26.60,26.40,26.40,26.40,26.40,26.40,26.20,26.50,26.60,27.10,27.40,27.60,28.30,28.50,28.60,29.20,29.60,29.90,30.10,30.40,30.50,30.50,30.50,30.30,30.20,30.40,30.30,30.20,30.20,30.00,30.10,30.10,30.10,30.20,30.00,29.80,29.60,29.20,28.60,28.20,27.70,27.20,26.40,25.70,25.40,24.90,24.80,24.80,24.60,24.70,24.70,24.60,24.50,24.40,24.60,24.60,24.40,24.60,24.80,24.80,24.70,24.60,24.60,24.80,24.70,24.70,24.90,24.70,24.80,24.90,24.80,24.80,24.70,24.90,24.90,24.90,25.10,25.20,25.10,25.10,25.10,25.00,25.10,25.10,24.90,25.00,25.10,25.20,25.40,25.60,25.70,26.10,26.10,26.40,26.60,26.60,26.70,27.10,27.40,27.60,27.70,27.90,28.30,28.60,28.90,29.00,29.30,29.30,29.70,30.00,30.30,30.60,30.70,30.90,31.20,31.20,31.20,31.20,31.20,31.10,31.10,31.10,31.00,31.00,31.10,31.20,31.30,31.50,31.70,31.70,32.00,32.30,32.80,33.10,33.50,34.00,34.40,34.60,34.80,35.30,35.50,35.60,35.70,35.70,35.70,35.60,35.70,35.70,35.70,35.90,35.50,35.60,35.40,35.30,34.80,34.60,34.60,34.20,34.20,34.20,34.00,33.60,33.60,33.50,33.20,33.20,32.90,32.70,32.70,32.50,32.10,31.90,32.00,31.80,31.50,31.60,31.60,31.60,31.20,30.90,30.20,29.10,28.20,27.60,26.70,26.10,25.40,24.90,24.30,24.10,23.90,23.90,23.80,23.90,23.70,23.80,23.90,23.90,23.80,23.80,23.60,23.50,23.80,23.60,23.60,23.60,23.70,23.80,23.50,23.80,23.70,23.90,23.80,23.60,23.60,23.80,23.60,23.50,23.60,23.90,23.80,23.60,23.80,23.60,23.70,23.90,23.70,23.70,23.50,23.80,23.60,23.70,23.60,23.50,23.50,23.50,23.60,23.50,23.60,23.60,23.60,23.60,23.80,23.70,23.60,23.80,23.60,23.90,23.70,23.70,23.70,23.80,23.80,23.90,23.60,23.80,23.60,23.70,23.70,23.70,23.80,23.80,23.70,23.80,23.60,23.80,23.70,23.80,23.70,23.80,23.70,23.80,23.80,23.80,23.80,23.80,23.90,23.80,23.60,23.70,23.80,23.80,23.80,23.70,23.60,23.50,23.60,23.60,23.70,23.60,23.50,23.50,23.50,23.50,23.60,23.50,23.50,23.60,23.70,23.60,23.60,23.60,23.50,23.50,23.70,23.60,23.60,23.60,23.60,23.50,23.30,23.60,23.50,23.70,23.60,23.60,23.80,23.50,23.70,23.80,23.80,23.60,23.60,23.60,23.60,23.60,23.50,23.50,23.40,23.40,23.60,23.80,23.80,23.60,23.50,23.40,23.50,23.50,23.70,23.80,23.60,23.60,23.60,23.80,23.70,23.60,23.60,23.60,23.60,23.70,23.50,23.60,23.60,23.60,23.60,23.50,23.50,23.50,23.60,23.50,23.50,23.60,23.60,23.60,23.60,23.60,23.50,23.50,23.50,23.50
25.50,25.60,26.10,26.40,26.50,26.70,26.70,27.10,27.10,27.20,27.20,27.00,26.60,26.90,26.90,26.90,27.00,26.90,26.70,26.70,26.70,27.40,27.40,27.70,28.20,28.70,29.20,29.70,30.00,30.10,30.50,30.80,30.90,30.90,30.80,30.60,30.60,30.80,31.00,31.10,30.80,30.50,30.40,30.30,30.20,30.30,30.10,29.80,29.40,29.30,28.90,28.30,27.90,27.40,26.40,25.90,25.60,25.20,24.80,24.60,24.60,24.40,24.40,24.70,24.80,24.60,24.60,24.60,24.50,24.60,24.60,24.80,24.80,24.70,24.60,24.80,24.80,24.80,24.90,24.60,24.70,24.80,25.10,25.00,24.80,24.90,25.00,25.10,25.20,25.10,24.90,25.10,25.10,25.00,25.00,24.90,25.00,25.10,24.90,25.10,25.10,25.30,25.50,25.60,25.70,25.80,26.10,26.10,26.10,26.60,26.80,27.00,27.30,27.40,27.60,27.90,28.00,28.70,28.90,29.00,29.30,29.70,29.90,30.20,30.20,30.50,30.60,30.80,30.90,30.80,30.60,30.50,30.80,30.90,31.00,31.00,30.80,31.10,31.10,31.20,31.60,31.30,31.50,31.80,32.20,32.50,32.90,33.20,33.70,34.20,34.40,34.50,35.10,35.10,35.30,35.30,35.40,35.50,35.60,35.50,35.60,35.70,35.60,35.50,35.50,35.20,35.00,34.90,34.60,34.50,34.20,34.30,34.00,33.90,33.80,33.60,33.40,33.20,33.10,32.90,32.80,32.50,32.30,32.10,32.00,31.80,31.60,31.70,31.70,31.70,31.30,31.00,30.20,29.30,28.30,27.60,26.70,26.00,25.40,24.90,24.30,24.10,23.90,23.70,23.70,23.90,23.90,23.80,24.00,23.80,23.90,24.00,23.80,23.50,23.80,23.90,23.70,23.70,23.70,23.80,23.60,23.80,23.80,23.80,23.80,23.90,23.90,23.70,23.60,23.80,23.80,23.80,23.80,23.80,23.90,23.50,23.70,23.90,23.80,23.70,23.70,23.80,23.60,23.60,23.60,23.40,23.50,23.50,23.50,23.60,23.60,23.40,23.40,23.50,23.60,23.60,23.80,23.70,23.60,23.80,23.80,23.80,23.80,23.80,23.90,23.60,23.80,23.60,23.60,23.40,23.50,23.80,23.80,23.60,23.60,23.70,23.60,23.80,23.60,23.70,23.60,23.80,23.60,23.60,23.70,23.90,23.80,23.70,23.60,23.60,23.60,23.60,23.60,23.80,23.60,23.80,23.80,23.70,23.70,23.50,23.40,23.50,23.60,23.50,23.60,23.50,23.50,23.40,23.50,23.40,23.40,23.50,23.60,23.50,23.40,23.40,23.70,23.60,23.50,23.60,23.60,23.50,23.60,23.60,23.40,23.50,23.60,23.50,23.70,23.60,23.70,23.60,23.70,23.60,23.60,23.60,23.70,23.70,23.50,23.60,23.50,23.40,23.50,23.50,23.40,23.20,23.50,23.60,23.50,23.40,23.80,23.70,23.50,23.80,23.60,23.40,23.40,23.50,23.60,23.50,23.60,23.80,23.70,23.60,23.60,23.60,23.60,23.70,23.80,23.80,23.80,23.60,23.50,23.60,23.60,23.70,23.60,23.60,23.70,23.70,23.60,23.60
25.80,25.90,26.40,26.60,26.70,26.90,27.10,27.40,27.40,27.50,27.30,27.30,27.10,27.10,27.10,27.10,27.00,26.90,27.00,27.00,27.00,27.50,27.70,28.00,28.50,29.10,29.60,29.70,30.10,30.50,31.10,31.20,31.20,31.30,31.30,31.30,31.20,31.30,31.30,31.30,31.20,30.80,30.90,30.90,30.70,30.50,30.60,30.60,30.20,29.40,29.20,28.70,28.20,27.60,26.50,26.20,25.80,25.40,24.90,24.80,24.60,24.50,24.50,24.60,24.70,24.60,24.50,24.50,24.40,24.40,24.80,24.80,24.50,24.60,24.60,24.80,24.80,24.80,24.80,24.90,24.80,24.80,24.90,24.90,24.90,24.90,24.90,24.90,25.00,25.10,25.00,24.80,25.10,24.90,24.90,24.90,24.90,24.90,24.90,25.00,25.10,25.00,25.10,25.40,25.40,25.50,25.70,25.60,25.90,26.10,26.50,26.90,26.80,27.00,27.10,27.50,27.70,27.90,28.40,28.80,28.90,29.30,29.60,29.60,29.90,30.10,30.20,30.20,30.30,30.50,30.60,30.40,30.50,30.50,30.60,30.60,30.80,30.90,30.90,30.90,31.30,31.30,31.40,31.60,31.80,32.00,32.30,32.60,33.10,33.60,33.90,34.10,34.40,34.60,34.90,34.80,35.40,35.50,35.50,35.30,35.60,35.70,35.60,35.40,35.40,35.40,35.20,34.90,34.70,34.50,34.20,34.20,34.10,34.10,33.90,34.00,33.70,33.20,33.10,32.90,32.90,32.60,32.50,32.20,32.00,32.00,31.80,31.70,32.00,31.70,31.50,31.10,30.10,29.10,28.30,27.50,27.00,26.10,25.50,24.80,24.30,24.20,24.00,24.10,23.90,23.80,23.80,23.80,23.90,23.80,23.90,23.80,23.70,23.80,23.80,23.60,23.90,23.80,23.70,23.80,23.90,23.80,23.80,23.70,23.70,23.80,23.70,23.60,23.80,23.90,23.70,23.90,23.80,23.70,23.80,23.70,23.80,23.80,23.80,23.60,23.80,23.70,23.70,23.80,23.50,23.60,23.80,23.80,23.70,23.70,23.60,23.50,23.30,23.60,23.60,23.50,23.80,23.70,23.60,23.80,23.60,23.60,23.50,23.60,23.60,23.80,23.80,23.70,23.80,23.50,23.60,23.80,23.80,23.60,23.60,23.60,23.60,23.60,23.80,23.60,23.50,23.70,23.80,23.60,23.50,23.70,23.80,23.80,23.70,23.80,23.70,23.60,23.70,23.80,23.60,23.60,23.60,23.60,23.60,23.60,23.70,23.80,23.70,23.60,23.60,23.50,23.50,23.40,23.60,23.60,23.50,23.60,23.60,23.60,23.60,23.50,23.60,23.50,23.40,23.60,23.60,23.60,23.70,23.50,23.50,23.50,23.40,23.50,23.60,23.70,23.70,23.60,23.50,23.80,23.60,23.60,23.60,23.50,23.50,23.80,23.60,23.50,23.60,23.60,23.50,23.50,23.70,23.60,23.60,23.60,23.80,23.60,23.60,23.80,23.50,23.50,23.60,23.80,23.80,23.50,23.60,23.80,23.80,23.60,23.50,23.70,23.70,23.70,23.60,23.60,23.50,23.50,23.50,23.60,23.60,23.70,23.50,23.60,23.60,23.80,23.90,23.80
25.70,25.90,26.50,26.70,26.90,27.10,27.40,27.60,27.60,27.60,27.60,27.60,27.60,27.70,27.70,27.50,27.40,27.20,27.10,27.10,27.40,27.70,28.20,28.60,28.70,29.20,29.80,30.10,30.30,30.90,31.30,31.50,31.80,31.80,31.90,32.00,32.10,32.10,32.10,31.80,31.60,31.30,31.20,31.50,31.40,31.30,31.10,30.80,30.50,30.10,29.60,29.20,28.70,27.90,26.90,26.60,26.30,25.70,25.30,25.10,24.70,24.50,24.50,24.60,24.80,24.60,24.50,24.40,24.40,24.40,24.50,24.60,24.50,24.60,24.60,24.80,24.90,24.70,24.80,24.90,24.90,24.80,25.00,25.20,25.10,24.80,24.80,24.80,24.90,24.90,25.00,24.90,24.90,24.80,24.90,24.70,24.70,24.80,24.90,24.90,24.90,25.00,25.00,24.90,25.10,25.30,25.30,25.30,25.60,25.80,25.80,25.90,26.30,26.40,26.70,26.80,27.10,27.30,27.70,28.30,28.40,28.80,29.20,29.20,29.60,29.60,29.80,29.90,29.90,30.10,30.00,30.10,30.10,30.20,30.30,30.50,30.50,30.50,30.70,30.70,30.90,31.10,31.30,31.30,31.50,31.70,32.00,32.10,32.60,32.90,33.30,33.40,33.80,34.10,34.20,34.60,34.90,35.00,35.30,35.10,35.10,35.50,35.40,35.40,35.40,35.10,35.30,35.10,35.00,34.90,34.70,34.80,34.50,34.10,34.00,33.80,33.70,33.50,33.40,33.10,32.70,32.60,32.50,32.20,32.20,32.10,32.10,31.70,32.00,31.80,31.60,30.90,30.10,29.20,28.30,27.50,26.90,26.00,25.40,24.70,24.50,24.10,24.00,23.90,23.60,23.70,23.80,23.70,23.80,23.90,23.80,23.80,23.70,23.80,23.80,23.70,23.80,23.90,23.90,23.90,23.60,23.60,24.00,23.50,23.60,23.90,23.70,23.80,23.60,23.80,23.80,23.80,23.60,23.80,23.80,23.90,23.80,23.80,23.60,23.50,23.90,23.60,23.60,23.60,23.50,23.70,23.30,23.70,23.50,23.50,23.60,23.60,23.90,23.80,23.70,23.70,23.90,23.60,23.60,23.60,23.60,23.50,23.50,23.60,23.80,23.70,23.90,23.80,23.50,23.50,23.70,23.90,23.60,23.70,23.70,23.60,23.80,23.70,23.80,23.60,23.80,23.80,23.80,23.80,23.80,23.80,23.70,23.80,23.90,23.70,23.80,23.80,23.60,23.70,23.50,23.50,23.60,23.60,23.60,23.70,23.60,23.70,23.60,23.60,23.60,23.50,23.80,23.50,23.60,23.30,23.50,23.40,23.50,23.40,23.40,23.50,23.50,23.70,23.40,23.50,23.50,23.50,23.60,23.60,23.60,23.60,23.70,23.70,23.60,23.50,23.70,23.60,23.70,23.60,23.60,23.60,23.60,23.60,23.60,23.60,23.70,23.60,23.60,23.50,23.40,23.50,23.80,23.70,23.70,23.80,23.70,23.70,23.60,23.60,23.60,23.70,23.80,23.60,23.50,23.40,23.70,23.80,23.60,23.60,23.60,23.70,23.70,23.70,23.60,23.50,23.50,23.50,23.60,23.80,23.80,23.60,23.50,23.50,23.50,23.60,23.60,23.60
25.90,26.10,26.40,26.70,27.10,27.30,27.60,27.60,27.90,28.20,28.00,27.70,27.80,27.90,28.00,28.00,27.80,27.70,27.50,27.40,27.70,28.20,28.60,28.90,29.40,29.70,30.10,30.50,30.70,31.10,31.50,31.60,32.00,32.20,32.40,32.50,32.40,32.50,32.50,32.40,32.20,32.00,32.00,32.10,32.00,31.90,31.80,31.70,31.20,30.50,30.20,29.70,29.20,28.20,27.60,26.90,26.20,25.60,25.20,25.20,24.80,24.60,24.50,24.40,24.80,24.60,24.50,24.60,24.50,24.40,24.30,24.40,24.40,24.50,24.50,24.60,24.70,24.80,24.80,24.80,24.80,24.80,24.80,24.90,24.90,24.80,24.90,24.80,24.80,24.90,24.90,24.80,24.80,24.90,24.80,24.90,24.80,24.80,24.80,24.60,24.80,24.80,24.90,24.90,24.90,24.90,25.10,25.10,25.20,25.40,25.40,25.60,25.80,26.00,26.10,26.20,26.60,27.00,27.30,27.60,28.10,28.30,28.70,28.90,29.20,29.30,29.30,29.40,29.50,29.60,29.60,29.90,29.80,30.00,30.10,30.00,30.40,30.20,30.40,30.70,30.80,30.90,31.10,31.20,31.20,31.40,31.70,31.70,32.10,32.30,32.80,32.70,33.20,33.50,33.60,34.10,34.20,34.60,34.80,34.90,35.10,35.10,35.20,35.00,35.20,35.00,34.90,35.00,34.80,34.80,34.70,34.60,34.50,34.40,34.10,34.10,33.90,33.60,33.50,33.20,33.00,32.80,32.70,32.40,32.10,32.10,32.10,31.80,32.00,32.10,31.60,31.30,30.30,29.20,28.50,27.60,26.70,26.00,25.10,24.80,24.30,24.10,24.00,23.80,23.90,23.80,23.90,23.80,23.70,23.90,23.80,23.90,23.50,23.80,23.70,23.80,23.80,23.70,23.60,23.80,23.70,23.80,23.80,23.80,23.80,23.70,23.60,23.80,23.80,23.60,23.80,23.60,23.80,23.60,23.60,23.80,23.80,23.80,23.70,23.60,23.80,23.30,23.70,23.60,23.70,23.60,23.50,23.70,23.70,23.50,23.60,23.50,23.70,23.60,23.60,23.80,23.80,23.60,23.50,23.60,23.60,23.70,23.60,23.60,23.70,23.60,23.60,23.60,23.60,23.70,23.90,23.80,23.60,23.70,23.80,23.60,23.80,23.80,23.70,23.80,23.70,23.90,23.90,23.80,23.80,23.80,23.80,23.80,23.90,23.80,23.80,23.60,23.60,23.70,23.90,23.80,23.60,23.50,23.60,23.50,23.50,23.50,23.50,23.50,23.50,23.50,23.70,23.50,23.40,23.40,23.40,23.60,23.50,23.50,23.40,23.40,23.60,23.70,23.50,23.50,23.60,23.60,23.50,23.50,23.80,23.40,23.70,23.60,23.50,23.40,23.60,23.60,23.60,23.60,23.40,23.50,23.60,23.60,23.60,23.40,23.60,23.70,23.70,23.60,23.60,23.50,23.60,23.80,23.70,23.50,23.50,23.60,23.60,23.50,23.70,23.60,23.60,23.60,23.70,23.60,23.60,23.50,23.50,23.50,23.50,23.50,23.80,23.80,23.60,23.60,23.60,23.50,23.50,23.60,23.60,23.60,23.50,23.50,23.50,23.50,23.50,23.60
26.00,26.20,26.40,26.60,27.10,27.30,27.60,27.90,28.10,28.10,28.10,27.90,28.00,28.00,28.00,28.20,28.30,27.90,27.80,27.80,27.80,28.30,28.70,29.10,29.40,29.70,30.20,30.60,31.00,31.30,31.70,32.20,32.50,32.70,32.70,32.60,32.80,32.90,32.90,32.90,32.80,32.60,32.60,32.50,32.60,32.50,32.30,32.10,31.70,31.10,30.50,30.10,29.40,28.50,28.00,27.40,26.70,25.80,25.70,25.20,24.90,24.70,24.60,24.50,24.60,24.40,24.30,24.40,24.60,24.40,24.10,24.30,24.40,24.30,24.50,24.50,24.50,24.60,24.80,24.80,24.80,24.90,25.00,24.90,24.90,24.90,24.90,24.80,24.60,24.70,24.80,24.70,24.70,24.80,24.70,24.80,24.70,24.90,24.90,24.70,24.70,24.80,24.90,24.80,24.90,24.80,25.00,25.20,25.00,25.10,25.10,25.30,25.40,25.60,25.70,25.90,26.30,26.40,27.10,27.40,27.30,27.70,28.00,28.40,28.50,28.70,28.70,28.90,29.10,29.10,29.20,29.30,29.30,29.70,29.60,29.70,29.80,30.20,30.30,30.20,30.40,30.30,30.60,30.90,31.10,31.30,31.50,31.60,31.80,32.10,32.20,32.30,32.70,32.90,33.10,33.40,33.70,33.70,34.00,34.20,34.70,34.90,34.70,34.80,34.90,35.00,34.80,34.90,34.80,34.80,34.50,34.70,34.50,34.40,34.40,34.00,34.00,33.70,33.20,33.20,33.10,32.90,32.70,32.50,32.00,31.90,32.00,32.20,31.90,32.10,31.70,31.10,30.20,29.30,28.30,27.50,26.90,26.10,25.50,24.80,24.40,23.90,23.90,23.80,23.80,23.80,23.80,23.80,24.10,23.80,23.60,23.60,23.60,23.70,23.80,23.80,23.80,23.60,23.60,23.60,23.60,23.80,23.80,23.60,23.80,23.70,23.80,23.70,23.90,23.80,23.90,23.70,23.80,23.70,23.80,23.80,23.80,23.80,23.60,23.60,23.50,23.60,23.80,23.80,23.70,23.80,23.40,23.50,23.60,23.50,23.70,23.50,23.50,23.60,23.60,23.80,23.70,23.70,23.50,23.60,23.60,23.70,23.80,23.60,23.70,23.60,23.70,23.80,23.80,23.80,23.70,23.70,23.70,23.80,23.70,23.80,23.70,23.80,23.60,23.70,23.80,23.70,23.60,23.60,23.50,23.50,23.80,23.80,23.80,23.80,23.60,23.80,23.60,23.60,23.90,23.70,23.60,23.50,23.70,23.80,23.70,23.60,23.60,23.60,23.60,23.60,23.70,23.50,23.60,23.50,23.50,23.60,23.60,23.60,23.50,23.60,23.60,23.60,23.50,23.50,23.60,23.60,23.40,23.30,23.60,23.50,23.50,23.50,23.70,23.60,23.60,23.50,23.60,23.50,23.40,23.40,23.40,23.50,23.50,23.20,23.50,23.60,23.60,23.70,23.80,23.80,23.70,23.50,23.70,23.70,23.40,23.70,23.60,23.50,23.60,23.60,23.60,23.60,23.60,23.60,23.70,23.60,23.50,23.40,23.40,23.50,23.80,23.80,23.90,23.80,23.70,23.80,23.80,23.80,23.60,23.60,23.70,23.50,23.50,23.50,23.50,23.60
25.90,26.30,26.60,26.70,27.20,27.50,27.60,27.60,27.60,27.80,27.90,27.90,28.00,28.10,28.10,28.20,28.30,28.00,28.00,28.00,28.20,28.50,28.70,29.20,29.40,29.70,30.30,30.50,30.90,31.50,31.70,32.10,32.50,32.70,32.90,32.80,33.00,33.10,33.20,33.20,33.10,33.00,33.00,33.00,32.80,32.70,32.70,32.50,32.10,31.70,31.30,30.50,29.70,28.90,28.50,27.90,26.90,26.30,25.80,25.60,25.30,25.10,24.90,24.70,24.60,24.60,24.50,24.60,24.60,24.40,24.40,24.70,24.20,24.40,24.40,24.60,24.60,24.60,24.60,24.80,24.90,24.90,24.80,24.60,24.60,24.50,24.50,24.40,24.60,24.40,24.60,24.60,24.60,24.40,24.80,24.60,24.80,24.60,25.00,24.80,24.90,24.60,24.70,24.90,24.80,24.80,24.80,24.90,24.90,24.90,25.00,25.10,25.10,25.10,25.30,25.40,25.70,26.20,26.60,26.90,27.10,27.40,27.50,27.70,28.10,28.20,28.20,28.50,28.60,28.70,28.90,28.90,29.00,29.00,29.30,29.50,29.40,29.70,29.60,30.00,30.00,30.20,30.50,30.80,30.60,31.00,31.20,31.20,31.60,32.00,32.00,32.20,32.30,32.20,32.70,32.80,33.10,33.20,33.60,33.70,34.10,34.40,34.50,34.50,34.60,34.70,34.60,34.60,34.60,34.50,34.60,34.80,34.60,34.40,34.40,34.20,33.90,34.00,33.70,33.50,33.30,33.10,32.90,32.70,32.60,32.20,32.10,31.80,32.10,32.10,31.80,31.10,30.40,29.50,28.50,27.60,27.00,25.90,25.20,24.80,24.40,24.20,23.80,23.80,23.70,23.80,23.70,23.70,23.90,23.60,23.60,23.70,23.70,23.70,23.80,23.60,23.70,23.70,23.90,23.60,23.80,23.80,23.60,23.70,23.80,23.60,23.70,23.60,23.80,23.80,23.80,23.80,23.80,23.70,23.80,23.80,23.80,23.70,23.70,23.80,23.80,23.60,23.60,23.60,23.80,23.50,23.60,23.60,23.40,23.70,23.50,23.50,23.60,23.60,23.60,23.60,23.80,23.70,23.50,23.60,23.70,23.50,23.50,23.50,23.60,23.60,23.80,23.80,23.60,23.60,23.60,23.60,23.70,23.90,23.80,23.60,23.60,23.90,23.90,23.60,23.70,23.60,23.70,23.80,23.80,23.80,23.70,23.90,23.90,23.80,23.70,23.80,23.70,23.60,23.90,23.50,23.70,23.80,23.80,23.60,23.50,23.50,23.60,23.60,23.60,23.80,23.80,23.50,23.50,23.40,23.60,23.50,23.50,23.50,23.60,23.70,23.70,23.70,23.50,23.50,23.70,23.70,23.50,23.50,23.60,23.60,23.80,23.90,23.80,23.60,23.70,23.50,23.60,23.70,23.60,23.40,23.50,23.50,23.40,23.30,23.30,23.40,23.60,23.80,23.80,23.70,23.60,23.60,23.60,23.60,23.60,23.60,23.60,23.70,23.60,23.70,23.70,23.60,23.60,23.60,23.70,23.80,23.70,23.50,23.50,23.50,23.80,23.90,23.90,23.80,23.80,23.80,23.70,23.70,23.50,23.60,23.60,23.70,23.60,23.40,23.50,23.60
25.80,26.10,26.40,26.60,26.70,26.90,27.30,27.50,27.70,27.90,27.90,27.90,27.90,28.00,28.30,28.30,28.30,28.50,28.50,28.50,28.40,28.50,28.70,29.20,29.40,29.70,30.10,30.50,30.90,31.50,31.80,32.10,32.10,32.40,32.70,32.80,33.00,33.10,33.20,33.20,33.20,33.30,33.30,33.20,33.20,33.30,33.40,32.90,32.60,32.20,31.90,30.90,30.10,29.30,28.70,28.20,27.40,26.70,26.30,25.80,25.40,25.10,25.10,25.00,24.80,24.80,24.50,24.30,24.20,24.30,24.10,24.50,24.40,24.40,24.70,24.80,24.80,24.70,24.70,24.80,24.60,24.60,24.80,24.50,24.40,24.30,24.60,24.40,24.50,24.40,24.50,24.40,24.50,24.40,24.60,24.40,24.70,24.40,24.30,24.40,24.60,24.50,24.60,24.60,24.50,24.60,24.60,24.80,24.80,24.60,25.00,25.10,24.90,24.90,24.90,25.20,25.70,25.90,26.40,26.70,26.90,27.10,27.20,27.40,27.60,27.80,27.90,28.20,28.20,28.30,28.30,28.40,28.50,28.70,28.70,28.80,28.90,29.20,29.30,29.30,29.50,29.70,29.90,30.30,30.30,30.60,30.80,31.30,31.40,31.50,31.70,31.60,31.90,32.00,32.20,32.20,32.40,32.60,33.10,33.30,33.40,33.60,34.10,34.20,34.20,34.50,34.40,34.30,34.50,34.40,34.40,34.40,34.40,34.30,34.60,34.20,34.20,34.10,33.90,33.50,33.70,33.00,33.00,32.80,32.60,32.30,32.20,32.30,32.20,32.30,32.10,31.30,30.50,29.60,28.50,27.70,26.90,26.10,25.40,24.70,24.30,24.30,23.90,23.80,23.90,23.80,23.60,23.60,23.90,23.80,23.70,23.60,23.80,23.60,23.70,23.70,23.70,23.70,23.80,23.60,23.60,23.80,23.70,23.80,23.90,23.60,23.70,23.60,23.70,23.60,23.70,23.80,23.80,23.80,23.80,23.60,23.90,23.80,23.70,23.60,23.60,23.90,23.70,23.70,23.60,23.60,23.60,23.60,23.60,23.60,23.50,23.60,23.70,23.60,23.50,23.80,23.80,23.70,23.80,23.70,23.70,23.60,23.80,23.60,23.70,23.80,23.80,23.60,23.70,23.50,23.70,23.70,23.70,23.80,23.60,23.70,23.50,23.60,23.70,23.80,23.90,23.80,23.70,23.80,23.80,23.70,23.80,23.90,23.80,23.90,23.80,23.80,23.80,23.60,23.90,23.70,23.80,23.70,23.60,23.60,23.50,23.50,23.60,23.60,23.60,23.80,23.80,23.50,23.40,23.10,23.50,23.40,23.40,23.50,23.50,23.50,23.60,23.70,23.50,23.50,23.70,23.70,23.60,23.70,23.80,23.80,23.60,23.70,23.70,23.80,23.80,23.50,23.60,23.70,23.80,23.70,23.60,23.60,23.60,23.80,23.50,23.80,23.80,23.70,23.80,23.60,23.50,23.80,23.70,23.60,23.60,23.90,24.10,24.00,23.60,23.70,23.70,23.70,23.60,23.60,23.50,23.50,23.40,23.30,23.50,23.70,23.80,23.60,23.60,23.90,23.80,23.70,23.70,23.60,23.60,23.60,23.50,23.50,23.50,23.70,23.60,23.50
25.50,25.70,25.90,26.00,26.40,26.70,27.20,27.30,27.60,27.80,27.90,27.80,27.80,27.80,28.00,28.30,28.40,28.30,28.30,28.30,28.40,28.50,28.60,29.00,29.40,29.70,30.00,30.30,30.60,31.10,31.50,31.70,32.20,32.30,32.50,32.40,32.70,32.90,33.10,33.10,33.10,33.10,33.10,33.10,33.20,33.20,33.30,32.70,32.60,32.30,32.10,31.20,30.40,29.70,28.90,28.40,27.90,26.80,26.40,26.10,25.80,25.40,25.10,25.20,24.90,24.90,24.70,24.40,24.40,24.40,24.10,24.40,24.60,24.40,24.60,24.70,24.70,24.70,24.70,24.60,24.60,24.60,24.30,24.40,24.30,24.40,24.20,24.30,24.40,24.20,24.30,24.20,24.30,24.30,24.50,24.40,24.40,24.50,24.30,24.60,24.60,24.60,24.40,24.50,24.40,24.40,24.70,24.70,24.80,24.70,25.00,24.90,25.10,24.90,25.10,25.20,25.50,25.90,26.20,26.70,26.70,27.00,27.20,27.40,27.50,27.40,27.40,27.70,27.80,27.90,27.90,27.90,27.90,28.20,28.30,28.30,28.50,28.50,28.60,29.00,29.30,29.30,29.60,29.60,30.00,30.40,30.60,30.80,31.10,31.20,31.30,31.60,31.60,31.60,31.70,31.80,32.00,32.10,32.60,32.60,32.80,33.10,33.40,33.70,33.90,33.90,34.10,34.10,34.20,34.20,34.10,34.20,34.30,34.10,34.10,34.30,34.10,34.00,33.90,33.80,33.70,33.50,33.20,32.90,32.70,32.50,32.50,32.40,32.20,32.20,32.00,31.20,30.50,29.40,28.40,27.90,26.80,26.10,25.20,24.80,24.00,24.00,23.60,23.90,23.60,23.80,23.70,23.60,23.80,23.60,23.60,23.60,23.90,23.80,23.80,23.60,23.80,23.60,23.50,23.80,23.60,23.80,23.80,23.80,23.90,23.80,23.90,23.60,23.80,23.60,23.90,23.90,23.80,23.80,23.80,23.90,23.80,23.80,23.70,23.50,23.80,23.80,23.50,23.60,23.60,23.50,23.60,23.60,23.60,23.50,23.50,23.70,23.80,23.70,23.60,23.60,23.70,23.80,23.70,23.90,23.90,23.80,23.70,23.90,23.80,23.80,23.70,23.60,23.80,23.50,23.80,23.60,23.80,23.90,23.50,23.70,23.90,23.70,23.60,23.80,23.80,23.90,23.80,23.90,23.90,23.50,23.80,23.80,23.80,23.80,23.70,23.70,23.70,23.60,23.80,23.80,23.80,23.80,23.80,23.60,23.50,23.60,23.60,23.50,23.70,23.80,23.70,23.60,23.50,23.50,23.50,23.70,23.50,23.50,23.50,23.50,23.60,23.60,23.60,23.50,23.50,23.50,23.50,23.50,23.50,23.80,23.60,23.70,23.80,23.60,23.50,23.60,23.70,23.70,23.60,23.60,23.60,23.60,23.60,23.60,23.50,23.50,23.60,23.70,23.70,23.60,23.60,23.70,23.60,23.60,23.50,23.80,23.60,23.60,23.80,23.60,23.50,23.50,23.60,23.60,23.60,23.60,23.60,23.60,23.80,23.80,23.60,23.80,23.80,23.70,23.70,23.60,23.70,23.80,23.80,23.60,23.50,23.80,23.70,23.50,23.60,23.70
25.50,25.60,25.80,26.00,26.00,26.30,26.80,27.00,27.30,27.60,27.60,27.60,27.70,27.70,28.00,28.20,28.50,28.10,28.00,28.20,28.40,28.50,28.60,28.90,29.20,29.40,29.90,30.20,30.50,30.60,30.90,31.20,31.60,31.80,32.10,32.10,32.30,32.60,33.00,33.10,33.20,33.30,33.20,33.10,32.90,33.00,33.10,32.70,32.60,32.40,32.20,31.30,30.60,30.00,29.40,28.70,28.00,27.20,27.00,26.50,26.00,25.80,25.40,25.30,25.00,24.90,24.90,24.80,24.50,24.30,24.50,24.30,24.50,24.40,24.40,24.60,24.60,24.60,24.60,24.50,24.60,24.60,24.20,24.00,24.10,24.10,23.90,24.30,24.30,24.20,24.30,24.20,24.30,24.20,24.40,24.30,24.30,24.40,24.30,24.30,24.30,24.40,24.20,24.20,24.30,24.40,24.70,24.80,24.80,24.90,24.90,24.80,25.00,24.90,25.00,25.20,25.50,25.90,26.40,26.60,26.80,27.00,27.10,26.90,27.00,27.20,27.10,27.20,27.50,27.60,27.40,27.40,27.40,27.60,27.60,27.70,27.90,28.10,28.00,28.30,28.70,28.80,29.00,29.00,29.60,29.80,30.00,30.30,30.70,30.90,31.00,31.30,31.30,31.30,31.10,31.60,31.70,31.70,32.00,31.90,32.30,32.50,32.90,33.00,33.40,33.40,33.50,33.70,33.70,33.80,33.70,33.90,34.10,33.90,34.10,34.10,34.10,33.90,34.10,33.80,33.80,33.70,33.40,33.20,32.90,32.70,32.50,32.60,32.70,32.60,32.20,31.40,30.50,29.50,28.50,27.70,26.90,25.70,25.20,24.80,24.20,23.90,23.80,23.80,23.80,23.70,23.60,23.60,23.80,23.80,23.80,23.80,23.80,23.70,23.60,23.60,23.80,23.70,23.50,23.90,23.60,23.70,23.70,23.80,23.80,23.70,23.60,23.70,23.50,23.80,23.80,23.80,23.60,23.80,23.70,23.80,23.50,23.60,23.90,23.50,23.70,23.60,23.60,23.80,23.80,23.80,23.50,23.60,23.60,23.60,23.60,23.60,23.70,23.50,23.70,23.60,23.60,23.80,23.70,23.50,23.50,23.50,23.60,23.80,23.90,23.90,23.70,23.80,23.60,23.60,23.80,23.80,23.80,23.70,23.80,23.90,23.80,23.70,23.90,24.00,23.80,23.80,23.80,23.80,23.80,23.90,23.60,23.60,23.80,23.80,23.50,23.70,23.70,23.60,23.80,23.60,23.80,23.50,23.60,23.50,23.60,23.60,23.50,23.40,23.60,23.60,23.60,23.60,23.60,23.50,23.50,23.70,23.40,23.50,23.50,23.70,23.60,23.50,23.60,23.40,23.50,23.40,23.50,23.50,23.50,23.50,23.60,23.50,23.50,23.60,23.70,23.70,23.60,23.70,23.70,23.60,23.60,23.60,23.60,23.60,23.40,23.50,23.60,23.70,23.60,23.50,23.60,23.60,23.50,23.60,23.60,23.40,23.60,23.80,23.80,23.90,23.70,23.50,23.60,23.70,23.80,23.70,23.60,23.60,23.60,23.60,23.80,23.60,23.50,23.50,23.50,23.60,23.80,23.80,23.70,23.60,23.60,23.70,23.60,23.60,23.60,23.60
25.50,25.50,25.50,25.80,25.80,25.90,26.20,26.40,26.70,27.10,27.30,27.20,27.10,27.00,27.30,27.40,27.70,27.70,27.70,27.90,28.20,28.30,28.50,28.80,28.90,29.20,29.50,29.80,29.80,30.20,30.50,30.90,31.20,31.40,31.50,31.70,32.00,32.10,32.50,32.60,32.70,32.70,32.70,32.70,32.60,32.70,32.60,32.50,32.40,32.30,32.10,31.30,30.80,30.20,29.70,29.00,28.20,27.60,27.30,27.00,26.40,26.10,25.90,25.60,25.40,25.10,24.90,24.80,24.60,24.40,24.40,24.50,24.30,24.40,24.50,24.50,24.60,24.40,24.50,24.40,24.60,24.30,24.40,24.10,24.00,24.10,24.10,24.30,23.90,24.00,24.10,24.20,24.30,24.30,24.20,24.30,24.30,24.50,24.40,24.30,24.40,24.40,24.50,24.30,24.30,24.40,24.30,24.60,24.80,24.90,24.80,24.90,24.80,24.80,24.90,25.10,25.40,25.70,26.10,26.40,26.60,26.60,26.70,26.90,26.90,26.90,27.00,27.10,27.10,27.30,27.00,26.90,26.90,27.00,27.00,27.10,27.10,27.30,27.40,27.40,28.00,28.20,28.30,28.60,29.10,29.40,29.80,29.90,30.10,30.30,30.60,30.60,30.80,31.00,31.10,31.10,31.20,31.30,31.50,31.60,31.50,31.70,32.10,32.50,32.60,32.80,33.00,33.10,33.10,33.20,33.50,33.40,33.60,33.80,33.70,33.80,33.90,33.80,34.10,33.90,33.90,33.70,33.60,33.40,33.00,32.80,32.70,32.60,32.70,32.60,32.20,31.60,30.80,29.70,28.60,27.80,26.90,26.00,25.50,24.80,24.30,23.90,23.80,23.80,23.80,23.80,23.70,23.80,23.70,23.70,23.80,23.80,23.60,23.90,23.50,23.80,23.60,23.70,23.80,23.90,23.70,23.70,23.90,23.80,23.80,24.10,23.80,23.80,23.80,23.80,23.60,23.80,23.80,23.60,23.70,23.70,24.00,23.90,23.70,23.70,23.80,23.70,23.80,23.80,23.80,23.60,23.50,23.60,23.70,23.60,23.60,23.60,23.60,23.50,23.60,23.80,23.60,23.70,23.60,23.50,23.60,23.60,23.60,23.70,23.80,23.70,23.70,23.70,23.70,23.60,23.70,23.60,24.00,23.50,23.50,23.60,23.60,23.70,23.80,23.60,23.60,23.80,23.50,23.80,23.80,23.90,23.60,23.70,23.90,23.70,23.60,23.60,23.80,23.70,23.50,23.80,23.60,23.60,23.60,23.40,23.50,23.60,23.50,23.60,23.60,23.60,23.50,23.60,23.50,23.40,23.40,23.50,23.40,23.40,23.20,23.30,23.40,23.40,23.50,23.60,23.60,23.50,23.50,23.50,23.60,23.60,23.50,23.50,23.60,23.60,23.50,23.60,23.40,23.70,23.60,23.60,23.50,23.60,23.60,23.60,23.80,23.80,23.70,23.70,23.80,23.50,23.60,23.80,23.50,23.60,23.70,23.60,23.80,23.70,23.50,23.60,23.60,23.60,23.70,23.80,23.80,23.80,23.60,23.50,23.50,23.60,23.80,23.80,23.70,23.50,23.60,23.60,23.70,23.60,23.60,23.60,23.60,23.50,23.60,23.60,23.60,23.60
25.50,25.50,25.50,25.60,25.60,25.60,25.80,25.90,26.20,26.40,26.40,26.70,26.90,27.00,27.00,27.20,27.30,27.30,27.40,27.40,27.70,28.00,27.90,28.20,28.50,28.70,29.00,29.20,29.30,29.70,30.10,30.30,30.60,30.90,31.10,31.20,31.60,31.70,32.10,32.20,32.30,32.40,32.50,32.30,32.30,32.30,32.10,32.10,32.00,32.00,31.70,31.30,31.00,30.30,29.60,29.10,28.40,28.00,27.40,27.10,26.80,26.20,26.10,26.00,25.60,25.40,25.20,24.90,24.80,24.40,24.30,24.80,24.60,24.50,24.50,24.50,24.40,24.40,24.30,24.40,24.40,24.10,24.20,24.00,24.20,24.20,24.30,23.90,24.00,24.10,23.90,24.00,23.90,24.10,24.10,24.30,24.20,24.30,24.50,24.30,24.40,24.20,23.90,24.20,24.30,24.30,24.40,24.60,24.60,24.80,24.90,24.90,24.80,24.80,24.90,25.10,25.30,25.70,26.10,26.30,26.90,26.70,26.90,26.90,26.90,26.90,26.80,27.00,26.90,26.90,26.90,26.80,26.40,26.60,26.50,26.60,26.50,26.80,26.90,27.00,27.40,27.70,27.70,28.10,28.30,28.50,28.90,29.20,29.30,29.90,30.00,30.00,30.10,30.40,30.50,30.40,30.80,31.00,31.20,31.30,31.30,31.40,31.50,32.00,32.00,32.20,32.40,32.50,32.30,32.60,32.90,32.90,33.10,33.50,33.40,33.40,33.80,33.70,33.80,33.70,33.90,33.70,33.50,33.50,33.10,33.00,33.00,32.70,32.70,32.80,32.20,31.60,30.80,29.70,28.50,27.70,26.90,26.20,25.50,24.70,24.20,23.90,23.80,23.90,23.60,23.90,23.90,23.80,23.70,23.70,23.80,23.60,23.80,24.00,23.80,23.50,23.80,23.90,23.80,23.80,23.90,23.80,23.80,23.90,24.00,23.80,23.80,24.00,23.80,23.90,23.80,24.00,23.90,23.80,23.80,23.90,23.80,23.80,23.70,23.50,23.90,23.60,23.70,23.70,23.80,23.50,23.70,23.60,23.50,23.60,23.40,23.60,23.60,23.60,23.50,23.50,23.60,23.60,23.60,23.60,23.50,23.50,23.60,23.70,23.60,23.70,23.60,23.60,23.80,23.80,23.60,23.60,23.80,23.70,23.70,23.80,23.80,23.50,23.70,23.60,23.80,23.80,23.70,23.80,23.60,23.70,23.60,23.60,23.80,23.50,23.80,23.70,23.80,23.50,23.90,23.60,23.60,23.50,23.90,23.50,23.50,23.60,23.60,23.60,23.50,23.50,23.40,23.50,23.60,23.50,23.40,23.80,23.50,23.50,23.30,23.40,23.60,23.50,23.60,23.60,23.60,23.60,23.50,23.50,23.60,23.70,23.60,23.60,23.80,23.70,23.40,23.40,23.30,23.60,23.60,23.50,23.60,23.60,23.60,23.60,23.60,23.80,23.70,23.60,23.50,23.50,23.70,23.80,23.60,23.80,23.80,23.80,23.80,23.70,23.60,23.80,23.70,23.60,23.50,23.60,23.80,23.60,23.60,23.50,23.60,23.70,23.80,23.60,23.50,23.30,23.50,23.50,23.40,23.60,23.60,23.70,23.60,23.40,23.60,23.60,23.60,23.70
25.40,25.50,25.60,25.60,25.60,25.50,25.60,25.60,25.80,25.80,25.90,26.10,26.30,26.70,26.60,26.70,26.90,27.00,27.00,27.10,27.40,27.70,27.70,27.90,28.00,28.20,28.40,28.80,29.20,29.20,29.50,29.60,29.80,30.10,30.50,30.50,30.90,31.10,31.10,31.50,31.70,31.70,31.70,31.70,31.80,31.70,31.70,31.60,31.70,31.60,31.30,31.20,30.80,30.10,29.40,28.90,28.60,28.40,27.90,27.40,27.10,26.60,26.30,26.30,25.90,25.60,25.30,24.80,25.10,24.80,24.90,24.80,24.50,24.40,24.40,24.50,24.50,24.30,24.30,24.20,24.30,24.10,24.00,24.00,24.00,23.90,24.00,24.00,24.10,24.00,24.00,24.00,23.80,24.00,24.30,24.30,24.20,24.10,24.40,24.20,24.40,24.10,24.40,24.30,24.20,24.30,24.40,24.50,24.60,24.70,24.90,24.80,24.80,24.90,24.90,25.10,25.40,25.80,26.10,26.40,26.70,26.90,26.60,26.90,26.70,26.70,26.60,26.60,26.70,26.90,26.60,26.40,26.10,26.20,26.30,26.10,25.80,26.20,26.30,26.40,26.60,26.90,27.10,27.30,27.60,27.90,28.20,28.60,28.70,29.20,29.30,29.60,29.80,29.80,30.10,30.10,30.30,30.50,30.60,30.70,30.90,30.90,31.10,31.20,31.50,31.50,31.80,31.70,32.00,32.00,32.20,32.40,32.70,32.90,33.00,33.10,33.40,33.70,33.60,33.60,33.70,33.70,33.40,33.40,33.10,33.10,33.10,33.00,32.90,33.00,32.60,31.80,30.80,29.70,28.70,28.00,26.80,25.90,25.30,24.80,24.30,24.10,24.00,23.80,23.60,23.80,23.80,23.90,23.90,23.80,23.60,23.90,23.60,23.80,23.80,23.80,23.70,23.80,23.90,23.90,23.90,24.10,24.00,23.80,24.00,23.90,23.80,24.00,23.80,23.90,23.80,23.90,23.70,23.80,23.80,23.80,23.90,23.90,23.90,23.80,23.70,23.70,23.60,23.50,23.60,23.60,23.70,23.70,23.60,23.60,23.50,23.60,23.60,23.50,23.50,23.60,23.80,23.60,23.70,23.50,23.40,23.80,23.80,23.80,23.60,23.80,23.60,23.50,23.80,24.00,23.50,23.70,23.60,23.70,23.80,23.60,23.70,23.70,23.70,23.70,23.90,23.70,23.80,23.80,23.80,23.80,23.80,23.50,23.80,23.70,23.60,23.70,23.60,23.40,23.80,23.60,23.70,23.70,23.50,23.50,23.50,23.40,23.60,23.60,23.50,23.60,23.40,23.50,23.60,23.60,23.60,23.60,23.50,23.20,23.50,23.60,23.50,23.50,23.60,23.50,23.50,23.50,23.60,23.70,23.60,23.60,23.50,23.60,23.70,23.60,23.60,23.60,23.40,23.70,23.60,23.60,23.50,23.40,23.50,23.50,23.50,23.80,23.60,23.60,23.60,23.80,23.80,23.80,23.70,23.80,23.80,23.70,23.60,23.60,23.60,23.80,23.50,23.40,23.40,23.60,23.70,23.50,23.50,23.60,23.80,23.80,23.80,23.60,23.60,23.50,23.50,23.50,23.40,23.50,23.60,23.50,23.50,23.50,23.60,23.60,23.60,23.60
25.50,25.50,25.70,25.60,25.50,25.50,25.50,25.40,25.60,25.60,25.70,25.70,25.90,26.10,26.10,26.20,26.40,26.60,26.70,26.90,26.90,27.00,27.00,27.10,27.40,27.60,27.80,28.20,28.40,28.70,28.90,29.00,29.20,29.30,29.90,30.00,30.00,30.30,30.70,30.80,30.80,30.90,30.90,31.10,31.20,31.10,31.10,31.10,31.00,30.90,30.90,30.50,30.10,29.80,29.60,28.70,28.50,28.20,28.00,27.80,27.40,27.00,26.60,26.40,26.20,25.70,25.30,25.10,25.10,24.80,24.90,24.90,24.90,24.90,24.80,24.60,24.50,24.30,24.30,24.10,24.10,24.00,24.10,24.00,23.80,23.90,23.90,24.10,24.00,24.10,24.00,24.10,24.00,24.00,24.30,23.90,24.10,24.10,24.20,24.40,24.10,24.20,24.30,24.20,24.40,24.30,24.50,24.60,24.80,24.80,24.90,25.00,24.90,25.10,25.00,25.10,25.20,25.80,26.10,26.40,26.60,26.60,26.80,26.70,26.70,26.80,26.70,26.60,26.70,26.70,26.60,26.20,25.90,25.80,25.70,25.70,25.60,25.70,25.80,25.80,25.90,26.20,26.60,26.60,26.90,27.20,27.50,28.00,28.00,28.20,28.60,28.90,28.90,29.20,29.50,29.40,29.90,29.80,30.10,30.20,30.50,30.60,30.70,30.60,31.00,31.10,31.10,31.20,31.20,31.30,31.30,31.80,32.20,32.40,32.50,32.90,33.00,33.10,33.40,33.50,33.50,33.40,33.40,33.20,33.00,33.00,33.00,33.00,33.00,33.20,32.70,32.00,30.80,29.80,28.60,28.00,26.90,26.20,25.40,24.80,24.10,23.90,23.90,23.80,23.60,23.50,23.60,23.80,23.70,23.60,23.60,23.90,23.80,23.70,23.70,23.90,23.70,23.90,24.00,23.80,24.10,24.20,24.10,23.90,23.80,24.00,23.60,24.00,23.90,23.80,23.80,24.00,23.80,23.80,23.90,23.90,23.90,23.80,23.90,23.90,23.60,23.60,23.70,23.60,23.60,23.50,23.50,23.50,23.50,23.50,23.60,23.80,23.70,23.60,23.50,23.40,23.50,23.50,23.60,23.70,23.60,23.60,23.80,23.50,23.60,23.80,23.80,23.50,23.80,23.90,23.80,23.80,23.80,23.80,23.60,23.60,23.70,23.70,23.50,23.60,23.90,23.90,23.90,23.80,23.80,23.70,23.90,23.50,23.70,23.80,23.70,23.90,23.90,23.80,23.70,23.80,23.60,23.70,23.40,23.60,23.50,23.30,23.60,23.60,23.60,23.60,23.50,23.40,23.60,23.50,23.30,23.40,23.50,23.20,23.30,23.50,23.60,23.80,23.70,23.50,23.50,23.40,23.60,23.80,23.60,23.60,23.80,23.30,23.40,23.50,23.60,23.50,23.40,23.50,23.50,23.50,23.50,23.40,23.50,23.60,23.70,23.50,23.60,23.60,23.50,23.50,23.60,23.70,23.70,23.60,23.60,23.60,23.60,23.60,23.60,23.60,23.50,23.60,23.60,23.60,23.60,23.40,23.50,23.60,23.60,23.80,23.80,23.70,23.60,23.50,23.60,23.50,23.30,23.40,23.50,23.60,23.70,23.70,23.60,23.60,23.60,23.50
25.80,25.90,25.90,25.70,25.60,25.60,25.60,25.50,25.60,25.70,25.70,25.70,25.70,25.70,25.80,25.80,26.00,26.20,26.20,26.40,26.40,26.50,26.60,26.70,27.00,26.90,27.20,27.50,27.70,28.00,28.20,28.40,28.70,28.40,29.30,29.40,29.60,29.70,29.70,29.80,30.10,30.20,30.30,30.40,30.50,30.50,30.30,30.30,30.30,30.30,30.30,30.20,29.80,29.40,29.40,28.80,28.60,28.30,28.10,27.90,27.40,27.20,26.80,26.40,26.10,25.80,25.60,25.50,25.00,25.00,24.90,24.90,25.10,25.00,24.80,24.70,24.40,24.20,24.10,24.00,23.90,23.90,23.90,23.80,23.90,23.90,23.90,24.00,24.20,24.10,23.90,23.90,24.10,24.10,24.10,24.10,24.10,24.10,24.10,24.50,24.10,24.00,24.30,24.50,24.10,24.30,24.40,24.50,24.80,24.90,24.90,24.80,24.90,25.00,25.10,25.00,25.20,25.70,26.10,26.40,26.60,26.60,26.70,26.70,26.40,26.30,26.40,26.60,26.50,26.90,26.70,26.20,26.10,25.50,25.70,25.40,25.20,25.30,25.20,25.30,25.40,25.60,26.10,26.00,26.20,26.70,26.90,27.00,27.40,27.60,27.70,27.90,28.10,28.50,28.70,28.50,29.00,29.30,29.40,29.50,29.80,30.10,30.50,30.30,30.50,30.50,30.70,30.60,30.70,30.80,30.90,31.50,31.70,31.90,32.10,32.30,32.60,32.70,33.00,33.30,33.50,33.40,33.40,33.30,33.20,32.90,32.90,33.00,33.00,33.10,32.70,32.00,30.90,30.00,28.80,28.00,27.00,26.20,25.40,24.70,24.40,23.90,23.80,23.90,23.80,23.90,23.80,23.60,24.00,23.60,23.70,23.70,23.70,23.90,23.90,23.80,23.80,23.90,24.10,24.10,24.10,24.00,24.00,24.10,23.90,24.00,24.20,24.10,23.90,23.90,24.10,24.00,23.90,23.90,23.90,23.90,23.80,23.80,24.00,23.60,23.70,23.70,23.80,23.60,23.80,23.60,23.50,23.60,23.50,23.50,23.70,23.70,23.70,23.80,23.70,23.50,23.60,23.70,23.70,23.80,23.60,23.80,23.90,23.60,23.70,23.70,23.80,23.80,23.80,23.70,23.90,23.80,23.60,23.90,23.90,23.60,23.60,23.70,23.50,23.80,23.80,23.80,23.70,23.80,23.80,23.50,23.80,23.60,23.70,23.80,23.80,23.70,23.70,23.80,23.80,23.80,23.60,23.80,23.60,23.60,23.50,23.20,23.40,23.50,23.50,23.50,23.60,23.50,23.60,23.50,23.50,23.40,23.50,23.50,23.60,23.60,23.30,23.50,23.50,23.50,23.50,23.40,23.50,23.50,23.50,23.60,23.60,23.50,23.50,23.60,23.60,23.60,23.60,23.50,23.60,23.60,23.60,23.60,23.60,23.60,23.60,23.80,23.70,23.70,23.80,23.80,23.80,23.80,23.70,23.50,23.60,23.60,23.60,23.60,23.60,23.60,23.60,23.50,23.60,23.70,23.60,23.50,23.40,23.50,23.60,23.70,23.80,23.60,23.50,23.50,23.50,23.50,23.50,23.60,23.60,23.60,23.70,23.80,23.60,23.50,23.30,23.50
25.60,25.60,25.80,25.80,25.60,25.90,25.80,25.60,25.60,25.60,25.80,25.70,25.60,25.60,25.60,25.70,25.60,25.60,25.90,25.90,26.00,26.10,26.40,26.60,26.60,26.70,26.80,27.00,27.10,27.30,27.50,27.60,27.70,27.70,28.00,28.10,28.20,28.30,28.60,28.80,29.20,29.40,29.50,29.70,29.70,29.80,29.80,29.80,29.60,29.60,29.80,29.60,29.30,29.20,28.90,28.70,28.50,28.20,28.00,27.90,27.50,27.30,26.90,26.60,26.40,26.20,25.80,25.40,25.50,25.20,25.10,25.00,24.90,24.90,24.80,24.50,24.40,24.10,24.00,23.90,23.90,23.80,23.90,24.10,23.90,23.80,24.10,24.10,24.10,24.00,23.80,23.80,24.10,24.10,24.10,24.10,24.20,24.20,24.30,24.40,24.30,24.30,24.30,24.40,24.40,24.40,24.60,24.60,24.50,24.60,24.60,24.90,24.90,24.90,25.10,25.00,25.20,25.70,26.00,26.40,26.40,26.60,26.40,26.70,26.40,26.40,26.40,26.50,26.60,26.50,26.50,26.00,25.60,25.40,25.20,25.00,24.90,24.90,24.90,25.00,24.90,25.00,25.40,25.50,25.60,25.90,26.10,26.30,26.60,26.90,27.10,27.30,27.40,27.70,27.80,28.10,28.20,28.60,28.80,28.90,29.00,29.40,29.60,29.80,30.10,30.00,30.00,30.10,29.90,30.00,30.50,30.60,31.00,31.40,31.70,32.00,32.10,32.40,32.40,32.80,33.00,33.00,33.10,33.10,32.90,32.90,32.90,32.90,32.90,33.00,32.60,31.70,30.80,29.90,28.70,27.90,26.90,26.20,25.40,24.80,24.20,23.80,23.80,23.70,23.90,23.80,23.80,23.70,23.90,23.90,23.60,23.80,23.60,24.10,24.10,23.90,24.10,24.30,24.10,24.30,24.30,24.40,24.20,24.20,24.10,24.10,24.20,24.10,24.10,24.00,24.30,23.90,24.10,24.00,23.80,24.00,23.80,23.70,23.90,23.70,23.70,23.60,23.70,23.80,23.50,23.50,23.60,23.60,23.60,23.60,23.60,23.80,23.80,23.50,23.80,23.60,23.80,23.90,23.60,23.80,23.60,23.80,23.80,23.60,23.60,23.60,23.70,23.70,23.70,23.80,23.90,23.90,23.60,23.80,23.80,23.90,23.80,23.70,23.60,23.50,23.80,23.80,23.60,23.80,23.90,23.60,23.90,23.60,23.70,23.80,23.80,23.70,23.70,23.60,23.80,23.70,23.70,23.60,23.60,23.70,23.50,23.40,23.50,23.50,23.40,23.50,23.60,23.50,23.50,23.50,23.50,23.50,23.50,23.60,23.80,23.50,23.40,23.40,23.50,23.60,23.50,23.40,23.50,23.50,23.50,23.50,23.60,23.80,23.40,23.60,23.60,23.50,23.40,23.50,23.60,23.60,23.50,23.60,23.70,23.50,23.50,23.80,23.60,23.60,23.60,23.70,23.80,23.90,23.90,23.50,23.50,23.60,23.50,23.50,23.60,23.60,23.60,23.60,23.60,23.60,23.60,23.60,23.60,23.60,23.50,23.80,23.80,23.50,23.50,23.50,23.50,23.50,23.60,23.50,23.60,23.70,23.50,23.50,23.60,23.60,23.60,23.50
25.80,25.90,26.00,25.80,25.60,25.70,25.60,25.50,25.60,25.70,25.70,25.70,25.60,25.60,25.60,25.60,25.50,25.50,25.70,25.60,25.50,25.70,25.70,26.10,26.20,26.30,26.40,26.40,26.60,26.60,26.90,27.00,27.00,27.00,27.40,27.50,27.50,27.90,28.00,28.20,28.40,28.60,28.60,28.70,28.70,29.00,29.00,29.10,29.00,28.70,28.80,28.60,28.50,28.60,28.60,28.50,28.40,28.30,28.00,27.70,27.60,27.30,26.70,26.40,26.20,26.00,25.90,25.50,25.60,25.50,25.10,25.00,25.10,25.10,24.90,24.60,24.50,24.20,23.90,24.10,24.10,23.90,23.90,23.80,23.90,24.20,24.10,24.10,24.20,23.90,24.00,24.30,24.00,24.00,24.10,24.10,24.30,24.30,24.40,24.10,24.20,24.30,24.40,24.30,24.30,24.40,24.40,24.60,24.60,24.80,24.90,24.80,24.60,24.80,24.90,25.10,25.10,25.60,26.00,26.40,26.60,26.40,26.30,26.60,26.20,26.40,26.30,26.10,26.30,26.30,26.20,25.80,25.60,25.40,25.20,25.00,25.00,25.00,24.90,24.60,24.90,25.00,24.90,25.10,25.30,25.50,25.70,25.70,25.80,26.00,26.20,26.60,26.70,26.90,27.10,27.10,27.60,27.90,28.20,28.10,28.50,28.90,29.10,29.30,29.50,29.70,29.60,29.40,29.40,29.80,29.80,30.00,30.50,30.90,31.20,31.50,31.60,31.80,32.10,32.50,32.90,32.90,32.80,32.70,32.70,32.70,32.70,32.60,33.10,32.90,32.60,31.80,30.90,29.80,28.50,28.10,27.00,26.20,25.40,24.60,24.10,23.60,23.80,23.70,23.80,23.80,23.70,23.70,23.50,23.60,23.80,24.10,23.80,24.00,24.10,24.30,24.40,24.30,24.40,24.40,24.40,24.40,24.60,24.50,24.30,24.30,24.40,24.10,24.30,24.10,24.20,24.10,24.10,23.90,23.90,24.10,23.80,23.80,23.80,23.60,23.80,23.90,23.60,23.60,23.80,23.80,23.60,23.60,23.60,23.50,23.70,23.60,23.60,23.70,23.80,23.90,23.70,23.70,23.70,23.70,23.60,23.80,23.80,23.60,23.60,23.70,23.60,23.80,23.60,23.80,23.80,23.60,23.60,23.60,23.80,23.60,23.70,23.80,23.80,23.80,23.80,23.70,23.90,23.70,23.70,23.80,23.80,23.60,23.70,23.60,23.80,23.90,23.80,23.60,23.70,23.60,23.60,23.50,23.50,23.50,23.50,23.40,23.60,23.70,23.50,23.60,23.20,23.60,23.60,23.50,23.50,23.50,23.50,23.50,23.40,23.60,23.50,23.30,23.60,23.70,23.60,23.40,23.50,23.50,23.40,23.40,23.50,23.50,23.50,23.50,23.50,23.50,23.60,23.60,23.60,23.50,23.50,23.60,23.60,23.60,23.60,23.70,23.50,23.60,23.60,23.60,23.70,23.80,23.80,23.60,23.80,23.70,23.60,23.50,23.50,23.50,23.70,23.80,23.80,23.80,23.80,23.60,23.60,23.70,23.70,23.80,23.80,23.60,23.60,23.60,23.50,23.60,23.60,23.40,23.50,23.70,23.50,23.40,23.60,23.50,23.50,23.60
25.60,25.60,25.60,25.70,25.80,25.70,25.70,25.70,25.70,25.80,25.70,25.60,25.60,25.60,25.50,25.10,25.50,25.80,25.70,25.80,25.80,25.60,25.70,25.80,25.80,25.90,25.90,25.90,26.10,26.10,26.20,26.40,26.50,26.60,26.80,27.00,27.00,27.40,27.50,27.60,27.60,27.90,27.90,27.90,27.90,28.10,28.40,28.30,28.10,28.10,28.10,28.10,28.00,27.80,28.00,28.00,27.90,27.90,27.80,27.50,27.40,27.30,26.80,26.50,26.30,25.90,25.80,25.70,25.40,25.30,25.40,25.30,25.10,25.10,25.00,24.80,24.70,24.30,24.10,24.20,24.10,24.10,24.10,23.90,23.90,23.90,24.10,24.10,24.10,24.10,24.10,24.00,24.10,24.00,24.00,24.10,24.10,24.10,24.30,24.20,24.30,24.30,24.30,24.30,24.30,24.30,24.50,24.80,24.60,24.70,24.60,24.80,24.70,24.70,24.80,25.10,25.10,25.60,26.10,26.40,26.40,26.30,26.40,26.40,25.90,26.20,26.10,26.10,26.40,26.40,26.10,26.00,25.90,25.40,25.30,25.10,24.90,24.60,24.50,24.40,24.60,24.80,24.60,24.60,24.60,24.80,24.90,25.10,25.20,25.40,25.50,25.80,25.80,26.20,26.20,26.40,27.00,27.00,27.40,27.30,27.70,28.10,28.30,28.60,28.80,28.90,28.90,28.90,28.90,28.90,29.30,29.30,29.70,30.00,30.50,30.70,31.10,31.30,31.50,32.00,32.30,32.30,32.50,32.50,32.50,32.30,32.50,32.50,32.60,32.80,32.50,31.60,30.70,29.80,28.60,28.00,26.90,25.90,25.40,24.80,24.30,24.00,23.90,23.80,23.60,23.80,23.90,23.90,23.80,23.90,23.90,24.00,23.90,24.30,24.40,24.40,24.30,24.60,24.50,24.60,24.60,24.50,24.40,24.40,24.40,24.40,24.40,24.50,24.30,24.30,24.30,24.30,24.20,23.90,23.80,23.90,23.90,23.80,23.70,23.80,23.80,23.80,23.80,23.50,23.40,23.70,23.60,23.60,23.50,23.50,23.60,23.70,23.50,23.70,23.50,23.60,23.80,23.70,23.70,23.70,23.70,23.90,23.60,23.60,23.80,23.70,23.60,23.80,23.70,23.50,23.70,23.80,23.80,23.80,23.90,23.70,23.70,23.70,23.90,23.80,23.80,23.90,23.90,23.60,23.60,23.80,23.70,23.60,23.80,23.80,23.70,23.70,23.60,23.60,23.60,23.50,23.40,23.40,23.40,23.40,23.50,23.60,23.60,23.50,23.50,23.50,23.40,23.60,23.50,23.60,23.60,23.60,23.60,23.40,23.20,23.40,23.20,23.30,23.40,23.50,23.50,23.50,23.40,23.60,23.40,23.40,23.50,23.50,23.60,23.50,23.60,23.50,23.50,23.60,23.40,23.50,23.60,23.70,23.50,23.60,23.70,23.80,23.50,23.60,23.60,23.80,23.60,23.60,23.60,23.50,23.60,23.70,23.80,23.50,23.50,23.60,23.70,23.80,23.80,23.80,23.60,23.60,23.60,23.60,23.60,23.20,23.40,23.50,23.60,23.60,23.50,23.60,23.60,23.50,23.50,23.60,23.40,23.40,23.50,23.40,23.40,23.40
25.70,25.70,25.50,25.60,25.80,25.80,25.70,25.90,25.90,25.70,25.80,25.80,25.60,25.70,25.70,25.50,25.60,25.80,25.80,25.70,25.70,25.60,25.70,25.80,25.80,25.80,25.80,25.60,25.70,25.60,25.90,26.10,26.10,25.90,26.10,26.20,26.40,26.60,26.70,26.90,26.90,27.10,27.10,27.00,27.30,27.30,27.60,27.60,27.40,27.40,27.40,27.40,27.40,27.60,27.60,27.40,27.40,27.30,27.30,27.20,27.00,26.90,26.60,26.40,26.10,25.80,25.80,25.60,25.70,25.50,25.40,25.40,25.20,25.10,25.10,24.80,24.60,24.30,24.30,24.20,24.30,24.10,24.00,24.10,23.90,23.80,24.00,24.20,24.20,24.20,24.10,24.10,24.20,24.10,24.10,24.20,24.20,24.10,24.20,24.10,24.40,24.10,24.40,24.30,24.30,24.50,24.30,24.60,24.60,24.80,24.80,24.90,24.90,24.90,24.80,25.10,25.30,25.60,25.90,26.20,26.40,26.50,26.20,26.30,26.00,26.00,26.10,26.00,26.10,26.20,25.90,26.00,25.80,25.40,25.10,25.20,24.90,24.80,24.70,24.70,24.60,24.30,24.30,24.40,24.60,24.70,24.70,24.60,24.60,24.80,24.90,25.10,25.40,25.40,25.60,26.10,26.00,26.40,26.60,26.90,27.00,27.00,27.40,27.90,27.90,28.10,28.40,28.40,28.20,28.30,28.50,28.70,29.10,29.20,29.60,30.00,30.30,30.70,30.90,31.20,31.70,31.80,32.10,32.10,32.10,32.10,32.10,32.40,32.60,32.70,32.30,31.50,30.60,29.60,28.60,27.90,26.90,25.80,25.30,24.80,24.10,23.80,23.90,23.90,23.80,23.60,24.00,24.00,23.80,23.90,24.00,24.10,24.20,24.40,24.60,24.40,24.40,24.70,24.60,24.70,24.60,24.60,24.40,24.70,24.70,24.60,24.40,24.50,24.30,24.30,24.10,24.20,24.10,24.10,24.00,24.00,24.10,24.10,24.10,23.90,23.70,23.50,23.50,23.80,23.60,23.80,23.60,23.50,23.60,23.50,23.60,23.60,23.50,23.80,23.70,23.70,23.70,23.60,23.60,23.70,23.60,23.80,23.70,23.70,23.70,23.70,23.60,23.60,23.80,23.70,23.60,23.80,23.80,23.70,23.80,23.80,23.60,23.60,23.50,23.50,23.90,23.80,23.70,23.80,23.60,23.90,23.60,23.50,23.60,23.70,23.70,23.60,23.60,23.60,23.50,23.50,23.60,23.70,23.60,23.50,23.60,23.60,23.60,23.50,23.50,23.40,23.50,23.50,23.40,23.40,23.60,23.40,23.40,23.50,23.40,23.60,23.70,23.60,23.50,23.50,23.50,23.60,23.40,23.50,23.50,23.60,23.50,23.50,23.70,23.70,23.40,23.50,23.70,23.60,23.50,23.50,23.60,23.70,23.60,23.70,23.70,23.70,23.80,23.50,23.50,23.50,23.60,23.80,23.90,23.80,23.80,23.70,23.70,23.60,23.60,23.80,23.80,23.60,23.60,23.70,23.60,23.60,23.60,23.60,23.50,23.40,23.60,23.60,23.50,23.40,23.50,23.60,23.60,23.50,23.60,23.80,23.50,23.50,23.40,23.50,23.50,23.30
25.80,25.90,25.60,25.60,25.80,25.70,25.80,25.80,25.80,25.60,25.80,25.90,25.90,25.80,25.80,25.60,25.60,25.60,25.60,25.70,25.80,25.80,25.80,25.80,25.80,25.80,25.60,25.50,25.50,25.50,25.60,25.60,25.40,25.50,25.60,25.80,25.90,25.90,26.10,26.40,26.40,26.40,26.40,26.40,26.80,27.00,27.00,26.90,26.80,26.70,26.50,26.60,26.80,27.00,26.90,26.80,27.00,27.00,27.00,26.90,26.80,26.60,26.50,26.20,26.10,25.80,25.70,25.80,25.70,25.60,25.60,25.60,25.50,25.20,25.00,24.70,24.50,24.30,24.40,24.30,24.30,24.30,24.30,24.20,24.00,24.00,24.10,24.10,24.10,24.20,24.30,24.20,24.10,24.10,24.20,24.10,24.10,24.10,24.10,24.00,24.30,24.20,24.30,24.40,24.20,24.40,24.50,24.70,24.70,24.80,24.90,24.90,24.90,24.80,24.90,25.00,25.30,25.60,25.90,26.20,26.20,26.30,26.10,26.20,26.10,26.10,26.00,26.00,26.10,26.20,26.00,26.10,25.80,25.50,25.20,25.20,24.90,24.70,24.80,24.70,24.50,24.60,24.40,24.40,24.40,24.40,24.50,24.60,24.50,24.50,24.60,24.60,24.60,25.00,25.10,25.20,25.50,25.40,25.70,26.10,26.20,26.40,26.70,27.00,27.20,27.30,27.60,27.70,27.70,27.80,28.00,28.00,28.50,28.60,29.00,29.40,29.50,30.10,30.20,30.50,30.90,31.20,31.50,31.50,31.60,31.70,31.80,32.00,32.50,32.30,32.00,31.20,30.50,29.30,28.50,27.80,26.80,25.80,25.30,24.70,24.00,23.90,24.10,23.90,23.90,23.70,23.90,23.90,23.80,24.10,24.30,24.30,24.40,24.70,24.60,24.60,24.80,24.80,24.80,24.90,24.90,24.80,24.70,24.80,24.80,24.70,24.30,24.50,24.40,24.60,24.30,24.30,24.30,24.40,24.30,24.20,24.10,24.00,23.80,23.90,23.90,23.90,23.80,23.40,23.60,23.70,23.60,23.60,23.70,23.60,23.70,23.70,23.60,23.60,23.60,23.60,23.70,23.60,23.60,23.60,23.60,23.70,23.60,23.70,23.80,23.60,23.80,23.60,23.50,23.60,23.70,23.90,23.90,23.80,23.60,23.80,23.80,23.60,23.60,23.70,23.80,23.80,23.90,23.80,23.70,23.80,23.60,23.50,23.60,23.60,23.70,23.80,23.60,23.60,23.60,23.60,23.60,23.60,23.60,23.60,23.60,23.50,23.40,23.40,23.50,23.50,23.60,23.50,23.70,23.40,23.30,23.40,23.50,23.50,23.40,23.50,23.50,23.70,23.50,23.50,23.60,23.60,23.40,23.50,23.60,23.70,23.60,23.60,23.60,23.60,23.60,23.60,23.60,23.60,23.50,23.50,23.60,23.80,23.80,23.70,23.60,23.60,23.90,23.60,23.60,23.70,23.60,23.70,23.60,23.60,23.80,23.80,23.70,23.50,23.80,23.90,23.80,23.70,23.60,23.70,23.80,23.80,23.60,23.70,23.80,23.70,23.80,23.80,23.60,23.60,23.50,23.80,23.70,23.50,23.80,23.90,23.60,23.60,23.50,23.50,23.60,23.30
25.90,25.90,25.80,25.80,25.90,25.90,25.80,25.60,25.70,25.80,25.80,25.80,25.70,25.70,25.80,25.80,25.80,25.60,25.60,25.70,25.90,25.90,25.90,25.80,25.70,25.60,25.50,25.60,25.60,25.40,25.30,25.40,25.50,25.50,25.40,25.50,25.80,25.70,25.80,26.10,25.90,26.00,26.10,26.10,26.20,26.40,26.40,26.20,26.20,26.40,26.40,26.50,26.60,26.50,26.40,26.50,26.60,26.70,26.60,26.60,26.40,26.20,26.10,26.10,25.90,25.50,25.80,25.80,25.80,25.80,25.80,25.50,25.20,25.30,25.10,24.70,24.80,24.40,24.30,24.40,24.30,24.30,24.40,24.30,24.30,24.30,24.30,24.10,24.10,24.20,24.30,24.30,24.30,24.10,24.30,24.30,24.20,24.30,24.30,24.10,24.20,24.30,24.30,24.20,24.40,24.40,24.60,24.50,24.60,24.80,24.90,24.90,24.90,24.80,24.60,24.90,25.30,25.70,25.90,26.10,26.20,26.30,26.30,26.20,25.90,26.10,25.90,25.90,25.90,26.00,26.10,26.10,25.90,25.60,25.50,25.20,24.90,24.80,24.70,24.60,24.60,24.40,24.30,24.30,24.40,24.30,24.30,24.30,24.30,24.20,24.30,24.30,24.30,24.60,24.70,24.90,24.90,25.20,25.20,25.10,25.40,25.80,25.90,26.40,26.50,26.50,26.70,27.10,27.10,27.20,27.50,27.50,28.00,28.20,28.50,28.60,28.90,29.30,29.50,29.70,30.10,30.60,30.60,30.90,31.00,31.30,31.40,31.70,32.00,31.80,31.60,30.90,30.20,29.10,28.10,27.50,26.50,25.70,25.40,24.80,24.30,24.10,23.90,23.90,24.10,23.60,23.70,23.80,24.00,24.10,24.30,24.60,24.60,24.70,24.80,24.90,24.90,24.90,24.90,24.90,25.20,25.10,24.90,24.80,24.70,24.50,24.50,24.50,24.60,24.60,24.30,24.20,24.20,24.30,23.90,24.10,24.10,23.90,23.90,23.80,23.80,23.70,23.90,23.70,23.60,23.80,23.60,23.70,23.50,23.60,23.50,23.60,23.60,23.50,23.60,23.50,23.70,23.70,23.50,23.60,23.70,23.60,23.50,23.70,23.70,23.60,23.60,23.60,23.90,23.60,23.60,23.80,23.80,23.60,23.80,23.60,23.80,23.80,23.90,23.80,23.90,23.80,23.80,23.90,23.90,23.90,23.80,23.70,23.60,23.60,23.80,23.90,23.70,23.70,23.40,23.40,23.40,23.40,23.50,23.50,23.50,23.50,23.60,23.50,23.40,23.60,23.50,23.50,23.70,23.40,23.50,23.30,23.40,23.60,23.60,23.50,23.60,23.60,23.60,23.60,23.60,23.50,23.50,23.60,23.70,23.60,23.60,23.60,23.60,23.80,23.50,23.60,23.60,23.60,23.60,23.70,23.80,23.80,23.80,23.80,23.60,23.60,23.80,23.70,23.80,23.90,23.60,23.80,23.80,23.60,23.80,23.80,23.80,23.90,23.80,23.70,23.80,23.70,23.60,23.70,23.80,23.80,23.80,23.80,23.90,23.80,23.90,23.90,23.80,23.80,23.80,23.80,23.80,23.80,23.70,23.60,23.60,23.60,23.50,23.50,23.50,23.50
25.80,25.90,25.70,25.60,25.60,25.80,25.90,26.00,25.90,25.60,25.80,25.90,25.70,25.80,25.80,25.80,25.80,25.70,25.70,25.70,25.80,25.70,25.60,25.60,25.60,25.60,25.50,25.50,25.40,25.40,25.40,25.50,25.50,25.60,25.50,25.40,25.50,25.60,25.60,25.60,25.70,25.70,25.90,26.00,25.90,25.90,25.90,26.00,25.80,26.00,26.10,26.10,26.20,26.10,26.20,26.20,26.20,26.20,26.10,26.10,26.10,25.90,25.80,25.60,25.60,25.50,25.60,25.80,25.90,25.90,25.60,25.40,25.40,25.30,25.30,24.80,24.80,24.70,24.60,24.40,24.50,24.40,24.30,24.30,24.40,24.40,24.40,24.40,24.40,24.40,24.50,24.40,24.30,24.50,24.60,24.40,24.30,24.40,24.40,24.30,24.40,24.40,24.40,24.30,24.50,24.40,24.40,24.50,24.50,24.80,24.80,24.90,24.80,24.80,24.80,25.00,25.40,25.50,25.90,26.20,26.10,26.00,26.10,26.20,26.10,25.90,25.80,25.90,25.80,25.80,26.10,25.90,25.80,25.50,25.50,25.30,25.00,24.90,24.80,24.80,24.40,24.40,24.30,24.40,24.10,24.30,24.30,24.10,24.30,24.10,24.00,24.20,24.30,24.40,24.40,24.40,24.60,24.40,24.90,24.80,25.10,25.10,25.20,25.40,25.90,25.90,26.00,26.20,26.60,26.60,26.90,27.00,27.10,27.40,27.60,27.90,28.10,28.60,29.00,29.00,29.60,29.90,29.90,30.10,30.40,30.60,30.90,30.90,31.40,31.30,31.10,30.60,29.80,28.80,27.90,27.40,26.50,25.60,25.30,24.60,24.20,23.80,23.80,23.90,23.80,23.70,23.80,23.90,24.00,24.20,24.60,24.60,24.70,24.80,24.90,24.80,25.10,25.10,25.10,25.20,25.20,25.30,24.90,25.10,24.90,24.90,24.80,24.80,24.60,24.60,24.60,24.60,24.30,24.30,24.30,24.30,24.00,23.90,23.80,23.90,23.90,23.90,23.80,23.60,23.50,23.60,23.50,23.60,23.40,23.50,23.60,23.70,23.60,23.70,23.70,23.70,23.60,23.60,23.50,23.50,23.60,23.80,23.60,23.70,23.80,23.80,24.10,23.80,23.50,23.60,23.60,23.50,23.60,23.60,23.70,23.60,23.50,23.60,23.90,23.90,23.80,23.90,23.90,23.80,23.90,23.80,23.70,23.70,23.60,23.60,23.60,23.60,23.90,23.80,23.60,23.60,23.60,23.60,23.60,23.60,23.50,23.50,23.50,23.50,23.40,23.50,23.50,23.50,23.30,23.40,23.40,23.60,23.60,23.40,23.40,23.40,23.40,23.60,23.50,23.60,23.60,23.80,23.70,23.60,23.70,23.80,23.80,23.60,23.50,23.50,23.50,23.60,23.70,23.70,23.60,23.90,24.00,23.90,23.50,23.80,23.70,23.80,23.90,23.90,23.90,23.90,23.80,23.80,23.80,23.80,23.90,23.90,23.90,24.10,23.80,23.70,23.60,23.70,23.90,24.00,23.90,23.90,23.90,24.00,23.90,23.80,23.90,24.00,23.90,23.80,23.70,23.80,23.80,23.80,23.60,23.60,23.80,23.60,23.50,23.60,23.60,23.60
25.90,25.90,26.10,26.10,25.90,25.90,25.90,25.80,25.70,25.60,25.70,25.90,25.80,25.80,25.80,25.80,25.80,25.70,25.60,25.60,25.80,25.80,25.70,25.60,25.70,25.70,25.60,25.60,25.60,25.40,25.60,25.60,25.40,25.50,25.50,25.50,25.60,25.50,25.50,25.30,25.50,25.50,25.60,25.70,25.80,25.80,25.80,25.80,25.60,25.80,25.80,25.80,26.10,25.70,25.90,26.00,25.90,25.90,25.80,25.80,25.90,25.80,25.60,25.40,25.40,25.50,25.80,25.60,25.70,25.80,25.50,25.30,25.30,25.20,25.10,24.80,24.90,24.90,24.60,24.50,24.40,24.60,24.50,24.30,24.40,24.40,24.30,24.30,24.40,24.50,24.60,24.40,24.40,24.30,24.40,24.40,24.30,24.30,24.30,24.30,24.20,24.30,24.30,24.40,24.50,24.30,24.50,24.60,24.60,24.90,25.10,25.10,24.90,24.90,24.90,25.00,25.10,25.50,25.80,25.90,26.00,25.90,25.80,26.10,25.90,25.90,25.90,25.70,25.90,25.60,25.90,25.90,25.70,25.50,25.40,25.40,25.10,24.80,24.90,24.80,24.50,24.40,24.30,24.10,24.40,24.20,24.20,24.10,23.90,24.10,24.30,24.10,24.20,24.30,24.00,24.30,24.30,24.40,24.60,24.70,24.70,25.10,25.10,25.40,25.20,25.40,25.50,25.60,25.80,26.10,26.40,26.40,26.70,27.00,27.00,27.40,27.80,27.90,28.20,28.40,28.60,28.90,29.00,29.40,29.30,30.00,30.20,30.50,30.50,30.70,30.50,29.80,29.30,28.50,27.60,26.80,26.30,25.60,25.10,24.60,24.10,24.10,23.80,23.80,23.90,23.80,23.80,23.80,24.30,24.30,24.40,24.70,24.90,24.90,25.10,24.90,25.20,25.20,25.30,25.10,25.20,25.10,25.10,24.90,25.00,24.90,24.70,24.90,24.70,24.60,24.50,24.60,24.60,24.40,24.30,24.40,24.30,24.20,23.70,23.90,23.90,23.80,23.80,23.80,23.70,23.60,23.70,23.80,23.50,23.50,23.60,23.60,23.70,23.70,23.50,23.50,23.60,23.60,23.60,23.60,23.60,23.60,23.60,23.80,23.80,23.60,23.60,23.80,23.70,23.80,23.70,23.60,23.50,23.60,23.70,23.60,23.60,23.60,23.80,23.80,23.80,23.80,23.70,23.60,23.60,23.60,23.70,23.80,23.80,23.70,23.70,23.70,23.60,23.70,23.70,23.60,23.40,23.40,23.40,23.50,23.50,23.50,23.50,23.50,23.50,23.50,23.40,23.50,23.30,23.50,23.20,23.40,23.50,23.60,23.70,23.70,23.50,23.50,23.60,23.60,23.80,23.70,23.60,23.80,23.70,23.80,23.70,23.80,23.90,23.80,23.80,23.70,23.80,23.90,23.90,24.00,23.90,23.90,24.00,23.80,23.80,23.80,24.00,24.00,23.90,23.90,24.00,23.80,23.90,23.90,23.90,23.90,23.90,23.80,23.90,24.10,24.10,24.00,23.90,23.90,24.10,24.00,23.80,24.10,24.10,23.90,23.90,23.90,23.90,23.80,23.80,23.90,23.90,23.80,23.80,23.70,23.60,23.60,23.60,23.80,23.70,23.50
26.10,26.00,25.90,25.90,25.70,25.70,25.70,25.80,25.90,25.80,25.80,25.80,25.90,25.90,25.70,25.80,25.80,25.60,25.60,25.60,25.80,25.70,25.70,25.70,25.70,25.60,25.40,25.50,25.50,25.50,25.60,25.70,25.50,25.60,25.50,25.50,25.60,25.60,25.40,25.20,25.40,25.40,25.50,25.30,25.60,25.60,25.50,25.60,25.80,25.60,25.60,25.70,25.80,25.60,25.60,25.70,25.80,25.60,25.50,25.80,25.60,25.60,25.40,25.10,25.50,25.40,25.40,25.60,25.60,25.60,25.80,25.70,25.20,25.30,24.90,25.10,25.10,24.90,24.70,24.60,24.60,24.70,24.70,24.40,24.40,24.60,24.80,24.60,24.40,24.60,24.60,24.60,24.40,24.40,24.40,24.40,24.30,24.30,24.40,24.20,24.20,24.30,24.30,24.40,24.60,24.30,24.70,24.80,24.70,24.80,24.90,25.00,24.90,24.80,24.90,24.90,25.30,25.50,25.70,25.90,25.90,25.80,25.80,25.80,25.60,25.90,25.60,25.60,25.60,25.80,25.80,25.90,26.00,25.70,25.50,25.40,25.20,25.10,24.80,24.80,24.60,24.30,24.30,24.20,24.10,24.00,24.00,24.10,24.00,24.00,24.10,23.90,24.10,23.90,24.10,24.10,24.30,24.30,24.10,24.30,24.30,24.70,24.60,24.90,24.60,25.00,24.90,25.20,25.60,25.70,25.70,26.10,26.30,26.50,26.90,27.10,27.10,27.70,27.60,28.00,28.40,28.50,28.50,28.80,29.40,29.30,29.60,29.70,30.00,30.20,30.20,30.00,29.00,28.20,27.40,26.90,26.10,25.50,25.00,24.50,24.10,23.90,24.00,23.90,23.90,24.00,24.00,24.00,24.10,24.30,24.50,24.40,24.80,25.00,25.20,25.20,25.10,25.20,25.60,25.20,25.20,25.20,25.10,25.00,25.00,24.90,24.70,24.80,24.60,24.80,24.50,24.60,24.60,24.50,24.60,24.40,24.30,24.30,23.90,23.90,23.90,23.80,23.80,23.90,23.70,23.60,23.60,23.70,23.50,23.60,23.40,23.60,23.80,23.70,23.40,23.50,23.50,23.60,23.60,23.50,23.50,23.70,23.50,23.90,23.60,23.60,23.60,23.60,23.50,23.60,23.70,23.60,23.70,23.50,23.70,23.80,23.70,23.80,23.80,23.70,23.80,23.80,23.70,23.70,23.70,23.60,23.70,23.80,23.70,23.80,23.80,23.80,23.60,23.80,23.60,23.50,23.50,23.50,23.60,23.70,23.60,23.60,23.50,23.50,23.60,23.60,23.40,23.50,23.50,23.40,23.30,23.40,23.60,23.60,23.70,23.70,23.70,23.70,23.70,23.90,23.80,23.80,23.90,24.00,23.80,23.80,23.80,23.90,24.00,24.00,23.90,23.90,23.80,23.80,23.80,23.90,24.00,24.10,24.10,23.90,24.10,24.10,24.10,23.80,24.00,24.10,24.10,24.00,24.10,24.20,24.10,24.10,23.90,23.80,24.10,24.10,24.00,23.90,23.90,24.10,24.30,24.00,23.70,24.10,24.20,24.20,24.00,23.90,24.10,23.90,23.90,24.00,23.90,23.80,23.90,23.90,23.60,23.80,23.90,23.80,23.70,23.60
26.00,26.10,26.00,25.90,25.90,26.00,25.90,25.90,25.80,25.80,25.80,25.80,26.00,26.00,25.80,25.90,25.90,25.60,25.60,25.50,25.80,25.90,26.00,25.80,25.80,25.80,25.50,25.60,25.60,25.60,25.60,25.60,25.60,25.50,25.50,25.50,25.40,25.40,25.50,25.40,25.50,25.60,25.70,25.70,25.60,25.50,25.50,25.50,25.40,25.50,25.50,25.60,25.50,25.60,25.50,25.60,25.60,25.50,25.40,25.50,25.40,25.40,25.20,25.20,25.10,25.20,25.30,25.10,25.20,25.40,25.30,25.30,25.20,25.10,24.90,25.20,24.90,24.80,24.80,24.80,24.70,24.70,24.60,24.60,24.80,24.80,24.70,24.70,24.60,24.60,24.60,24.40,24.50,24.40,24.60,24.40,24.50,24.50,24.40,24.40,24.30,24.20,24.40,24.40,24.60,24.50,24.60,24.80,24.90,24.80,24.80,25.00,25.00,25.10,25.10,25.10,25.20,25.40,25.60,25.90,25.90,25.80,25.60,25.80,25.70,25.70,25.70,25.90,25.80,25.70,25.80,25.80,25.80,25.80,25.60,25.40,25.40,25.20,25.10,24.60,24.80,24.60,24.40,24.00,24.10,24.10,24.10,24.00,24.10,24.10,24.10,23.90,23.90,24.00,24.10,24.10,24.10,24.30,24.10,24.10,24.20,24.30,24.30,24.50,24.40,24.70,24.70,24.80,25.10,25.20,25.30,25.70,25.70,26.20,26.00,26.40,26.60,27.00,27.10,27.30,27.60,28.00,28.10,28.20,28.60,28.70,28.90,29.00,29.40,29.40,29.40,29.20,28.40,27.70,27.00,26.60,26.00,25.50,24.90,24.40,24.30,24.00,23.90,23.70,23.70,23.80,23.90,24.10,24.30,24.40,24.70,24.90,24.90,25.00,25.20,25.20,25.40,25.40,25.50,25.40,25.10,25.10,24.90,25.00,25.00,24.80,24.80,24.80,24.80,24.60,24.40,24.70,24.60,24.50,24.40,24.40,24.20,24.30,24.10,24.00,23.90,23.90,23.80,24.00,23.70,23.80,23.70,23.50,23.50,23.50,23.60,23.60,23.60,23.70,23.50,23.60,23.60,23.50,23.60,23.40,23.50,23.60,23.60,23.60,23.90,23.90,23.90,23.60,23.60,23.60,23.60,23.80,23.90,23.50,23.70,23.60,23.80,23.70,23.70,23.70,23.80,24.00,24.00,23.90,23.80,23.80,23.80,23.50,23.60,23.70,23.60,23.60,23.60,23.60,23.60,23.50,23.60,23.60,23.60,23.60,23.60,23.60,23.50,23.50,23.60,23.80,23.50,23.40,23.50,23.30,23.50,23.40,23.40,23.40,23.60,23.70,23.80,23.60,23.70,23.80,23.90,23.90,23.80,24.00,23.90,24.10,24.10,24.00,24.10,24.20,24.00,24.10,24.20,24.30,24.30,24.00,24.00,24.00,24.10,24.20,24.20,24.10,24.10,24.10,24.10,23.90,24.10,24.20,24.30,24.30,24.40,24.00,24.10,24.20,24.30,24.40,24.40,24.10,24.10,24.10,24.10,24.10,24.10,24.00,24.10,24.20,24.20,24.20,24.30,24.10,24.00,24.10,24.00,23.90,24.00,24.10,24.00,24.10,24.00,24.10,24.00,23.80
25.90,26.10,25.90,25.90,25.90,25.90,26.00,25.90,25.80,25.90,25.90,25.90,25.90,25.90,25.90,25.80,25.70,25.70,25.80,25.80,25.80,25.80,25.80,25.60,25.60,25.60,25.80,25.60,25.60,25.60,25.60,25.50,25.60,25.40,25.40,25.60,25.60,25.80,25.80,25.60,25.60,25.80,25.80,25.60,25.60,25.80,25.80,25.60,25.80,25.90,25.80,25.70,25.50,25.70,25.60,25.60,25.50,25.50,25.40,25.50,25.40,25.20,25.40,25.10,25.30,25.10,25.10,25.10,25.20,25.30,25.20,25.30,25.20,25.10,25.10,25.10,24.90,24.90,24.90,24.90,24.80,24.70,24.60,24.80,24.80,24.80,24.70,24.70,24.70,24.60,24.60,24.80,24.50,24.40,24.30,24.40,24.40,24.30,24.40,24.40,24.40,24.30,24.20,24.40,24.50,24.60,24.60,24.90,25.00,24.80,24.80,25.00,25.00,24.90,25.00,24.90,25.20,25.20,25.70,25.70,25.70,25.70,25.70,25.80,25.80,25.50,25.60,25.50,25.80,25.80,25.80,25.90,25.90,25.70,25.60,25.40,25.50,25.30,24.90,24.80,24.90,24.40,24.30,24.20,24.00,24.20,24.10,24.00,23.90,23.90,24.10,24.10,24.00,23.90,24.00,24.10,24.20,24.20,24.00,24.10,24.20,24.20,24.30,24.00,24.20,24.20,24.40,24.50,24.80,25.10,24.90,25.20,25.40,25.50,25.50,25.80,26.10,26.20,26.60,27.10,27.20,27.50,27.70,27.90,27.80,28.10,28.40,28.50,28.40,28.80,28.70,28.30,27.90,27.30,26.70,26.30,25.60,25.30,24.90,24.60,24.30,23.90,23.90,23.90,24.10,23.90,24.00,24.30,24.40,24.60,24.80,25.00,24.90,25.00,24.90,25.30,25.40,25.40,25.50,25.30,25.20,25.00,24.90,25.10,24.90,24.80,24.90,24.70,24.80,24.60,24.30,24.80,24.50,24.60,24.50,24.40,24.30,24.20,24.10,24.30,23.90,23.90,23.80,23.80,23.80,23.90,23.80,23.50,23.50,23.50,23.60,23.50,23.40,23.50,23.60,23.40,23.50,23.60,23.80,23.30,23.70,23.70,23.90,23.70,23.70,23.60,23.60,23.60,23.60,23.60,23.60,23.80,23.60,23.60,23.50,23.50,23.80,23.70,23.70,23.80,24.10,24.00,23.90,23.80,23.80,23.80,23.80,23.70,23.50,23.60,23.80,23.60,23.50,23.80,23.60,23.60,23.60,23.60,23.60,23.50,23.60,23.50,23.50,23.60,23.60,23.60,23.50,23.40,23.50,23.20,23.50,23.50,23.60,23.50,23.60,23.60,23.60,23.60,23.50,23.90,23.60,23.50,23.80,24.10,24.00,24.30,24.10,24.10,24.20,24.30,24.10,24.20,24.20,24.20,24.30,24.30,24.30,24.30,24.30,24.20,24.40,24.30,24.20,24.20,24.30,24.30,24.30,24.30,24.30,24.40,24.40,24.20,24.40,24.60,24.50,24.60,24.60,24.40,24.50,24.40,24.40,24.40,24.30,24.30,24.30,24.30,24.30,24.30,24.30,24.10,24.10,24.20,24.30,24.30,24.10,24.10,24.10,24.00,24.00,24.10,24.00,23.90
26.10,26.00,25.90,25.90,25.90,25.90,26.00,26.00,26.00,25.90,26.00,26.00,25.80,25.80,26.10,25.90,25.70,25.60,25.70,25.80,25.50,25.50,25.70,25.60,25.80,25.90,25.80,25.80,25.60,25.60,25.60,25.60,25.60,25.60,25.60,25.70,25.50,25.60,25.80,25.60,25.60,25.70,25.70,25.50,25.50,25.70,26.10,25.80,25.90,25.80,25.80,25.80,25.40,25.60,25.60,25.50,25.20,25.40,25.40,25.30,25.20,25.20,25.10,25.10,24.90,25.20,25.20,25.10,25.10,25.10,25.10,25.10,25.00,25.20,25.10,25.10,25.10,25.10,25.10,25.00,24.90,24.90,24.90,24.90,24.90,24.80,24.80,24.50,24.80,24.90,24.60,24.60,24.70,24.60,24.40,24.40,24.60,24.50,24.50,24.40,24.40,24.20,24.20,24.40,24.40,24.60,24.80,24.80,24.90,24.80,25.00,24.90,24.90,25.00,24.90,24.90,25.30,25.20,25.60,25.40,25.40,25.60,25.60,25.40,25.60,25.50,25.50,25.60,25.60,25.60,25.90,25.60,25.80,25.90,25.80,25.40,25.30,25.20,25.00,24.90,24.70,24.60,24.30,24.40,24.10,24.10,24.10,24.10,23.80,23.80,23.90,23.90,23.80,24.10,24.10,24.10,24.20,24.10,24.10,24.40,24.10,24.20,24.10,24.00,24.10,24.20,24.30,24.40,24.30,24.40,24.80,24.90,25.20,25.20,25.40,25.50,25.80,25.70,26.00,26.30,26.50,26.80,27.00,27.20,27.30,27.50,27.60,27.90,27.80,28.20,28.10,27.80,27.40,27.00,26.20,26.00,25.50,25.10,25.00,24.40,24.20,23.90,23.90,23.80,24.10,24.10,24.10,24.10,24.40,24.70,24.70,24.90,25.00,25.00,25.00,25.30,25.30,25.40,25.40,25.10,25.20,25.10,24.90,24.90,24.90,24.90,24.80,24.60,24.70,24.70,24.40,24.80,24.50,24.70,24.30,24.70,24.60,24.10,24.10,24.10,24.00,23.90,23.90,23.80,23.60,23.70,23.50,23.70,23.40,23.40,23.50,23.60,23.50,23.80,23.60,23.80,23.40,23.50,23.60,23.40,23.50,23.60,23.60,23.60,23.60,23.50,23.60,23.70,23.60,23.70,23.60,23.70,23.60,23.80,23.60,23.60,23.80,23.80,23.80,23.90,23.90,23.90,24.00,23.90,23.90,23.90,24.00,23.60,23.60,23.70,23.80,23.90,23.60,23.80,23.40,23.50,23.50,23.60,23.70,23.60,23.60,23.50,23.60,23.50,23.50,23.60,23.60,23.50,23.50,23.70,23.50,23.60,23.50,23.60,23.80,23.90,23.90,23.80,23.90,24.10,23.90,24.10,24.30,24.30,24.30,24.30,24.30,24.30,24.30,24.30,24.40,24.30,24.30,24.50,24.60,24.40,24.50,24.60,24.60,24.30,24.40,24.40,24.40,24.40,24.40,24.30,24.20,24.40,24.40,24.40,24.40,24.40,24.50,24.60,24.90,24.80,24.70,24.50,24.40,24.50,24.60,24.50,24.50,24.70,24.60,24.60,24.70,24.60,24.40,24.30,24.30,24.30,24.40,24.40,24.30,24.20,24.10,24.10,24.10,24.10,24.10,24.00
26.20,25.90,25.90,26.00,26.00,26.00,26.10,26.10,26.10,25.90,25.90,25.90,25.90,25.80,25.80,25.90,25.90,25.70,25.80,25.90,25.60,25.60,25.60,25.60,25.60,25.90,25.80,25.80,25.70,25.80,25.80,25.80,25.70,25.60,25.50,25.60,25.90,26.10,25.90,26.00,25.90,25.90,25.90,25.80,25.80,25.80,25.90,25.80,25.80,25.80,25.80,25.70,25.50,25.40,25.50,25.50,25.10,25.40,25.40,25.20,25.20,25.20,25.10,25.10,25.20,25.20,25.10,25.00,25.00,25.10,25.10,25.10,24.80,24.90,25.10,25.00,24.90,24.90,24.90,25.00,25.00,25.00,25.00,24.80,25.10,25.10,24.90,24.70,24.90,24.90,24.80,24.90,24.80,24.60,24.40,24.60,24.70,24.60,24.40,24.30,24.50,24.50,24.40,24.60,24.70,24.60,24.90,24.70,24.80,24.80,24.90,24.90,24.90,25.10,25.00,24.90,25.20,25.10,25.50,25.40,25.40,25.50,25.50,25.50,25.40,25.40,25.50,25.50,25.50,25.40,25.50,25.80,25.60,25.80,25.80,25.50,25.50,25.30,25.30,24.90,24.80,24.60,24.40,24.20,24.10,24.00,23.90,23.90,23.90,23.90,23.90,23.90,23.70,23.90,24.10,24.00,24.30,23.90,24.30,24.30,24.10,24.40,24.20,24.10,24.30,24.10,24.10,24.40,24.10,24.50,24.60,24.80,24.80,25.00,25.00,25.20,25.30,25.50,25.50,25.80,25.90,26.30,26.30,26.70,26.80,27.00,27.00,27.30,27.30,27.40,27.40,27.10,26.90,26.40,25.90,25.80,25.20,25.10,24.70,24.40,24.40,24.00,24.00,24.00,24.10,23.90,24.10,24.20,24.20,24.60,24.70,24.90,25.10,25.10,25.20,25.20,25.30,25.30,25.50,25.00,25.10,25.00,25.00,24.90,24.90,24.90,24.80,24.60,24.80,24.80,24.70,24.80,24.70,24.50,24.60,24.30,24.30,24.50,24.30,24.10,24.00,23.80,23.70,23.80,23.70,23.60,23.60,23.60,23.50,23.60,23.50,23.50,23.30,23.40,23.50,23.60,23.70,23.70,23.60,23.50,23.60,23.50,23.50,23.60,23.50,23.50,23.60,23.50,23.50,23.60,23.70,23.70,23.60,23.70,23.60,23.70,23.90,23.70,23.90,23.90,23.80,24.00,23.90,23.80,23.90,23.90,23.80,23.80,23.80,23.90,23.50,23.60,23.80,23.60,23.60,23.60,23.50,23.60,23.60,23.50,23.70,23.60,23.60,23.50,23.50,23.50,23.50,23.50,23.60,23.60,23.60,23.50,23.60,23.90,23.90,23.90,24.10,24.10,24.10,24.40,24.60,24.40,24.40,24.40,24.50,24.30,24.50,24.60,24.60,24.60,24.60,24.50,24.60,24.70,24.80,24.80,24.90,24.90,24.80,24.80,24.80,24.90,24.90,24.90,24.60,24.80,24.80,24.50,24.40,24.50,24.70,24.70,24.70,24.70,25.00,24.80,24.80,24.70,24.90,24.90,24.80,24.80,24.80,24.90,24.90,24.80,24.50,24.60,24.60,24.40,24.40,24.40,24.40,24.40,24.40,24.30,24.30,24.30,24.30,24.30,24.30,24.20
26.10,25.90,25.90,26.10,26.10,26.10,25.90,25.90,25.90,26.10,26.10,26.10,26.00,25.90,25.90,26.10,26.20,26.00,25.80,25.80,25.80,25.90,25.80,25.60,25.60,25.80,25.80,25.70,25.70,25.90,25.80,25.70,25.70,25.60,25.60,25.70,26.10,26.10,25.80,25.90,25.80,25.80,25.90,26.10,25.80,25.70,25.80,25.50,25.60,25.70,25.80,25.50,25.60,25.50,25.50,25.50,25.20,25.20,25.20,25.20,25.10,25.10,25.10,25.40,25.10,25.30,25.20,25.10,25.10,25.10,25.00,25.10,25.10,25.10,25.20,25.00,24.90,24.90,24.80,24.90,25.00,25.00,25.00,24.90,25.10,25.10,24.90,24.90,25.10,25.10,24.80,24.90,24.90,24.70,24.80,24.80,24.90,24.70,24.60,24.40,24.40,24.40,24.60,24.70,24.80,24.80,24.70,24.90,25.10,24.90,25.00,25.00,25.10,25.00,25.00,25.10,25.20,25.00,25.40,25.30,25.40,25.40,25.40,25.50,25.40,25.20,25.40,25.40,25.40,25.50,25.80,25.80,25.70,25.60,25.90,25.60,25.40,25.40,25.30,25.10,24.70,24.60,24.60,24.30,24.20,24.20,24.10,24.10,24.30,23.90,24.10,24.00,24.20,24.20,24.10,24.20,24.30,24.00,24.30,24.10,24.10,24.40,24.40,24.40,24.30,24.30,24.30,24.40,24.10,24.50,24.60,24.60,24.80,24.90,24.90,25.00,25.10,25.10,25.30,25.50,25.60,25.90,26.10,26.10,26.40,26.40,26.40,26.90,26.70,26.70,26.80,26.70,26.50,26.10,25.80,25.60,25.30,24.90,24.70,24.40,24.40,24.30,24.10,24.30,24.10,23.90,24.20,24.40,24.30,24.80,24.80,25.10,25.20,25.30,25.30,25.40,25.30,25.40,25.40,25.20,25.10,25.10,24.90,24.90,24.80,25.00,24.90,24.90,24.70,24.70,24.60,24.80,24.60,24.60,24.40,24.60,24.40,24.40,24.10,24.10,24.10,23.80,23.70,23.80,23.80,23.90,23.70,23.60,23.50,23.50,23.50,23.70,23.60,23.50,23.50,23.50,23.50,23.70,23.60,23.50,23.60,23.50,23.60,23.50,23.60,23.50,23.60,23.50,23.80,23.60,23.60,23.60,23.50,23.60,23.80,23.70,23.60,23.80,23.90,23.90,23.80,23.80,23.90,23.90,23.90,23.80,23.70,23.80,23.80,23.90,23.60,23.80,23.70,23.70,23.60,23.60,23.50,23.60,23.50,23.50,23.60,23.60,23.60,23.60,23.60,23.50,23.50,23.50,23.70,23.60,23.60,23.50,23.90,23.90,23.90,24.00,24.10,24.30,24.30,24.50,24.50,24.60,24.50,24.50,24.70,24.80,24.60,24.80,24.90,24.90,24.80,24.90,24.90,24.90,24.90,25.10,24.90,24.80,24.90,25.10,25.10,25.00,24.90,24.90,24.80,24.80,24.90,25.00,24.90,24.90,24.90,25.20,25.00,24.90,25.00,25.00,25.00,25.10,25.10,25.10,24.90,25.00,25.10,25.20,25.10,25.10,25.00,24.90,24.80,24.80,24.70,24.70,24.70,24.60,24.60,24.60,24.40,24.30,24.30,24.50,24.40,24.40
26.20,25.90,26.00,26.10,25.90,25.90,25.90,26.10,26.20,25.90,25.80,25.90,26.10,26.10,26.10,25.90,25.80,25.90,25.90,25.80,25.90,25.90,25.80,25.70,25.60,25.60,25.60,25.60,25.70,25.70,25.70,25.60,25.60,25.80,25.80,25.80,25.90,26.10,26.20,25.70,25.80,25.90,26.00,25.80,25.80,25.80,25.80,25.50,25.60,25.60,25.60,25.40,25.40,25.50,25.40,25.40,25.20,25.20,25.10,25.20,25.30,25.30,25.50,25.10,25.00,24.90,25.10,25.10,25.00,25.10,25.00,25.20,25.00,25.10,25.20,24.90,25.00,25.10,25.00,25.00,25.10,25.00,24.90,25.10,25.10,25.10,25.10,25.10,25.10,25.00,24.90,24.80,24.90,24.80,24.90,24.60,24.40,24.40,24.50,24.60,24.50,24.60,24.40,24.60,24.60,24.50,24.90,25.20,24.80,24.90,24.90,25.20,25.10,25.00,24.90,25.20,25.20,24.90,25.10,25.20,25.40,25.40,25.20,25.30,25.20,25.20,25.20,25.30,25.30,25.50,25.70,25.60,25.70,25.60,25.70,25.80,25.60,25.50,25.30,25.10,25.10,25.10,24.60,24.30,24.10,24.20,24.20,24.00,24.00,23.90,24.10,23.90,24.00,24.10,24.10,24.20,24.30,24.10,24.40,24.30,24.40,24.60,24.40,24.50,24.40,24.30,24.30,24.30,24.60,24.60,24.60,24.70,24.70,24.80,24.70,24.90,25.10,24.90,25.20,25.20,25.40,25.70,25.60,25.80,25.80,26.00,26.10,26.50,26.30,26.30,26.40,26.40,26.10,25.90,25.90,25.60,25.10,25.10,24.80,24.60,24.30,24.20,24.20,24.40,24.20,24.10,24.40,24.40,24.60,24.80,24.90,25.10,25.10,25.20,25.20,25.40,25.20,25.20,25.20,25.20,25.20,25.20,25.10,25.20,24.90,24.90,24.70,24.80,24.80,24.40,24.80,24.60,24.60,24.80,24.50,24.50,24.60,24.10,24.20,24.30,24.30,24.10,23.90,23.70,23.80,23.70,23.70,23.50,23.80,23.50,23.50,23.70,23.60,23.50,23.60,23.60,23.60,23.50,23.60,23.50,23.40,23.50,23.50,23.60,23.40,23.60,23.60,23.60,23.60,23.40,23.70,23.60,23.40,23.60,23.50,23.50,23.60,23.60,23.60,23.90,24.10,23.90,23.80,24.00,23.80,23.80,24.00,23.90,23.70,23.60,23.60,23.70,23.80,23.70,23.60,23.60,23.60,23.40,23.50,23.50,23.60,23.60,23.60,23.70,23.60,23.60,23.60,23.50,23.50,23.50,23.50,23.40,23.80,24.10,24.30,24.30,24.40,24.70,24.50,24.70,24.80,24.80,24.70,24.80,25.00,25.00,24.90,25.10,25.10,24.90,24.90,25.20,25.20,25.20,25.20,25.30,25.00,25.00,25.10,25.20,25.10,24.90,24.90,25.00,25.10,25.20,25.30,25.20,25.10,25.10,25.10,25.30,25.10,25.10,25.20,25.40,25.40,25.40,25.30,25.30,25.20,25.40,25.40,25.40,25.40,25.30,25.00,25.10,25.10,24.90,24.90,24.60,24.80,24.80,24.60,24.80,24.80,24.70,24.60,24.50,24.60,24.60
26.10,26.00,25.90,25.90,26.00,26.00,26.00,25.90,25.80,25.90,26.00,26.00,25.90,25.90,25.90,25.90,25.80,25.90,26.00,25.90,25.80,25.80,25.80,25.70,25.60,25.50,25.60,25.70,25.60,25.40,25.40,25.60,25.60,25.60,25.60,25.40,25.80,26.00,26.00,25.90,25.80,25.60,25.60,25.70,25.70,25.60,25.60,25.60,25.50,25.50,25.40,25.20,25.20,25.30,25.20,25.30,25.10,25.30,25.10,25.10,25.20,25.20,25.20,25.40,25.30,25.10,24.90,24.90,25.10,24.90,25.10,24.90,24.90,24.90,25.00,25.10,25.00,25.00,25.00,25.00,25.10,24.90,24.90,25.10,24.90,25.10,25.10,24.80,24.90,24.90,24.90,24.80,24.80,24.80,24.70,24.60,25.00,24.80,24.40,24.60,24.50,24.60,24.50,24.60,24.80,24.80,24.70,25.20,25.10,24.80,24.80,25.10,25.10,25.10,25.00,25.10,24.80,25.10,25.20,25.10,25.20,25.30,25.20,25.30,25.20,25.20,25.10,25.30,25.40,25.40,25.60,25.40,25.60,25.50,25.60,25.60,25.60,25.50,25.40,25.20,25.20,24.70,24.80,24.40,24.40,24.30,24.10,23.90,23.90,24.00,23.90,24.00,24.20,24.00,24.40,24.30,24.40,24.30,24.60,24.50,24.60,24.40,24.30,24.40,24.40,24.40,24.60,24.50,24.40,24.80,24.80,24.80,24.80,24.80,24.60,25.10,25.00,25.00,25.10,25.10,25.10,25.30,25.50,25.60,25.50,25.80,25.70,25.90,26.00,25.90,25.90,25.80,25.90,25.60,25.30,25.20,25.30,24.70,24.90,24.40,24.40,24.40,24.30,24.30,24.20,24.20,24.40,24.50,24.40,24.60,24.80,25.20,25.10,25.20,25.30,25.20,25.30,25.40,25.00,25.00,25.00,25.20,25.10,24.90,24.80,24.90,24.50,24.80,24.70,24.80,25.00,24.60,24.70,24.70,24.60,24.60,24.30,24.30,24.40,24.20,24.10,23.90,23.90,23.90,23.80,23.70,23.80,23.60,23.70,23.60,23.50,23.60,23.60,23.60,23.70,23.50,23.50,23.40,23.50,23.50,23.50,23.50,23.60,23.50,23.50,23.50,23.50,23.60,23.60,23.50,23.40,23.50,23.70,23.60,23.60,23.60,23.70,23.80,23.80,23.80,23.90,23.90,23.90,23.90,23.80,23.80,23.80,23.90,23.80,23.60,23.60,23.70,23.90,23.60,23.60,23.60,23.50,23.50,23.60,23.50,23.60,23.50,23.60,23.60,23.50,23.40,23.50,23.70,23.80,23.80,23.80,23.90,23.80,23.90,24.00,24.30,24.60,24.80,24.60,24.90,24.80,24.90,24.90,25.10,25.30,25.10,25.10,25.30,25.30,25.20,25.30,25.20,25.20,25.30,25.40,25.50,25.40,25.30,25.30,25.40,25.20,25.20,25.20,25.30,25.50,25.40,25.30,25.20,25.20,25.20,25.30,25.30,25.40,25.40,25.40,25.40,25.50,25.70,25.60,25.60,25.70,25.50,25.50,25.50,25.60,25.50,25.30,25.40,25.30,25.40,25.40,25.10,24.90,24.80,24.80,24.90,24.90,24.80,24.80,24.60,24.50,24.40
25.80,26.10,26.10,25.90,26.00,26.00,26.20,26.30,26.20,26.20,26.20,26.10,25.90,25.80,26.00,26.00,25.90,25.90,25.90,25.90,25.80,25.80,25.80,25.80,25.70,25.80,25.80,25.80,25.80,25.70,25.60,25.60,25.60,25.80,25.90,25.90,25.80,25.80,25.80,25.80,25.80,25.80,25.70,25.60,25.60,25.50,25.40,25.50,25.50,25.40,25.40,25.30,25.10,25.20,25.40,25.40,25.30,25.40,25.30,25.20,25.30,25.40,25.10,25.30,25.20,25.20,25.10,25.00,25.10,25.20,24.90,24.90,25.10,25.30,25.20,25.20,25.10,25.10,25.20,25.10,25.00,24.90,25.00,24.90,25.10,25.10,25.10,24.80,25.00,25.00,24.90,24.90,24.80,24.80,24.80,24.80,24.80,24.60,24.50,24.60,24.60,24.50,24.60,24.60,24.80,24.90,24.90,24.90,24.80,25.10,24.90,25.10,24.80,24.80,24.90,25.10,25.00,24.90,25.20,25.30,25.10,25.20,25.20,25.20,25.20,25.10,25.10,25.20,25.20,25.20,25.40,25.40,25.60,25.50,25.80,25.90,25.50,25.50,25.40,25.40,25.10,25.10,24.80,24.60,24.70,24.30,24.30,24.20,24.20,24.00,24.10,24.20,24.10,24.30,24.40,24.40,24.60,24.30,24.80,24.80,24.40,24.50,24.60,24.60,24.40,24.60,24.60,24.90,24.80,24.80,24.80,25.00,24.90,25.20,25.00,24.90,25.10,25.00,25.10,25.30,25.20,24.90,25.40,25.20,25.20,25.40,25.30,25.60,25.50,25.60,25.50,25.70,25.40,25.50,25.20,25.20,24.90,25.10,24.70,24.60,24.60,24.40,24.40,24.40,24.10,24.30,24.40,24.60,24.60,24.60,24.80,25.10,25.20,25.20,25.30,25.10,25.20,25.30,25.10,25.10,25.10,25.20,25.10,24.90,25.00,24.90,24.80,24.60,24.70,24.70,24.70,24.60,24.50,24.60,24.50,24.50,24.40,24.30,24.30,24.30,24.10,23.90,24.00,23.90,23.80,23.60,23.80,23.60,23.70,23.50,23.60,23.50,23.60,23.70,23.60,23.50,23.40,23.50,23.60,23.60,23.60,23.40,23.50,23.40,23.60,23.70,23.50,23.50,23.50,23.60,23.80,23.40,23.50,23.80,23.50,23.30,23.60,23.60,23.70,23.70,23.90,23.90,24.00,23.90,23.90,23.60,23.70,23.70,23.80,23.80,23.60,23.80,23.70,23.80,23.50,23.70,23.50,23.60,23.50,23.40,23.60,23.40,23.60,23.60,23.50,23.30,23.30,23.40,23.50,23.60,23.60,24.00,24.00,24.20,24.30,24.70,24.80,24.80,24.90,25.10,24.90,25.10,25.20,25.40,25.40,25.20,25.40,25.20,25.40,25.50,25.60,25.40,25.30,25.40,25.40,25.40,25.50,25.50,25.60,25.50,25.50,25.50,25.50,25.40,25.50,25.60,25.50,25.40,25.60,25.50,25.40,25.10,25.50,25.60,25.50,25.40,25.50,25.80,25.80,25.80,26.00,25.70,25.70,25.80,25.70,25.60,25.60,25.50,25.50,25.40,25.40,25.50,25.20,25.10,24.80,24.80,24.90,25.00,24.90,24.80,24.60,24.40
25.80,25.90,25.90,26.00,25.90,25.90,26.20,26.10,26.10,26.20,26.20,26.10,25.90,25.80,26.10,26.10,26.00,25.90,25.90,25.80,25.70,25.70,25.80,25.70,25.80,25.90,25.90,25.80,25.70,25.50,25.40,25.50,25.50,25.50,25.50,25.60,25.70,25.80,25.60,25.60,25.40,25.50,25.70,25.60,25.60,25.50,25.40,25.50,25.50,25.40,25.30,25.30,25.40,25.40,25.40,25.30,25.30,25.40,25.30,25.20,25.10,25.10,25.10,25.20,25.10,25.20,25.20,25.20,25.10,25.10,25.00,24.90,25.20,24.90,24.90,25.10,24.90,24.80,25.00,25.10,24.90,24.90,25.00,25.10,24.90,25.10,25.10,24.90,24.90,25.10,24.90,24.80,24.70,24.70,24.70,24.70,24.50,24.60,24.80,24.70,24.60,24.60,24.60,24.60,24.70,24.80,25.00,24.70,25.10,25.20,25.10,24.90,25.20,25.10,25.20,25.20,24.90,25.10,25.20,25.10,25.20,25.20,25.10,25.10,25.10,25.20,25.10,25.10,25.20,25.30,25.20,25.30,25.50,25.50,25.60,25.70,25.60,25.50,25.40,25.40,25.20,25.10,24.90,24.80,24.60,24.50,24.40,24.30,24.30,24.20,24.20,24.30,24.10,24.40,24.30,24.40,24.50,24.70,24.60,24.70,24.60,24.70,24.50,24.60,24.60,24.60,24.60,24.70,24.80,24.90,25.10,25.10,25.10,25.00,24.90,25.10,25.10,25.00,24.80,25.10,25.00,25.20,25.10,25.10,25.10,25.20,25.20,25.50,25.30,25.50,25.40,25.70,25.50,25.40,25.30,25.20,25.20,24.80,24.80,24.60,24.70,24.40,24.80,24.50,24.40,24.20,24.30,24.60,24.80,24.90,24.80,25.10,25.00,25.20,25.40,25.20,25.20,25.30,25.20,25.10,25.10,25.30,25.10,24.90,24.80,24.90,24.90,24.80,24.70,24.70,24.60,24.60,24.60,24.80,24.50,24.50,24.50,24.40,24.10,24.20,24.20,23.90,24.10,23.80,23.80,23.60,23.80,23.60,23.60,23.70,23.80,23.50,23.50,23.50,23.40,23.50,23.50,23.50,23.50,23.50,23.50,23.40,23.60,23.50,23.60,23.50,23.40,23.50,23.50,23.60,23.50,23.60,23.40,23.50,23.40,23.60,23.60,23.60,23.80,23.90,23.90,23.90,23.90,23.90,24.00,23.90,23.80,23.90,23.80,23.80,23.50,23.70,23.80,23.80,23.60,23.60,23.40,23.40,23.40,23.40,23.50,23.50,23.60,23.50,23.50,23.60,23.60,23.60,23.70,23.80,23.80,24.00,24.30,24.20,24.70,24.80,24.80,24.80,24.90,25.10,25.20,25.30,25.20,25.40,25.40,25.20,25.40,25.30,25.50,25.60,25.60,25.60,25.50,25.40,25.40,25.40,25.60,25.50,25.50,25.50,25.50,25.40,25.50,25.60,25.60,25.50,25.50,25.50,25.40,25.60,25.80,25.80,25.60,25.60,25.60,25.90,25.90,25.90,26.10,26.10,26.10,26.00,25.90,25.90,25.90,25.90,25.90,25.80,25.80,25.50,25.50,25.60,25.70,25.40,25.10,25.00,24.90,25.10,24.90,24.70,24.90,24.90
25.60,25.80,25.80,25.90,25.90,26.00,26.00,26.00,25.90,26.00,26.00,26.00,25.90,25.90,26.00,26.00,26.10,26.10,26.00,25.90,25.90,25.90,25.70,25.70,25.80,25.80,25.80,25.70,25.90,25.80,25.70,25.80,25.70,25.80,25.80,25.80,25.80,25.70,25.60,25.50,25.50,25.40,25.60,25.60,25.60,25.50,25.50,25.50,25.60,25.60,25.40,25.40,25.60,25.50,25.40,25.40,25.20,25.40,25.20,25.20,25.20,25.00,25.30,25.20,25.10,24.90,24.90,25.10,25.20,25.10,25.10,24.90,25.00,25.00,25.00,24.90,24.80,24.70,24.90,25.00,25.00,25.10,24.90,25.10,24.90,24.90,24.90,24.80,24.90,25.00,24.90,24.90,24.80,24.60,24.80,24.80,24.60,24.80,24.40,24.40,24.60,24.60,24.50,24.60,24.60,24.80,25.10,25.10,25.10,25.10,24.90,24.90,25.10,25.10,24.90,25.00,25.20,25.20,25.40,25.10,25.10,25.40,25.20,25.00,25.00,25.00,25.10,25.10,24.90,25.20,25.20,25.20,25.30,25.40,25.50,25.50,25.60,25.50,25.40,25.40,25.20,25.10,25.10,25.10,24.80,24.60,24.70,24.50,24.60,24.50,24.40,24.30,24.40,24.60,24.60,24.60,24.60,24.80,24.80,24.80,24.60,24.60,24.80,24.90,24.70,24.70,24.80,25.00,25.00,24.90,25.10,25.10,24.90,24.90,25.00,25.10,25.10,25.30,25.00,25.10,25.00,25.00,25.10,25.30,25.00,25.10,25.20,25.20,25.20,25.20,25.20,25.20,25.30,25.20,25.20,25.20,25.10,24.90,24.80,24.70,24.60,24.70,24.70,24.80,24.40,24.30,24.40,24.60,24.70,24.90,24.90,25.00,25.10,25.10,25.20,25.30,25.20,25.10,25.30,25.20,25.10,25.00,25.10,24.80,24.90,25.10,24.60,24.80,24.70,24.70,24.60,24.80,24.60,24.50,24.60,24.70,24.60,24.40,24.10,24.20,24.20,24.10,24.00,23.80,23.80,23.50,23.80,23.80,23.70,23.70,23.60,23.60,23.60,23.50,23.50,23.60,23.50,23.60,23.40,23.40,23.50,23.40,23.40,23.10,23.60,23.60,23.60,23.60,23.60,23.60,23.70,23.60,23.60,23.40,23.30,23.50,23.70,23.70,23.80,23.90,24.10,24.10,24.10,23.90,23.80,23.70,24.10,23.80,23.70,23.60,23.60,23.60,23.60,23.50,23.50,23.60,23.40,23.50,23.50,23.50,23.40,23.60,23.70,23.60,23.50,23.70,23.90,23.90,24.00,24.00,24.10,24.10,24.60,24.50,24.80,24.90,25.00,25.00,25.10,25.10,25.50,25.30,25.60,25.60,25.50,25.40,25.60,25.40,25.50,25.60,25.60,25.80,25.50,25.50,25.60,25.60,25.50,25.40,25.50,25.50,25.50,25.60,25.70,25.70,25.70,25.80,25.70,25.50,25.80,25.80,25.80,25.90,25.90,25.80,25.80,26.10,26.10,26.10,26.10,26.10,26.00,26.00,26.00,26.20,26.10,26.20,26.30,26.10,25.90,25.80,25.80,25.70,25.90,25.60,25.40,25.40,25.40,25.30,25.10,24.90,25.10,25.00
25.60,25.50,25.50,25.70,25.80,25.90,25.90,25.90,25.90,25.90,25.80,25.90,26.00,26.10,26.00,26.00,26.10,25.90,25.90,26.10,25.90,25.80,25.90,26.10,26.10,26.10,25.90,25.70,25.80,25.80,25.70,25.70,25.80,25.80,25.80,25.90,25.90,25.80,25.80,25.60,25.60,25.60,25.80,25.60,25.60,25.60,25.80,25.60,25.70,25.70,25.60,25.40,25.60,25.40,25.40,25.50,25.50,25.20,24.90,25.10,25.20,25.00,25.10,25.20,25.10,25.10,25.10,25.10,25.10,25.10,25.00,24.80,25.10,24.90,24.90,24.90,24.90,25.00,24.90,25.10,25.00,25.00,25.10,24.90,24.90,25.00,25.10,24.90,24.80,24.80,25.00,24.90,24.70,24.90,24.60,24.90,24.70,24.60,24.40,24.60,24.50,24.50,24.70,24.60,24.70,24.80,24.70,24.80,24.80,24.90,25.10,24.90,24.80,24.90,24.90,25.10,25.10,25.00,25.10,25.20,25.00,25.10,25.00,25.00,25.10,24.80,24.90,24.90,25.10,25.10,25.10,25.10,25.30,25.40,25.40,25.40,25.40,25.50,25.50,25.60,25.20,25.20,25.20,25.10,25.10,24.80,24.80,24.60,24.80,24.60,24.50,24.40,24.60,24.50,24.60,24.80,24.80,24.90,24.80,24.80,24.60,24.80,24.80,25.00,24.80,24.80,24.80,25.10,25.00,25.10,25.10,25.10,25.10,25.00,25.00,25.10,25.00,25.20,25.10,25.10,25.10,24.90,25.10,25.10,25.10,25.00,25.10,25.20,25.10,25.20,25.20,25.10,25.20,25.00,25.20,25.10,24.90,25.00,24.90,24.90,24.80,24.80,24.80,24.70,24.50,24.40,24.60,24.50,24.90,24.90,24.90,24.80,25.20,25.10,25.20,25.50,25.20,25.20,25.40,25.20,24.90,25.10,25.20,24.90,24.90,24.90,24.70,24.70,24.60,24.60,24.40,24.60,24.50,24.50,24.40,24.60,24.40,24.40,24.40,24.10,24.00,24.10,24.00,23.90,23.60,23.60,23.70,23.70,23.70,23.50,23.40,23.60,23.60,23.60,23.50,23.40,23.20,23.40,23.50,23.60,23.60,23.60,23.50,23.60,23.50,23.30,23.40,23.40,23.40,23.50,23.60,23.60,23.40,23.50,23.50,23.50,23.70,23.70,23.60,23.50,23.80,23.90,23.90,23.90,23.80,23.90,23.80,23.70,23.70,23.70,23.70,23.60,23.60,23.40,23.40,23.60,23.30,23.50,23.50,23.60,23.50,23.50,23.60,23.30,23.50,23.80,23.70,23.60,23.90,24.30,24.40,24.60,24.60,24.70,25.00,25.10,25.10,25.10,25.20,25.20,25.40,25.40,25.40,25.30,25.40,25.50,25.70,25.70,25.60,25.60,25.70,25.80,25.50,25.70,25.80,25.80,25.60,25.50,25.50,25.60,25.50,25.60,25.60,25.60,25.90,25.90,25.80,25.70,25.60,25.90,26.10,26.00,25.90,25.90,25.90,26.10,26.20,26.20,26.40,26.40,26.40,26.30,26.40,26.60,26.40,26.40,26.40,26.10,26.10,26.10,25.90,25.90,25.80,25.80,25.60,25.60,25.60,25.50,25.40,25.40,25.30,25.30
25.40,25.30,25.30,25.50,25.60,25.70,25.80,25.90,25.80,25.80,25.80,25.90,26.00,26.10,25.90,25.80,25.80,25.80,25.80,26.00,25.90,25.80,26.20,26.00,25.80,25.90,25.90,25.90,25.80,25.80,25.80,25.70,25.80,25.80,25.70,25.60,25.70,25.80,25.80,25.60,25.60,25.70,25.90,25.50,25.60,25.70,25.80,25.70,25.60,25.60,25.60,25.60,25.60,25.50,25.50,25.50,25.60,25.50,25.40,25.40,25.40,25.40,25.20,25.00,25.10,25.00,24.90,25.00,25.20,25.10,25.00,25.00,25.10,25.10,25.10,24.90,24.90,25.00,25.10,25.10,25.20,24.80,24.90,25.00,24.90,24.80,25.00,24.90,24.80,24.90,24.80,24.80,24.80,24.80,24.80,24.90,24.80,24.50,24.40,24.60,24.50,24.50,24.60,24.80,24.80,24.90,25.00,24.90,25.10,24.90,24.90,25.20,24.90,25.00,25.10,24.90,25.00,25.30,25.20,25.30,25.30,25.10,24.90,24.90,25.00,25.20,25.30,25.40,25.10,25.10,25.20,25.10,25.10,25.20,25.30,25.50,25.20,25.40,25.40,25.40,25.30,25.20,25.20,25.10,25.00,24.90,25.00,24.80,24.80,24.60,24.60,24.50,24.80,24.70,24.70,24.90,24.90,25.00,24.90,25.00,24.80,24.80,24.80,24.80,24.80,25.10,24.90,24.90,25.10,25.20,25.20,25.10,25.10,25.10,25.10,25.10,25.00,25.10,25.00,25.10,24.90,25.20,25.20,25.10,24.90,25.10,25.10,25.00,25.10,25.00,25.10,25.20,25.10,25.10,25.10,25.10,25.00,25.00,25.10,25.10,25.00,25.20,24.80,24.60,24.60,24.60,24.60,24.70,24.80,24.90,25.10,24.80,25.10,25.00,25.20,25.30,25.30,25.20,25.30,25.20,25.00,25.10,25.00,24.80,24.90,24.80,24.80,24.70,24.70,24.40,24.50,24.60,24.50,24.40,24.40,24.40,24.40,24.30,24.20,24.20,24.10,24.10,24.20,24.10,23.90,23.90,23.60,23.50,23.60,23.70,23.60,23.40,23.50,23.60,23.60,23.50,23.60,23.30,23.40,23.50,23.60,23.40,23.30,23.60,23.30,23.60,23.50,23.40,23.40,23.50,23.50,23.50,23.40,23.60,23.80,23.40,23.50,23.60,23.80,24.10,23.90,23.90,23.90,23.90,23.80,23.90,23.60,23.70,23.70,23.80,23.80,23.70,23.70,23.60,23.60,23.50,23.40,23.60,23.40,23.50,23.50,23.50,23.60,23.40,23.60,23.80,23.80,23.90,24.00,24.00,24.30,24.40,24.70,24.90,24.90,25.00,25.10,25.10,25.10,25.10,25.50,25.40,25.60,25.60,25.60,25.80,25.90,25.70,25.60,25.60,25.60,25.60,25.60,25.70,25.70,25.70,25.70,25.70,25.70,25.70,25.50,25.70,25.60,25.70,25.90,25.90,25.80,25.80,26.10,26.10,26.10,25.90,25.90,26.10,26.30,26.20,26.30,26.40,26.40,26.40,26.30,26.60,26.70,26.70,26.70,26.60,26.60,26.60,26.40,26.20,26.10,26.00,26.10,25.80,25.70,25.70,25.70,25.60,25.60,25.60,25.60,25.50
25.20,25.10,25.20,25.30,25.40,25.40,25.60,25.60,25.80,25.80,25.80,25.60,25.60,25.60,25.60,25.60,25.70,25.90,26.00,25.90,26.10,26.20,25.90,25.90,25.90,25.70,25.80,25.90,25.80,25.90,25.90,25.70,25.70,25.80,25.90,25.50,25.60,25.60,25.80,25.80,25.70,25.70,25.80,25.50,25.50,25.60,25.60,25.80,25.70,25.60,25.60,25.70,25.70,25.60,25.40,25.50,25.50,25.30,25.30,25.30,25.20,24.90,25.10,25.20,25.20,25.10,25.10,25.10,25.10,25.20,25.00,24.70,25.00,25.00,24.90,24.90,25.00,25.10,25.10,25.10,25.00,24.90,24.90,24.90,24.90,24.70,24.90,24.70,24.80,24.90,24.70,24.80,24.70,24.80,24.80,24.80,24.80,24.80,24.40,24.60,24.50,24.50,24.40,24.60,24.70,24.80,25.00,24.90,24.90,25.00,25.00,25.00,24.90,25.10,25.10,25.10,24.90,25.10,25.10,24.90,25.20,25.10,25.10,25.00,24.80,25.30,25.00,25.10,25.20,24.90,25.20,25.30,25.00,25.20,25.30,25.40,25.10,25.50,25.40,25.50,25.40,25.40,25.20,25.30,25.10,25.10,25.00,25.00,25.10,24.80,24.70,24.90,24.80,25.10,24.90,25.10,25.00,25.10,25.10,24.90,24.90,25.10,25.10,24.80,24.90,25.10,24.80,25.10,25.10,25.20,25.20,25.20,25.10,25.20,25.20,24.90,25.00,25.20,25.10,25.10,25.00,25.20,25.10,25.10,24.80,25.10,25.10,25.10,25.10,25.10,25.10,25.10,25.10,25.00,25.00,24.80,25.10,25.00,25.00,25.10,25.10,25.00,25.10,24.80,24.90,24.50,24.80,24.70,24.90,24.90,25.00,24.90,25.10,25.10,25.20,25.20,25.20,25.30,25.00,25.10,25.20,25.00,25.10,24.80,24.60,24.90,24.70,24.80,24.80,24.50,24.60,24.70,24.60,24.60,24.40,24.40,24.50,24.50,24.30,24.40,24.10,24.00,24.00,23.80,23.80,23.80,23.60,23.80,23.70,23.80,23.70,23.90,23.80,23.80,23.60,23.60,23.50,23.50,23.40,23.50,23.40,23.40,23.50,23.50,23.60,23.50,23.50,23.40,23.50,23.50,23.60,23.40,23.50,23.60,23.50,23.50,23.60,23.80,23.80,23.80,23.90,24.00,24.00,23.90,23.80,23.90,23.90,23.70,23.80,23.80,23.60,23.70,23.60,23.60,23.60,23.50,23.40,23.60,23.50,23.50,23.50,23.50,23.40,23.40,23.50,23.70,23.80,23.90,24.20,24.30,24.40,24.20,24.60,24.80,24.90,24.90,25.00,25.20,25.30,25.40,25.40,25.40,25.50,25.60,25.80,25.90,25.80,25.60,25.60,25.70,25.60,25.50,25.50,25.50,25.50,25.50,25.50,25.70,25.80,25.70,25.60,25.90,25.80,25.70,25.90,25.90,25.90,25.90,25.90,26.10,26.10,26.00,26.10,26.20,26.40,26.40,26.50,26.50,26.20,26.40,26.50,26.60,26.70,26.80,26.70,26.60,26.60,26.90,26.80,26.40,26.40,26.50,26.60,26.30,26.00,26.00,25.90,25.90,25.80,25.80,25.70,25.70
25.50,25.40,25.30,25.30,25.30,25.20,25.30,25.40,25.50,25.60,25.60,25.60,25.60,25.60,25.60,25.70,25.90,25.90,25.90,26.10,26.20,26.20,26.10,26.00,25.90,25.80,25.80,25.90,25.90,25.90,25.90,25.80,25.80,25.80,26.00,25.70,25.70,25.70,25.80,25.90,25.80,25.70,25.60,25.60,25.60,25.60,25.70,25.90,25.80,25.50,25.60,25.60,25.60,25.60,25.60,25.50,25.20,25.40,25.40,25.20,25.10,25.40,25.20,25.10,25.20,25.10,24.90,24.90,24.90,25.20,25.10,24.90,24.80,24.90,24.90,25.00,24.90,24.90,25.00,24.90,25.10,25.00,24.90,24.90,25.00,24.80,24.90,24.80,24.90,24.90,24.80,24.80,24.80,24.60,24.60,24.40,24.60,24.70,24.40,24.60,24.40,24.60,24.50,24.80,24.90,24.80,25.10,24.90,25.00,24.90,24.90,25.00,25.20,25.10,25.10,25.20,25.00,25.10,25.20,25.10,25.00,24.90,25.10,25.00,24.90,25.10,24.80,25.00,25.10,25.10,25.10,25.10,25.10,25.10,25.20,25.40,25.20,25.30,25.40,25.30,25.40,25.40,25.20,25.40,25.10,25.10,25.10,25.00,25.00,25.20,24.90,25.10,24.80,24.90,25.10,25.00,25.10,25.00,25.00,25.00,24.90,24.90,25.00,25.20,24.90,24.80,25.00,25.00,24.90,24.90,24.90,25.10,25.30,25.10,24.90,24.80,25.10,25.00,25.10,25.20,25.10,25.10,24.80,25.10,25.00,25.10,25.20,25.20,24.90,25.00,25.10,25.10,25.00,25.20,25.10,24.90,25.10,24.90,24.90,24.90,24.90,25.10,25.00,24.90,24.80,24.80,24.60,24.80,24.70,24.90,24.90,25.00,25.20,25.20,25.10,24.90,25.10,24.90,25.20,24.90,24.90,24.80,24.90,24.90,24.90,24.80,24.50,24.80,24.60,24.60,24.70,24.40,24.60,24.40,24.30,24.40,24.60,24.30,24.20,24.30,24.00,23.90,24.00,24.10,23.80,23.90,23.60,23.90,23.60,23.70,23.60,23.90,23.70,23.90,23.70,23.50,23.60,23.60,23.50,23.50,23.40,23.50,23.60,23.60,23.60,23.60,23.40,23.60,23.50,23.60,23.50,23.50,23.60,23.60,23.50,23.50,23.70,23.80,23.90,24.00,23.90,24.10,23.90,24.10,23.80,23.90,23.80,23.80,23.60,23.60,23.80,23.60,23.50,23.50,23.60,23.50,23.40,23.30,23.60,23.60,23.40,23.60,23.40,23.60,23.70,23.70,23.80,24.10,24.30,24.50,24.70,24.70,24.60,24.90,25.20,25.20,25.30,25.30,25.40,25.50,25.40,25.50,25.70,25.60,25.60,25.80,25.80,25.60,25.50,25.50,25.50,25.60,25.50,25.60,25.50,25.50,25.50,25.70,25.60,25.60,25.80,25.90,25.80,25.80,25.90,25.90,25.90,26.00,25.90,26.20,26.30,26.20,26.20,26.20,26.20,26.40,26.50,26.60,26.60,26.80,26.70,26.60,26.90,27.10,27.00,27.10,27.30,27.10,27.00,26.90,26.90,26.80,26.60,26.60,26.60,26.40,26.20,26.20,26.20,26.10,25.80,25.70
25.40,25.40,25.30,25.40,25.40,25.40,25.50,25.50,25.30,25.40,25.40,25.60,25.70,25.90,25.80,25.60,25.50,25.60,25.80,26.10,25.90,26.00,26.20,26.20,26.00,25.90,25.90,25.90,26.00,25.90,25.90,25.80,25.70,25.60,25.90,25.90,25.90,25.90,25.90,25.90,25.90,25.70,25.60,25.60,25.60,25.70,25.50,25.60,25.60,25.60,25.80,25.70,25.60,25.50,25.40,25.50,25.80,25.50,25.20,25.20,25.20,25.40,25.10,25.20,25.30,25.10,24.90,24.90,24.90,24.80,25.10,24.80,24.90,25.00,25.00,25.10,25.10,25.00,24.90,25.00,24.90,24.90,24.60,24.80,25.10,24.80,24.90,24.90,24.70,24.90,24.80,24.60,24.80,24.40,24.60,24.60,24.60,24.60,24.50,24.40,24.50,24.50,24.60,24.60,24.90,24.90,25.10,24.90,25.00,24.90,25.20,25.20,25.20,24.90,25.10,24.80,24.90,25.10,25.20,25.20,24.90,24.90,24.90,24.90,24.80,24.90,24.80,25.10,25.10,25.30,24.90,25.10,24.90,24.90,24.90,25.20,25.20,25.20,25.40,25.20,25.20,25.20,25.40,25.40,25.30,25.40,25.20,25.20,25.10,24.80,25.10,25.10,24.80,25.20,25.20,25.10,25.10,25.10,25.10,24.90,24.70,24.90,24.90,24.90,25.10,24.80,24.90,25.00,25.00,24.80,25.20,25.30,25.10,25.10,25.10,25.10,24.90,24.90,24.90,25.10,25.10,25.20,25.40,24.90,25.10,24.90,25.10,24.90,25.20,25.00,25.10,25.10,24.90,24.90,24.80,25.00,25.20,25.20,25.40,24.90,25.10,25.10,25.10,24.80,24.90,24.50,24.90,24.80,25.00,24.90,24.90,24.90,25.00,25.10,25.10,25.00,25.00,25.10,25.00,25.10,25.00,25.10,24.80,24.70,24.70,24.50,24.80,24.80,24.70,24.60,24.60,24.60,24.60,24.30,24.50,24.60,24.30,24.30,24.10,24.40,24.20,23.90,24.30,23.80,23.90,23.90,23.90,24.10,23.70,23.80,23.80,23.90,23.90,23.80,23.80,23.60,23.80,23.50,23.70,23.40,23.50,23.50,23.50,23.70,23.60,23.60,23.40,23.50,23.60,23.60,23.80,23.50,23.60,23.60,23.50,23.50,23.60,23.80,23.90,24.00,24.00,24.00,23.90,24.00,23.80,23.80,23.60,23.70,23.60,23.70,23.70,23.60,23.60,23.50,23.60,23.50,23.50,23.50,23.50,23.60,23.50,23.60,23.60,23.80,23.80,24.10,24.10,24.20,24.40,24.60,24.80,24.90,24.60,25.20,25.20,25.10,25.30,25.40,25.40,25.30,25.50,25.70,25.60,25.40,25.50,25.60,25.60,25.40,25.40,25.50,25.60,25.60,25.40,25.60,25.80,25.70,25.50,25.80,25.80,25.80,25.90,25.80,25.80,25.90,26.10,26.10,26.10,26.10,26.20,26.30,26.30,26.30,26.20,26.30,26.40,26.60,26.60,26.60,26.60,26.80,26.90,26.70,26.90,27.00,27.00,27.10,27.30,27.00,27.10,27.10,27.10,26.90,26.70,26.90,26.90,26.60,26.40,26.50,26.20,25.90,25.90,25.80
25.40,25.30,25.40,25.60,25.50,25.30,25.50,25.60,25.60,25.60,25.50,25.60,25.60,25.70,25.70,25.70,25.70,25.80,25.80,25.80,25.90,25.90,26.20,26.20,26.10,26.10,26.00,25.90,26.00,26.00,25.90,25.80,25.80,25.80,25.90,25.90,25.90,25.90,25.90,25.90,25.80,25.70,25.90,25.80,25.80,25.80,25.50,25.60,25.70,25.80,25.70,25.50,25.60,25.70,25.70,25.50,25.70,25.50,25.40,25.40,25.20,25.10,25.40,25.30,25.20,25.10,25.10,25.20,24.90,25.10,25.20,24.70,24.90,24.90,24.90,24.90,24.90,25.10,25.00,24.80,24.90,24.80,24.90,25.20,24.90,24.90,24.80,24.90,24.60,24.90,24.70,24.60,24.80,24.60,24.70,24.60,24.80,24.70,24.50,24.60,24.40,24.60,24.70,24.60,24.80,24.80,24.90,25.10,24.90,24.90,25.10,25.20,25.10,25.00,25.10,25.10,25.10,25.20,25.10,25.20,25.10,25.10,25.00,24.90,24.70,24.90,24.90,24.90,24.90,24.90,24.80,25.20,25.00,25.10,25.20,25.20,25.00,25.30,25.30,25.20,25.20,25.30,25.40,25.50,25.40,25.40,25.40,25.40,25.20,24.90,25.20,25.20,25.20,25.20,25.10,25.10,25.00,24.90,25.00,24.90,24.90,24.90,24.80,24.90,24.80,24.80,24.80,24.90,25.40,24.90,25.10,25.10,24.90,25.10,25.00,25.20,25.10,24.90,25.10,24.90,24.90,24.90,25.10,25.20,24.90,24.90,25.10,25.00,25.10,25.00,25.10,25.00,25.00,25.10,25.00,24.90,25.00,25.00,25.10,25.10,24.90,24.90,24.80,24.70,24.80,24.90,24.80,24.90,24.90,24.90,24.80,24.80,24.90,25.00,25.00,25.00,25.10,25.00,24.90,25.00,24.90,24.60,24.90,24.80,24.90,24.80,24.80,24.80,24.60,24.70,24.50,24.60,24.70,24.40,24.40,24.60,24.30,24.20,24.10,24.30,24.10,24.00,24.00,23.90,24.00,24.00,24.00,24.10,23.90,23.90,23.90,23.90,23.90,23.90,23.90,23.60,23.80,23.80,23.70,23.60,23.50,23.60,23.60,23.40,23.70,23.60,23.60,23.50,23.60,23.60,23.70,23.50,23.70,23.50,23.50,23.60,23.60,23.70,23.80,23.90,23.90,23.90,23.80,24.00,23.90,23.90,23.60,23.80,23.80,23.80,23.80,23.50,23.50,23.60,23.30,23.50,23.50,23.50,23.60,23.80,23.50,23.60,24.00,23.90,24.00,24.00,24.20,24.50,24.60,24.70,24.80,24.80,25.10,25.10,25.40,25.50,25.60,25.50,25.50,25.60,25.40,25.50,25.50,25.60,25.60,25.60,25.40,25.50,25.60,25.60,25.60,25.70,25.60,25.70,25.70,25.60,25.40,25.90,25.90,25.90,25.90,26.10,25.90,25.90,26.10,26.20,26.20,26.10,26.40,26.40,26.40,26.50,26.40,26.50,26.60,26.70,26.70,26.70,26.70,26.90,27.10,26.90,27.00,27.10,27.00,27.20,27.30,27.10,27.20,27.30,27.30,27.20,27.00,27.10,27.10,26.90,26.80,26.70,26.60,26.50,25.90,25.80
25.20,25.10,25.10,25.40,25.40,25.50,25.60,25.60,25.60,25.80,25.80,25.60,25.60,25.80,25.80,25.80,25.80,25.90,25.90,25.90,25.90,25.90,26.20,26.20,26.10,26.10,26.10,26.00,25.90,26.00,26.10,25.90,25.90,25.90,26.00,26.10,25.90,25.80,25.80,25.80,25.80,25.80,25.80,25.80,25.70,25.60,25.50,25.80,25.90,25.70,25.50,25.70,25.60,25.50,25.50,25.70,25.50,25.50,25.50,25.60,25.60,25.30,25.30,25.40,25.40,25.40,25.20,25.20,25.20,25.20,25.10,25.00,24.90,24.90,25.00,25.00,24.90,24.80,24.80,24.90,25.10,25.00,25.20,25.00,24.80,25.10,25.00,24.80,24.80,24.80,24.90,24.90,24.70,24.80,24.70,24.70,24.60,24.60,24.60,24.60,24.50,24.50,24.60,24.60,24.80,24.90,25.10,25.00,24.90,24.80,24.90,25.10,25.00,25.10,25.00,25.10,25.20,25.10,25.30,25.20,25.10,25.10,24.80,25.00,25.00,24.90,25.20,24.80,24.90,24.90,24.90,25.10,25.00,25.10,25.10,25.10,24.90,25.20,25.00,25.20,25.20,25.40,25.40,25.40,25.60,25.40,25.40,25.20,25.50,25.30,25.40,25.20,25.20,25.20,25.00,25.20,25.20,24.90,25.20,25.20,24.90,25.00,25.00,24.90,24.80,25.00,24.90,25.10,25.00,25.00,25.00,25.10,24.90,25.00,25.30,24.90,25.00,25.10,25.10,24.90,25.10,25.10,24.90,25.00,25.00,24.90,25.10,25.10,25.10,25.10,25.20,25.00,25.10,25.10,25.00,25.00,25.00,25.20,25.30,25.10,24.90,24.90,24.90,24.90,24.90,24.90,24.90,24.80,25.00,25.10,24.90,25.20,25.10,25.10,25.10,25.10,25.10,25.10,24.90,25.00,25.00,24.90,24.80,24.80,24.80,24.80,24.70,24.60,24.60,24.80,24.80,24.80,24.80,24.60,24.60,24.50,24.40,24.30,24.20,24.10,23.90,24.30,24.20,23.90,23.90,24.10,24.20,24.20,24.10,24.10,24.10,24.10,23.90,23.80,24.00,23.80,23.90,23.70,23.80,23.80,23.80,23.70,23.60,23.50,23.80,23.50,23.70,23.60,23.70,23.60,23.60,23.60,23.60,23.50,23.60,23.60,23.60,23.80,23.90,24.10,24.10,24.00,23.80,23.80,24.00,23.80,23.80,23.80,23.70,23.80,23.80,23.70,23.50,23.50,23.40,23.40,23.50,23.40,23.60,23.50,23.50,23.80,23.40,23.90,23.90,24.10,24.10,24.40,24.60,24.80,24.90,24.80,25.10,25.10,25.10,25.20,25.40,25.50,25.60,25.80,25.60,25.50,25.60,25.50,25.50,25.50,25.50,25.60,25.40,25.50,25.60,25.60,25.40,25.50,25.70,25.80,25.80,26.00,26.00,26.10,26.10,26.10,26.10,26.10,26.10,26.20,26.20,26.30,26.50,26.60,26.60,26.60,26.60,26.70,26.80,26.70,26.90,27.00,27.00,27.10,27.10,27.10,27.10,27.10,27.20,27.20,27.30,27.50,27.50,27.40,27.50,27.50,27.30,27.30,27.30,27.00,27.00,26.90,27.00,26.90,26.50,26.70
25.20,25.10,25.10,25.30,25.40,25.60,25.60,25.60,25.50,25.70,25.90,25.70,25.70,25.90,25.90,26.00,25.90,26.10,26.20,26.10,26.10,26.10,26.20,26.20,26.10,26.20,26.20,26.10,25.90,25.90,26.10,25.90,25.90,25.90,25.90,26.00,26.00,25.90,25.70,25.60,25.60,25.80,25.80,25.70,25.60,25.60,25.60,25.70,25.60,25.40,25.50,25.60,25.70,25.50,25.30,25.50,25.50,25.50,25.50,25.50,25.50,25.40,25.40,25.60,25.50,25.40,25.40,25.40,25.60,25.20,25.20,25.10,25.40,25.10,25.00,25.20,25.10,24.80,24.90,24.80,25.00,24.90,25.20,24.80,24.90,25.10,24.80,25.00,24.80,24.70,24.90,24.80,25.00,24.90,24.90,24.90,25.10,24.90,25.00,25.00,24.80,24.90,25.00,24.90,24.90,25.10,25.20,25.10,25.20,25.10,25.20,25.20,25.40,25.30,25.30,25.30,25.30,25.10,25.20,25.20,25.10,25.20,24.90,24.90,25.10,24.80,24.90,24.80,24.90,24.80,24.90,25.10,25.00,24.90,24.90,24.90,24.80,25.10,24.90,25.10,25.10,25.40,25.20,25.20,25.50,25.40,25.40,25.20,25.50,25.40,25.40,25.20,25.20,25.30,25.10,25.10,25.20,25.00,25.20,25.10,25.00,24.80,24.90,24.90,25.10,24.90,24.90,25.00,24.90,24.70,24.80,24.90,24.90,25.10,25.00,25.00,25.10,25.00,24.90,25.00,24.90,24.90,25.10,25.10,25.10,25.00,24.90,25.00,25.10,25.10,25.10,25.00,25.10,24.90,25.00,25.10,25.00,25.00,25.10,24.90,25.00,25.10,25.20,25.10,24.70,25.10,24.90,25.20,24.90,24.80,24.90,25.10,25.10,24.90,25.10,24.90,25.00,24.90,25.10,25.00,24.80,24.90,24.80,24.60,24.90,24.80,24.80,24.60,24.60,24.60,24.60,24.60,24.60,24.50,24.50,24.50,24.30,24.40,24.20,24.30,24.10,24.30,24.10,24.00,24.00,24.10,24.30,24.10,24.30,24.20,24.20,24.40,24.10,24.10,24.10,23.90,23.80,23.80,24.10,23.90,23.80,23.70,23.80,23.60,23.60,23.50,23.60,23.60,23.60,23.60,23.60,23.60,23.60,23.70,23.70,23.70,23.80,23.90,23.90,23.90,24.10,23.90,24.20,23.90,23.80,24.00,23.70,23.60,23.80,23.80,23.80,23.70,23.50,23.70,23.50,23.80,23.50,23.40,23.40,23.40,23.60,23.40,23.70,23.80,24.00,24.30,24.40,24.60,24.60,24.70,24.80,24.90,25.20,25.10,25.50,25.50,25.60,25.70,25.60,25.60,25.50,25.80,25.40,25.50,25.50,25.40,25.40,25.80,25.50,25.60,25.60,25.40,25.60,25.50,25.70,25.90,25.90,25.90,26.00,26.00,26.10,26.20,26.10,26.20,26.40,26.40,26.50,26.60,26.60,26.60,26.60,26.70,26.90,26.90,26.90,26.90,27.00,27.10,27.20,27.10,27.10,27.30,27.30,27.40,27.50,27.40,27.40,27.90,27.70,27.60,27.70,27.70,27.70,27.70,27.60,27.40,27.30,27.00,27.10,27.10,26.80,26.90
25.30,25.30,25.40,25.50,25.60,25.60,25.70,25.80,25.80,25.80,26.00,25.90,25.90,26.10,26.10,26.10,26.20,26.30,26.40,26.20,26.20,26.30,26.20,26.10,26.10,26.10,26.20,26.10,25.80,25.80,25.90,26.00,25.90,25.80,25.90,26.00,26.00,25.90,25.80,25.80,25.90,26.00,25.90,26.00,25.90,25.60,25.50,25.60,25.60,25.60,25.60,25.60,25.60,25.60,25.60,25.50,25.60,25.60,25.60,25.60,25.50,25.40,25.50,25.40,25.40,25.40,25.40,25.40,25.40,25.30,25.30,25.40,25.20,25.30,25.40,25.40,25.30,25.10,25.10,25.10,25.10,24.80,25.30,25.20,25.20,25.10,25.30,25.00,25.40,25.50,25.50,25.20,25.50,25.50,25.30,25.40,25.40,25.20,25.10,25.20,25.00,25.20,25.20,25.20,25.10,25.00,25.10,25.10,24.90,25.10,25.10,25.00,25.10,25.20,25.10,25.10,25.20,25.20,25.20,25.30,25.30,25.30,25.20,25.20,25.40,25.10,25.10,24.90,24.90,25.00,25.00,25.10,25.10,24.90,24.90,25.00,24.90,25.10,24.90,25.10,25.20,25.20,25.00,25.10,25.20,25.40,25.50,25.40,25.50,25.30,25.40,25.40,25.20,25.20,25.40,25.00,25.20,25.00,25.10,25.00,25.20,24.90,25.10,24.90,25.00,24.80,24.80,24.80,24.80,24.80,24.80,24.80,24.90,24.90,24.80,24.80,24.90,24.90,24.70,24.90,24.80,25.00,25.10,25.10,24.90,25.10,25.10,25.00,24.90,24.90,24.90,24.80,25.00,25.00,25.00,25.10,25.00,25.10,25.10,24.90,24.90,25.00,25.10,25.10,24.90,24.90,24.90,24.90,24.90,24.80,24.80,24.90,24.90,24.90,25.00,25.00,24.90,25.00,24.90,24.90,24.90,24.80,25.00,24.80,24.80,24.60,24.80,24.60,24.60,24.50,24.80,24.60,24.60,24.40,24.60,24.50,24.50,24.40,24.30,24.30,24.30,24.10,24.10,24.30,24.10,24.40,24.40,24.30,24.40,24.30,24.40,24.40,24.40,24.30,24.10,24.30,24.00,24.10,24.00,23.90,24.00,23.90,23.80,23.90,23.80,23.70,23.60,23.80,23.80,23.80,23.70,23.60,23.80,23.60,23.80,23.70,23.70,23.80,24.00,23.90,24.10,24.10,24.10,23.90,24.10,23.90,24.10,23.60,23.80,23.90,23.80,23.80,23.90,23.50,23.70,23.50,23.50,23.50,23.60,23.60,23.60,23.80,24.10,24.10,24.10,24.30,24.40,24.40,24.60,24.90,25.10,25.20,25.10,25.30,25.40,25.50,25.60,25.60,25.60,25.60,25.40,25.10,25.50,25.60,25.60,25.50,25.20,25.40,25.40,25.40,25.50,25.70,25.50,25.80,25.80,25.90,25.90,26.00,26.20,26.30,26.40,26.40,26.40,26.40,26.40,26.50,26.50,26.60,26.60,26.60,26.60,26.90,27.00,27.00,27.00,27.10,27.10,27.20,27.30,27.30,27.30,27.30,27.60,27.70,27.70,27.70,27.70,27.90,27.90,27.80,27.90,27.90,28.00,27.90,27.80,27.70,27.60,27.40,27.30,27.30,26.90,26.90
25.40,25.40,25.40,25.70,25.70,25.60,25.90,26.00,26.00,26.10,26.10,25.90,26.00,26.20,26.20,26.20,26.40,26.40,26.30,26.20,26.30,26.30,26.10,26.10,25.90,25.90,26.00,26.10,25.80,25.90,26.00,25.60,25.80,25.80,25.80,25.70,25.80,25.80,25.80,25.90,25.90,25.90,25.70,25.80,25.80,25.80,25.50,25.70,25.70,25.60,25.60,25.60,25.60,25.60,25.40,25.50,25.60,25.50,25.50,25.60,25.50,25.50,25.50,25.60,25.60,25.50,25.50,25.50,25.40,25.10,25.50,25.50,25.40,25.60,25.50,25.40,25.20,25.10,25.20,25.40,25.50,25.70,25.50,25.60,25.50,25.40,25.50,25.40,25.10,25.20,25.40,25.20,25.20,25.10,25.10,25.40,24.80,24.80,24.60,25.20,24.90,25.20,24.90,24.90,24.90,24.80,25.00,24.90,24.90,25.10,24.80,24.90,24.80,24.90,25.00,25.00,24.90,24.90,25.10,24.90,24.90,24.80,24.60,25.00,24.80,24.90,24.90,24.90,25.10,25.20,25.40,25.30,25.50,25.50,25.30,25.20,25.20,25.10,25.00,25.10,25.20,25.10,25.00,25.10,25.10,25.20,25.20,25.20,25.20,25.20,25.40,25.40,25.20,25.20,25.30,25.10,25.20,25.00,25.00,24.90,25.00,24.80,24.90,24.90,24.90,24.70,24.70,24.90,24.70,24.70,24.60,24.70,24.90,24.90,24.80,24.80,24.90,25.00,24.80,24.80,25.00,25.10,25.20,25.00,24.90,25.10,25.10,25.00,25.10,24.90,24.90,25.10,24.90,25.10,25.20,25.20,25.10,25.40,25.20,25.00,25.00,24.90,24.90,25.00,24.90,24.80,24.90,24.90,24.90,24.90,25.00,24.90,25.10,24.90,25.20,25.00,24.90,25.00,24.80,24.90,24.80,24.80,24.90,24.90,24.80,24.80,24.80,24.50,24.80,24.80,24.70,24.60,24.60,24.40,24.40,24.60,24.40,24.40,24.40,24.40,24.30,24.30,24.20,24.50,24.40,24.40,24.40,24.70,24.50,24.60,24.40,24.50,24.40,24.60,24.40,24.30,24.20,24.20,24.30,24.00,23.90,23.90,23.90,24.00,23.80,23.60,23.80,23.80,23.70,23.80,23.80,23.60,23.60,23.60,23.40,23.60,23.90,24.00,23.90,24.20,24.10,24.10,24.10,23.90,23.80,24.00,24.10,23.90,23.90,23.90,23.90,23.70,23.70,23.70,23.50,23.60,23.70,23.40,23.70,23.90,23.70,23.90,23.90,24.10,24.20,24.30,24.60,24.80,24.90,24.90,25.10,25.10,25.40,25.40,25.40,25.50,25.60,25.70,25.70,25.60,25.40,25.60,25.50,25.40,25.40,25.50,25.50,25.40,25.40,25.60,25.80,25.90,26.10,25.90,25.90,26.00,26.10,26.30,26.30,26.40,26.60,26.60,26.70,26.70,26.60,26.90,26.90,26.90,26.90,27.00,27.00,27.10,27.00,27.00,27.10,27.30,27.30,27.40,27.60,27.60,27.60,27.50,27.60,27.80,27.90,27.70,27.80,27.90,27.90,27.90,28.00,28.00,28.20,28.00,28.00,28.00,27.90,27.80,27.70,27.60,27.10,27.00
25.40,25.40,25.50,25.70,25.70,25.80,25.90,26.10,25.90,25.90,26.00,25.90,26.00,26.20,26.30,26.30,26.10,26.10,26.10,25.90,26.00,26.10,25.90,25.60,25.30,25.50,25.60,25.80,25.60,25.60,25.60,25.60,25.80,25.90,25.60,25.70,25.70,25.60,25.80,25.90,25.90,25.70,25.80,25.80,25.80,25.70,25.60,25.60,25.60,25.60,25.40,25.60,25.70,25.70,25.60,25.80,25.70,25.60,25.60,25.50,25.60,25.60,25.50,25.50,25.50,25.50,25.70,25.70,25.50,25.60,25.30,25.40,25.50,25.60,25.40,25.20,25.20,25.40,25.20,25.20,25.50,25.50,25.10,25.40,25.10,25.10,25.10,24.90,25.10,25.10,25.10,24.90,25.00,25.20,25.20,24.90,25.00,25.10,25.00,24.60,24.90,25.10,25.00,25.00,25.00,25.10,25.00,24.90,24.90,24.80,24.80,24.80,24.90,24.80,24.80,25.00,24.90,24.70,25.00,24.80,24.70,24.50,24.50,24.70,24.60,24.80,24.80,24.40,24.40,24.40,24.80,24.70,24.40,24.60,24.70,24.90,24.90,25.20,25.30,25.40,25.30,25.50,25.40,25.40,25.20,25.10,25.30,25.20,24.90,25.20,25.20,25.20,25.10,25.20,25.10,25.10,25.10,24.90,24.90,25.00,24.90,24.80,24.60,24.70,24.70,24.40,24.40,24.70,24.60,24.80,24.80,24.80,24.90,25.10,24.80,24.90,24.90,24.90,24.80,24.80,25.10,25.10,25.00,25.10,25.10,24.80,24.90,25.20,25.10,25.10,25.10,25.00,25.10,25.10,25.10,25.10,25.00,25.40,25.10,24.90,25.00,25.10,24.90,25.00,24.90,25.10,25.00,24.90,25.10,24.90,24.90,24.90,25.00,24.80,25.20,25.10,24.90,24.90,24.70,24.90,24.80,24.80,24.60,24.90,24.80,24.80,24.60,24.80,24.80,24.70,24.40,24.60,24.70,24.50,24.70,24.40,24.40,24.50,24.40,24.40,24.50,24.60,24.40,24.30,24.60,24.70,24.70,24.70,24.80,24.80,24.60,24.50,24.30,24.60,24.40,24.60,24.30,24.30,23.80,24.10,24.20,24.10,24.00,23.90,23.70,23.90,23.90,23.80,23.90,23.80,23.90,23.60,23.90,23.60,23.80,23.90,23.90,23.90,23.90,24.00,24.10,24.10,24.10,23.90,23.90,23.90,24.40,23.90,23.70,23.80,23.80,23.60,23.80,23.60,23.60,23.70,23.50,23.60,23.80,23.80,24.00,23.80,24.20,24.20,24.60,24.60,24.70,24.80,24.90,25.00,25.00,25.20,25.20,25.50,25.40,25.60,25.60,25.70,25.70,25.50,25.20,25.80,25.60,25.60,25.60,25.50,25.60,25.50,25.40,25.50,25.70,25.80,25.60,25.90,25.90,25.90,25.80,26.30,26.60,26.60,26.40,26.50,26.70,26.70,26.70,26.90,27.00,27.00,26.90,27.00,27.20,27.30,26.90,27.10,27.30,27.30,27.40,27.60,27.80,27.70,27.70,27.70,27.90,27.90,28.20,28.00,28.00,27.90,28.00,28.20,28.20,28.10,28.20,28.20,28.30,28.20,28.10,27.90,27.90,27.90,27.70,27.40
25.30,25.50,25.50,25.90,26.00,26.00,26.10,26.10,26.00,26.10,26.10,26.10,26.20,26.20,26.20,26.20,26.40,26.20,26.00,26.10,26.00,25.90,25.80,25.70,25.60,25.50,25.50,25.50,25.50,25.50,25.50,25.50,25.60,25.70,25.80,25.80,25.90,25.90,25.70,25.80,25.80,25.60,25.90,25.80,25.80,26.00,25.90,25.70,25.80,25.90,25.60,25.80,25.90,25.90,25.90,25.70,25.50,25.70,25.80,25.70,25.60,25.40,25.50,25.80,25.50,25.40,25.50,25.50,25.30,25.30,25.40,25.50,25.50,25.50,25.50,25.50,25.40,25.20,25.10,25.20,25.40,25.10,24.90,25.10,24.90,24.90,25.10,25.40,25.20,24.80,24.90,25.10,24.90,24.70,25.10,24.90,25.00,24.90,25.10,24.70,24.90,25.10,25.10,25.00,25.00,25.00,25.00,24.90,24.80,24.70,24.80,25.10,24.80,24.90,24.90,24.90,24.70,24.80,24.60,24.60,24.80,24.80,24.70,24.90,24.60,24.60,24.60,24.50,24.60,24.70,24.50,24.60,24.60,24.60,24.60,24.40,24.60,24.70,24.70,24.60,24.70,24.90,24.70,24.80,24.80,24.90,25.20,25.40,25.40,25.50,25.30,25.40,25.10,25.20,25.10,25.20,25.00,24.90,24.90,24.80,25.20,24.80,24.80,24.60,24.50,24.80,24.80,24.60,24.60,24.60,24.60,24.40,24.80,24.80,24.80,24.80,24.90,24.80,25.10,25.00,24.90,25.10,25.00,25.10,25.00,25.10,25.00,25.00,24.80,24.90,25.10,25.20,25.20,25.00,25.10,24.90,24.90,25.10,25.10,25.10,24.90,24.90,24.90,25.00,25.00,25.00,25.00,25.20,25.10,25.10,25.00,24.90,25.00,25.20,25.10,24.90,25.00,24.90,24.90,25.00,24.90,25.10,24.80,25.00,24.80,24.90,24.90,24.80,24.60,24.80,24.50,24.70,24.60,24.80,24.60,24.40,24.60,24.40,24.40,24.50,24.60,24.40,24.50,24.40,24.60,24.50,24.60,24.60,24.90,25.10,24.90,24.70,24.60,24.60,24.60,24.50,24.40,24.40,24.40,24.30,24.10,24.10,24.10,24.00,24.10,23.90,23.90,24.10,23.90,23.90,24.00,23.90,23.70,23.90,24.00,23.80,23.80,23.90,24.10,24.20,24.30,24.40,24.20,24.20,23.90,24.20,23.80,24.00,23.80,23.90,23.70,24.00,24.00,23.80,23.80,23.70,23.80,23.80,23.60,23.80,24.00,24.00,24.40,24.50,24.80,24.80,24.80,25.00,25.20,25.20,25.40,25.40,25.50,25.60,25.50,25.50,25.60,25.70,25.80,25.70,25.50,25.80,25.40,25.40,25.40,25.40,25.10,25.50,25.80,25.90,25.90,25.90,26.10,26.20,26.20,26.10,26.10,26.40,26.40,26.50,26.60,26.60,26.90,26.90,26.90,27.10,27.00,26.90,27.00,27.10,27.20,27.20,27.40,27.40,27.30,27.40,27.50,27.60,27.60,27.90,28.00,27.80,28.00,28.20,28.20,28.30,28.40,28.30,28.30,28.30,28.40,28.40,28.30,28.50,28.60,28.30,28.20,28.00,28.10,28.20,28.20,28.20
25.20,25.40,25.50,25.50,25.60,25.90,26.00,26.10,25.90,26.00,26.20,26.10,26.10,26.30,25.90,25.70,25.90,25.90,25.80,25.80,25.80,25.60,25.70,25.60,25.50,25.50,25.50,25.50,25.40,25.40,25.40,25.30,25.30,25.40,25.50,25.60,25.70,25.80,25.70,25.90,25.90,25.80,25.80,25.90,25.80,25.50,25.90,25.80,25.70,25.70,25.70,25.80,25.80,25.80,25.80,25.80,25.70,25.70,25.60,25.70,25.70,25.60,25.60,25.50,25.50,25.50,25.40,25.40,25.40,25.40,25.50,25.50,25.60,25.60,25.60,25.60,25.40,25.10,25.30,25.30,25.10,24.90,25.10,25.20,25.10,25.00,24.80,24.90,24.80,25.20,24.90,24.60,25.00,25.10,24.90,25.10,25.10,25.10,25.10,24.90,25.00,25.00,24.90,24.90,24.90,25.00,25.00,24.80,24.90,24.90,24.90,24.80,24.90,24.70,24.80,24.80,24.70,24.80,24.80,24.60,24.60,24.70,24.80,24.80,24.90,24.80,24.60,24.70,24.80,24.70,24.60,24.50,24.60,24.60,24.90,24.30,24.50,24.40,24.60,24.70,24.50,24.40,24.60,24.50,24.40,24.30,24.80,24.70,24.70,24.50,24.90,24.90,25.00,24.90,25.20,25.40,25.40,25.20,25.10,25.00,24.80,24.80,24.80,24.60,24.50,24.50,24.70,24.70,24.60,24.70,24.80,24.80,25.00,24.80,24.90,24.90,24.90,24.80,24.80,25.10,24.90,24.90,24.90,25.00,24.90,25.10,25.20,25.10,25.00,24.90,25.10,25.00,24.90,25.10,25.10,25.10,24.90,25.00,25.10,25.10,25.20,24.80,25.10,25.20,25.10,24.90,25.10,25.00,25.20,25.10,25.10,24.90,25.00,25.00,25.20,25.00,25.20,25.00,24.90,25.00,24.90,25.00,25.00,25.00,24.90,24.80,24.80,24.80,24.80,24.80,24.80,24.80,24.60,24.90,24.80,24.80,24.60,24.50,24.50,24.50,24.40,24.40,24.60,24.80,24.70,24.80,24.80,24.90,25.10,24.90,24.80,25.10,24.60,24.70,24.80,24.60,24.60,24.40,24.30,24.30,24.10,24.10,24.30,24.10,24.30,24.00,24.10,24.00,24.00,24.20,23.90,23.60,23.90,23.80,24.00,23.90,24.10,24.30,24.10,24.20,24.30,24.10,24.30,23.90,24.10,24.10,23.80,23.80,23.90,24.00,23.80,23.80,23.60,23.80,23.60,23.60,23.80,24.20,24.10,24.00,24.40,24.40,24.50,24.60,24.80,24.90,24.90,25.10,25.40,25.50,25.60,25.40,25.40,25.60,25.60,25.90,25.60,25.50,25.50,25.40,25.40,25.30,25.50,25.60,25.60,25.50,25.50,25.60,25.60,25.80,25.80,25.70,26.20,26.20,26.30,26.30,26.10,26.60,26.50,26.60,26.80,26.70,26.90,27.00,27.10,27.10,27.10,27.10,27.30,27.30,27.30,27.30,27.50,27.60,27.60,27.40,27.80,28.00,27.90,27.90,27.80,27.70,28.00,28.20,28.10,28.20,28.30,28.40,28.50,28.60,28.60,28.50,28.50,28.60,28.70,28.70,28.70,28.70,28.50,28.30,28.00,27.90
25.10,25.20,25.30,25.40,25.70,26.10,26.10,25.90,25.80,25.90,25.90,25.80,25.80,25.90,25.90,25.90,25.70,25.70,25.60,25.60,25.60,25.70,25.70,25.60,25.30,25.40,25.40,25.30,25.30,25.30,25.20,25.00,25.20,25.30,25.40,25.40,25.50,25.60,25.40,25.60,25.70,25.60,25.70,25.60,25.60,25.80,25.60,25.60,25.70,25.70,25.70,25.70,25.70,25.70,25.60,25.40,25.80,25.50,25.40,25.50,25.60,25.40,25.60,25.50,25.60,25.70,25.60,25.50,25.40,25.40,25.50,25.50,25.50,25.50,25.50,25.50,25.50,25.40,25.10,25.20,25.30,25.00,25.40,25.20,25.10,25.20,24.90,24.90,25.20,25.10,24.90,25.10,25.00,24.90,24.50,25.10,24.80,24.80,25.00,24.80,24.90,24.80,24.90,24.80,24.70,24.90,24.90,25.00,24.80,24.90,24.70,24.80,24.80,24.80,24.80,24.60,24.80,24.80,24.70,25.00,25.00,24.80,24.60,24.60,24.80,24.80,24.60,24.70,24.60,24.70,24.80,24.70,24.50,24.80,24.60,24.40,24.60,24.50,24.60,24.60,24.70,24.40,24.60,24.40,24.60,24.40,24.50,24.60,24.60,24.40,24.40,24.60,24.80,24.50,24.60,24.50,24.30,24.50,25.10,25.10,24.80,25.00,25.10,25.00,24.80,24.70,24.60,24.50,24.70,24.60,24.60,24.60,24.70,24.80,24.80,24.80,24.60,24.80,24.80,24.90,24.90,25.20,24.90,25.00,25.10,25.10,25.20,25.10,25.10,25.10,24.90,25.00,24.90,25.10,24.90,25.00,25.20,25.10,25.20,25.10,25.00,25.20,25.00,25.20,25.10,25.10,25.10,24.90,25.20,25.10,25.10,25.20,25.10,25.30,24.90,25.10,25.10,25.10,25.50,25.10,25.10,25.00,24.90,24.90,25.00,24.80,25.10,24.90,24.80,24.40,24.80,25.00,24.60,24.90,24.60,24.70,24.60,24.60,24.60,24.50,24.60,24.60,24.60,24.50,24.80,25.00,25.10,24.90,25.00,24.90,25.10,24.90,24.80,24.90,24.80,24.90,24.80,24.60,24.40,24.30,24.20,24.40,24.40,24.30,24.10,24.30,24.10,24.00,24.00,24.10,23.90,24.00,23.90,24.00,24.00,24.10,24.10,24.00,24.20,24.30,24.10,24.10,24.30,24.30,24.10,24.10,24.00,24.10,24.20,24.10,24.10,23.80,24.00,24.00,23.80,23.90,23.90,24.10,24.10,24.20,24.10,24.60,24.50,24.90,24.90,25.00,25.20,25.30,25.40,25.50,25.40,25.40,25.40,25.40,25.80,25.60,25.50,25.50,25.50,25.60,25.50,25.60,25.50,25.40,25.50,25.50,25.50,25.60,25.50,25.70,25.80,25.80,25.90,26.20,26.30,26.30,26.20,26.20,26.40,26.60,26.60,26.70,27.10,27.10,26.90,27.10,27.10,27.20,27.40,27.40,27.50,27.60,27.60,27.40,27.40,27.80,28.00,28.20,28.30,28.00,27.90,28.20,28.30,28.40,28.50,28.60,28.70,28.60,28.60,28.60,28.60,28.60,28.60,28.90,29.00,28.80,28.70,28.70,28.60,28.60,28.70,28.70
25.20,25.30,25.30,25.40,25.60,25.90,25.90,25.90,25.90,25.90,25.90,25.80,25.70,25.60,25.50,25.40,25.30,25.50,25.60,25.70,25.70,25.60,25.50,25.40,25.40,25.50,25.50,25.50,25.40,25.40,25.40,25.40,25.30,25.30,25.30,25.20,25.10,25.10,25.40,25.50,25.50,25.50,25.50,25.60,25.70,25.90,25.80,25.80,25.80,25.80,25.70,25.90,25.80,25.60,25.50,25.60,25.50,25.60,25.60,25.60,25.50,25.70,25.40,25.40,25.40,25.40,25.40,25.50,25.20,25.50,25.40,25.40,25.50,25.50,25.60,25.50,25.40,25.40,25.30,25.40,25.30,25.40,25.20,25.10,25.00,25.10,24.90,25.00,24.70,25.00,24.80,24.90,25.00,24.90,24.60,24.90,24.80,24.80,24.90,24.90,24.60,24.70,24.80,24.90,25.00,24.90,24.60,24.80,24.80,24.80,24.60,24.70,24.80,24.80,24.70,24.80,24.80,25.00,24.40,24.60,24.70,24.70,24.60,24.70,24.80,24.80,24.60,24.60,24.60,24.50,24.80,24.90,24.60,24.70,24.70,24.80,24.80,24.60,24.70,24.90,24.60,24.60,24.50,24.40,24.60,24.60,24.40,24.50,24.40,24.40,24.40,24.50,24.40,24.40,24.60,24.40,24.60,24.50,24.50,24.40,24.80,24.80,24.60,24.80,24.80,24.80,24.70,25.10,24.90,24.90,24.80,24.80,24.80,24.80,25.00,24.80,24.80,24.80,24.90,24.90,24.90,25.00,25.00,24.90,25.10,25.20,25.20,25.10,25.00,25.00,24.90,24.90,24.90,24.90,25.10,25.20,25.20,25.20,25.10,24.90,25.20,25.10,24.90,25.10,25.00,25.10,25.00,24.80,24.90,25.40,25.00,25.00,25.10,25.40,25.10,25.40,25.10,25.30,25.20,25.20,25.10,25.20,25.20,25.10,25.20,25.10,24.90,24.90,25.10,25.00,25.00,24.80,24.80,24.80,24.70,24.70,24.80,24.60,24.60,24.60,24.70,24.70,24.70,24.60,24.90,24.90,25.20,25.20,25.10,25.20,25.10,25.00,25.10,24.80,24.70,24.80,24.60,24.70,24.80,24.50,24.40,24.60,24.40,24.40,24.30,23.90,24.30,24.30,24.30,24.30,24.40,24.10,24.00,24.10,24.10,23.80,24.10,24.30,24.30,24.40,24.40,24.40,24.30,24.30,24.30,24.10,24.20,24.20,23.90,24.00,23.90,24.10,24.10,24.00,24.10,24.10,24.20,24.30,24.30,24.20,24.40,24.60,24.80,25.00,25.10,25.20,25.40,25.50,25.50,25.50,25.50,25.60,25.80,25.60,25.60,25.60,25.60,25.60,25.70,25.60,25.40,25.20,25.30,25.50,25.50,25.40,25.40,25.60,25.70,25.70,25.80,26.00,26.10,26.10,26.10,26.10,26.10,26.40,26.60,26.70,26.80,26.90,27.00,27.10,27.30,27.10,27.30,27.30,27.30,27.40,27.40,27.40,27.50,27.70,27.90,28.00,28.10,28.10,28.00,28.20,28.30,28.20,28.50,28.60,28.50,28.50,28.50,28.80,28.80,28.70,28.90,28.90,28.80,28.90,28.90,29.00,29.10,29.20,29.10,28.90,28.70,28.70
25.10,25.20,25.20,25.40,25.50,25.70,25.70,25.80,25.70,25.70,25.80,25.60,25.60,25.50,25.40,25.40,25.40,25.20,25.20,25.20,25.30,25.50,25.50,25.40,25.40,25.60,25.60,25.50,25.60,25.60,25.40,25.40,25.30,25.10,25.20,25.20,25.10,24.90,24.90,25.10,25.20,25.20,25.50,25.50,25.50,25.50,25.50,25.50,25.60,25.70,25.70,25.50,25.60,25.70,25.60,25.60,25.50,25.70,25.60,25.60,25.70,25.60,25.60,25.60,25.60,25.60,25.50,25.60,25.60,25.50,25.60,25.50,25.60,25.50,25.50,25.50,25.40,25.40,25.50,25.60,25.50,25.20,25.50,24.90,25.30,25.20,25.00,24.90,25.00,25.00,24.90,24.70,24.90,24.70,24.80,25.10,24.70,24.60,24.80,24.80,24.80,24.90,25.00,24.90,24.80,24.80,24.80,24.80,24.90,24.80,24.80,24.90,24.80,24.70,24.70,24.80,24.60,24.60,24.80,24.60,24.70,24.60,24.60,24.80,24.90,24.70,24.60,24.60,24.70,24.80,24.80,24.60,24.60,24.60,24.50,24.40,24.60,24.70,24.50,24.60,24.70,24.80,24.60,24.60,24.70,24.60,24.60,24.60,24.60,24.70,24.50,24.60,24.30,24.40,24.60,24.60,24.60,24.30,24.50,24.50,24.60,24.50,24.50,24.60,24.50,24.40,24.40,24.60,24.60,24.70,24.60,24.90,24.80,25.00,24.80,25.10,24.80,24.80,24.90,24.90,25.00,25.10,25.00,25.00,25.10,25.10,25.10,25.10,24.90,25.10,24.90,24.80,25.00,25.10,24.90,25.20,25.20,25.10,24.90,24.90,25.00,25.10,25.10,25.00,25.00,25.20,25.20,25.10,25.10,25.10,25.10,25.00,25.20,25.20,25.20,25.40,25.40,25.40,25.40,25.40,25.40,25.30,25.30,25.20,25.20,25.40,25.20,25.10,25.20,25.10,25.20,25.10,25.10,24.90,24.90,24.80,25.00,24.90,24.80,24.80,24.90,24.80,24.90,25.10,24.90,25.10,25.20,25.40,25.40,25.10,25.20,25.30,25.20,25.20,25.00,25.10,24.90,25.00,24.60,24.60,24.60,24.60,24.60,24.40,24.50,24.50,24.30,24.10,24.10,24.20,24.10,24.20,24.10,24.20,24.20,24.10,24.10,24.30,24.20,24.30,24.50,24.40,24.10,24.30,24.40,24.10,24.10,24.30,24.00,23.80,23.80,24.10,23.90,23.80,24.10,24.10,24.10,24.00,24.30,24.60,24.50,24.70,24.90,24.90,25.20,25.50,25.40,25.50,25.60,25.60,25.90,25.80,25.80,25.90,25.80,25.60,25.60,25.60,25.60,25.50,25.50,25.80,25.50,25.40,25.30,25.40,25.50,25.50,25.50,25.60,25.80,26.00,26.00,26.20,25.90,25.80,26.00,26.10,26.40,26.70,26.90,26.60,26.90,27.00,27.00,27.10,27.40,27.50,27.40,27.70,27.80,27.60,27.70,27.90,27.90,27.90,27.90,28.00,28.20,28.30,28.30,28.30,28.50,28.60,28.50,28.70,28.70,28.90,28.80,28.70,28.70,28.90,29.00,29.00,29.00,29.30,29.20,29.20,29.00,29.00,29.00,29.00
24.90,25.10,25.20,25.40,25.40,25.50,25.50,25.50,25.60,25.50,25.50,25.30,25.30,25.40,25.30,25.30,25.20,25.10,25.10,25.20,25.30,25.50,25.40,25.40,25.50,25.40,25.40,25.60,25.50,25.50,25.50,25.30,25.20,25.20,25.40,25.20,25.20,25.20,25.10,25.10,25.10,25.10,25.20,25.50,25.60,25.50,25.40,25.50,25.60,25.70,25.60,25.50,25.80,25.90,25.80,25.60,25.40,25.50,25.60,25.80,25.80,25.60,25.70,25.70,25.60,25.50,25.60,25.60,25.50,25.50,25.50,25.40,25.50,25.50,25.50,25.50,25.50,25.50,25.60,25.40,25.40,25.50,25.50,25.40,25.50,25.20,25.10,25.10,25.10,25.00,25.00,25.20,25.10,25.00,24.90,25.00,24.80,25.00,24.90,24.90,24.80,25.10,24.90,24.80,24.80,24.90,24.90,24.80,24.90,24.90,24.90,24.70,24.90,24.90,24.90,24.90,24.80,24.70,24.80,24.60,24.80,24.70,24.80,24.90,24.60,24.60,24.80,24.80,24.90,24.80,24.80,24.70,24.70,24.60,24.50,24.60,24.60,24.50,24.60,24.60,24.60,24.60,24.70,24.80,24.70,24.60,24.60,24.70,24.60,24.60,24.60,24.60,24.40,24.60,24.40,24.60,24.60,24.40,24.60,24.50,24.50,24.50,24.40,24.30,24.40,24.40,24.40,24.50,24.50,24.70,24.40,24.60,24.40,24.60,24.50,24.80,24.80,24.60,24.80,25.00,24.80,25.10,25.20,25.10,25.10,25.10,25.10,25.10,25.00,25.00,24.90,24.90,25.00,25.00,24.80,25.10,25.10,25.00,25.00,25.10,24.90,25.30,25.20,25.10,25.00,25.10,25.20,25.10,25.20,25.20,25.10,25.00,25.10,25.30,25.30,25.30,25.30,25.60,25.50,25.80,25.50,25.50,25.40,25.40,25.50,25.50,25.60,25.20,25.40,25.20,25.30,25.20,25.20,25.10,25.10,25.00,25.00,25.10,24.90,25.00,25.00,25.10,25.20,25.10,25.20,25.40,25.40,25.30,25.40,25.50,25.50,25.20,25.20,25.30,25.20,25.10,25.10,25.00,24.80,24.70,24.70,24.70,24.70,24.60,24.80,24.50,24.60,24.40,24.40,24.40,24.30,24.40,24.40,24.30,24.30,24.40,24.30,24.30,24.40,24.40,24.40,24.30,24.30,24.30,24.30,24.30,24.20,24.10,24.20,24.40,24.30,24.20,23.80,24.40,24.30,24.50,24.40,24.40,24.50,24.40,24.60,24.80,24.80,24.90,25.10,25.40,25.50,25.50,25.50,25.80,25.90,25.80,25.90,25.90,25.50,25.70,25.60,25.60,25.70,25.60,25.40,25.50,25.50,25.50,25.50,25.50,25.60,25.60,25.70,25.70,25.70,25.60,25.80,25.80,25.90,26.00,25.90,25.90,26.10,26.40,26.60,26.90,26.80,26.80,27.00,27.10,27.10,27.30,27.30,27.70,27.70,27.70,27.70,27.80,27.90,27.70,27.90,28.10,28.20,28.30,28.30,28.40,28.50,28.50,28.60,28.70,28.80,29.00,29.00,29.00,29.00,29.00,29.10,29.20,29.20,29.30,29.20,29.20,29.20,29.30,29.10,29.10
25.10,25.10,25.10,25.20,25.20,25.30,25.40,25.40,25.50,25.40,25.20,25.30,25.30,25.20,25.20,25.10,25.10,25.10,25.10,25.20,25.30,25.40,25.50,25.50,25.60,25.50,25.50,25.50,25.50,25.60,25.60,25.60,25.50,25.40,25.60,25.30,25.20,25.20,25.20,25.20,25.10,25.10,25.10,25.40,25.40,25.30,25.40,25.40,25.60,25.80,25.80,25.80,25.60,25.60,25.80,25.80,25.90,25.80,25.80,25.90,25.90,25.60,25.90,26.00,25.80,25.60,25.70,25.80,25.60,25.60,25.50,25.60,25.50,25.60,25.50,25.50,25.60,25.60,25.40,25.40,25.30,25.30,25.40,25.30,25.40,25.50,25.40,25.30,25.40,25.40,25.50,25.50,25.50,25.50,25.20,25.10,25.10,25.10,25.10,25.10,25.00,25.30,25.20,25.00,25.20,25.10,25.10,24.90,24.90,25.10,25.00,24.90,25.00,24.90,24.90,24.90,24.90,25.00,25.00,24.70,24.90,24.80,24.80,24.90,24.60,24.60,24.90,24.70,24.70,24.80,24.80,24.70,24.70,24.80,24.60,24.70,24.80,24.50,24.60,24.60,24.60,24.80,24.60,24.70,24.60,24.60,24.60,24.60,24.40,24.50,24.70,24.60,24.80,24.60,24.70,24.60,24.60,24.60,24.60,24.60,24.60,24.70,24.60,24.40,24.40,24.60,24.40,24.50,24.50,24.60,24.50,24.40,24.40,24.50,24.70,24.40,24.70,24.60,24.40,24.60,24.60,24.60,24.60,24.70,24.80,24.80,24.70,24.90,25.00,24.90,24.90,24.90,25.10,24.90,24.90,25.00,25.10,25.10,25.10,25.00,25.00,25.10,25.20,25.10,25.10,25.10,25.10,25.10,25.20,25.20,25.10,25.10,25.20,25.40,25.40,25.40,25.40,25.60,25.50,25.70,25.60,25.60,25.60,25.70,25.60,25.60,25.80,25.60,25.60,25.50,25.60,25.40,25.40,25.40,25.40,25.20,25.20,25.20,25.20,25.20,25.40,25.50,25.30,25.40,25.50,25.50,25.40,25.50,25.50,25.50,25.50,25.50,25.40,25.40,25.40,25.20,25.10,25.10,25.10,24.90,25.00,25.00,24.90,24.80,24.70,24.60,24.80,24.60,24.60,24.50,24.60,24.70,24.60,24.40,24.50,24.40,24.30,24.30,24.50,24.50,24.50,24.40,24.50,24.50,24.40,24.40,24.40,24.30,24.30,24.60,24.20,24.30,24.20,24.10,24.30,24.40,24.40,24.40,24.30,24.40,24.60,25.10,25.10,25.00,25.40,25.50,25.50,25.60,25.60,25.60,25.80,25.70,25.60,25.90,25.70,25.70,25.50,25.50,25.50,25.60,25.70,25.40,25.40,25.50,25.50,25.50,25.60,25.70,25.70,25.60,25.60,25.70,25.70,25.80,25.90,25.90,26.00,25.90,26.00,26.20,26.40,26.70,26.50,26.40,26.70,27.00,27.00,27.00,27.30,27.40,27.50,27.60,27.60,27.60,27.70,27.90,28.00,28.20,28.00,28.20,28.40,28.40,28.60,28.60,28.60,28.70,28.90,29.00,29.00,29.00,29.10,29.10,29.20,29.30,29.30,29.20,29.20,29.30,29.30,29.40,29.20,29.20
25.30,25.10,24.90,25.10,25.20,25.20,25.30,25.30,25.40,25.30,25.40,25.40,25.30,25.20,25.10,25.00,25.10,25.10,25.00,25.10,25.20,25.30,25.50,25.40,25.40,25.60,25.60,25.50,25.60,25.70,25.80,25.60,25.50,25.40,25.60,25.40,25.40,25.40,25.10,25.10,25.20,25.20,25.40,25.30,25.20,25.20,25.20,25.40,25.40,25.20,25.40,25.60,25.60,25.50,25.50,25.60,25.60,25.70,25.70,25.80,25.80,25.60,25.60,25.60,25.60,25.60,25.70,25.70,25.50,25.50,25.50,25.50,25.40,25.60,25.60,25.60,25.50,25.40,25.50,25.50,25.40,25.40,25.50,25.50,25.40,25.40,25.20,25.40,25.60,25.50,25.40,25.50,25.70,25.60,25.60,25.40,25.40,25.20,25.20,25.40,25.40,25.20,25.10,25.10,25.10,25.10,25.20,24.80,24.90,25.00,25.10,24.90,24.90,24.90,24.80,24.90,25.10,24.80,24.90,24.80,24.90,24.80,24.80,24.90,24.80,24.60,24.60,24.80,24.70,24.80,24.80,24.90,24.90,24.90,24.90,24.80,24.80,24.70,24.90,24.90,24.80,24.60,24.60,24.70,24.50,24.60,24.70,24.60,24.60,24.60,24.60,24.60,24.60,24.50,24.60,24.60,24.60,24.80,24.70,24.50,24.60,24.60,24.60,24.60,24.50,24.90,24.70,24.50,24.70,24.50,24.60,24.50,24.40,24.50,24.60,24.40,24.60,24.40,24.70,24.90,24.70,24.70,24.50,24.50,24.40,24.30,24.40,24.50,24.60,24.60,24.50,24.80,24.40,24.90,25.20,25.10,24.90,25.10,25.10,25.10,25.10,25.20,25.20,25.20,25.00,24.90,25.10,25.20,25.20,25.10,25.10,25.20,25.40,25.50,25.40,25.40,25.50,25.60,25.60,25.80,25.70,25.70,25.90,25.80,25.70,25.60,25.70,25.70,25.60,25.60,25.60,25.70,25.50,25.60,25.50,25.70,25.60,25.40,25.60,25.50,25.60,25.60,25.60,25.70,25.60,25.60,25.60,25.70,25.80,25.80,25.60,25.80,25.30,25.40,25.50,25.40,25.30,25.20,25.20,25.00,25.30,25.20,25.10,25.20,25.00,25.20,25.10,24.90,24.90,24.90,25.00,24.80,24.80,24.60,24.70,24.60,24.40,24.60,24.80,24.70,24.80,24.80,24.60,24.90,24.60,24.60,24.50,24.40,24.40,24.60,24.30,24.40,24.40,24.30,24.40,24.40,24.70,24.40,24.60,24.40,24.70,24.80,25.10,25.10,25.40,25.40,25.50,25.60,25.60,25.70,25.60,25.70,25.70,25.50,25.50,25.70,25.70,25.80,25.80,25.60,25.60,25.20,25.20,25.50,25.50,25.50,25.50,25.60,25.50,25.60,25.80,25.80,25.50,25.50,25.60,25.80,25.90,25.90,26.00,26.10,26.20,26.50,26.40,26.50,26.70,26.90,26.90,26.90,27.30,27.30,27.40,27.60,27.40,27.60,27.70,28.00,28.10,28.20,28.10,28.30,28.50,28.40,28.60,28.70,28.60,28.80,29.00,28.80,28.80,28.90,29.00,29.10,29.30,29.30,29.30,29.30,29.30,29.30,29.30,29.30,29.20,29.20
25.20,25.00,25.00,25.20,25.20,25.00,25.00,25.10,25.10,25.40,25.50,25.20,25.20,25.10,25.00,24.90,25.10,25.00,25.10,25.20,25.20,25.20,25.20,25.30,25.40,25.50,25.50,25.60,25.60,25.70,25.80,25.80,25.60,25.50,25.60,25.50,25.50,25.50,25.10,25.10,25.10,25.00,24.90,24.90,24.90,24.80,25.20,25.10,25.10,25.30,25.50,25.40,25.50,25.60,25.70,25.60,25.40,25.50,25.70,25.80,25.80,25.80,25.60,25.60,25.70,25.60,25.60,25.80,25.80,25.70,25.60,25.50,25.50,25.40,25.50,25.50,25.40,25.40,25.40,25.40,25.50,25.30,25.40,25.60,25.50,25.40,25.40,25.40,25.50,25.20,25.50,25.60,25.50,25.60,25.50,25.40,25.50,25.40,25.50,25.40,25.40,25.20,25.10,25.20,25.10,25.00,25.10,25.00,25.00,25.10,25.10,24.90,25.00,25.10,24.80,24.90,25.00,24.70,24.90,24.70,24.70,24.80,24.80,24.80,24.90,24.80,24.60,24.70,24.80,24.70,24.90,24.90,24.90,24.90,25.10,24.80,24.80,24.90,24.90,25.00,24.90,25.10,24.90,25.00,24.80,24.70,24.90,24.80,24.80,24.50,24.90,24.90,24.80,24.60,24.60,24.70,24.70,24.60,24.70,24.60,24.50,24.60,24.70,24.60,24.40,24.40,24.40,24.60,24.80,24.60,24.60,24.70,24.60,24.40,24.90,24.50,24.50,24.50,24.40,24.60,24.60,24.60,24.60,24.50,24.40,24.70,24.60,24.60,24.30,24.50,24.50,24.50,24.30,24.60,24.40,24.80,24.60,25.10,24.80,24.90,24.90,25.00,25.20,25.10,24.90,25.40,25.30,25.20,25.50,25.20,25.20,25.30,25.40,25.30,25.50,25.50,25.60,25.70,25.50,25.90,25.80,25.80,25.90,25.90,25.90,25.90,26.10,25.90,25.90,25.70,26.00,25.80,26.00,25.90,26.10,25.90,26.00,25.80,25.90,25.90,25.90,26.10,25.80,25.90,26.00,26.00,25.90,25.80,26.10,26.20,26.00,25.90,25.80,25.80,25.60,25.70,25.40,25.60,25.50,25.50,25.50,25.40,25.40,25.50,25.50,25.40,25.40,25.30,25.20,25.20,25.30,25.10,25.10,24.80,24.80,24.90,24.80,24.90,25.00,25.00,25.10,24.90,24.70,24.80,24.90,24.80,24.60,24.70,24.40,24.60,24.40,24.60,24.70,24.50,24.70,24.40,24.80,24.70,24.80,24.80,25.10,25.20,25.20,25.40,25.50,25.50,25.40,25.60,25.80,25.80,25.70,25.70,25.90,25.70,25.50,25.60,25.50,25.50,25.50,25.40,25.40,25.20,25.20,25.40,25.30,25.20,25.20,25.40,25.40,25.40,25.40,25.60,25.40,25.60,25.50,25.50,25.60,25.90,25.90,26.00,26.00,26.30,26.40,26.40,26.60,26.60,26.70,26.80,26.90,27.30,27.30,27.40,27.40,27.50,27.70,27.90,27.90,28.00,28.20,28.30,28.30,28.50,28.70,28.80,28.70,28.70,28.90,29.00,29.00,29.00,29.20,29.20,29.30,29.30,29.30,29.30,29.30,29.30,29.30,29.30,29.40,29.40
25.20,25.20,25.20,25.20,25.10,25.00,25.00,25.00,25.10,25.10,25.10,25.10,25.00,24.90,25.00,25.20,25.40,25.30,25.20,25.20,25.20,25.30,25.30,25.40,25.60,25.50,25.60,25.70,25.70,25.80,25.80,25.90,25.90,25.80,25.70,25.60,25.50,25.40,25.10,25.10,25.00,24.90,24.80,24.80,24.80,24.70,24.90,25.10,25.20,25.20,25.40,25.40,25.40,25.60,25.80,25.50,25.50,25.40,25.50,25.60,25.50,25.50,25.70,25.70,25.60,25.70,25.70,25.60,25.40,25.50,25.40,25.60,25.40,25.50,25.50,25.50,25.40,25.40,25.50,25.60,25.50,25.50,25.20,25.40,25.50,25.40,25.40,25.40,25.50,25.30,25.40,25.50,25.40,25.50,25.40,25.40,25.30,25.50,25.50,25.40,25.40,25.20,25.20,25.10,25.10,25.10,25.20,25.10,24.90,25.20,25.10,25.10,25.00,25.00,24.90,24.80,25.10,24.80,24.80,24.90,24.70,24.80,24.80,24.80,24.80,24.80,24.90,24.70,24.80,24.80,24.60,24.90,24.90,25.00,24.90,25.20,25.20,24.90,24.90,24.90,24.70,25.00,24.90,24.80,24.90,25.00,24.90,25.00,25.00,24.80,24.90,24.90,25.00,24.80,24.80,24.90,24.70,24.60,24.70,24.60,24.80,24.40,24.70,24.70,24.60,24.70,24.60,24.90,24.80,24.70,24.70,24.50,24.50,24.40,24.60,24.30,24.40,24.40,24.60,24.50,24.40,24.70,24.70,24.50,24.40,24.50,24.60,24.60,24.30,24.50,24.70,24.70,24.40,24.60,24.60,24.60,24.60,24.40,24.60,24.50,24.50,24.60,24.80,25.00,25.10,24.90,25.30,25.20,25.30,25.20,25.30,25.50,25.40,25.40,25.20,25.60,25.60,25.50,25.60,25.70,25.80,25.80,25.80,25.80,25.80,25.90,26.10,25.90,26.10,25.80,26.10,26.10,26.10,26.20,26.10,26.10,26.30,26.20,26.20,26.10,26.20,26.20,26.00,26.40,26.40,26.20,26.40,26.10,26.30,26.40,26.20,26.10,26.10,26.00,26.20,26.10,25.90,25.80,25.70,25.80,25.80,25.80,25.90,25.60,25.90,25.50,25.80,25.70,25.50,25.60,25.40,25.40,25.30,25.20,24.90,25.10,25.30,25.30,25.40,25.20,25.20,24.90,24.90,24.90,24.90,24.90,24.80,24.90,24.80,24.80,24.60,24.80,24.60,24.70,24.80,24.60,25.00,24.90,25.00,25.20,25.10,25.30,25.40,25.50,25.50,25.60,25.60,25.60,25.60,25.60,25.80,25.70,25.60,25.60,25.90,25.70,25.50,25.60,25.80,25.80,25.40,25.50,25.50,25.50,25.40,25.40,25.60,25.40,25.50,25.40,25.40,25.50,25.40,25.50,25.60,25.60,25.50,25.80,25.80,25.90,26.00,25.90,26.10,26.20,26.40,26.60,26.60,26.60,26.60,27.00,27.00,27.00,27.30,27.40,27.50,27.80,27.80,27.80,28.10,28.10,28.10,28.50,28.70,28.70,28.90,28.90,28.80,28.90,28.90,28.90,29.10,29.20,29.10,29.20,29.20,29.20,29.20,29.20,29.20,29.00,29.30,29.30
25.30,25.20,25.20,25.00,25.10,25.10,25.20,25.30,25.20,25.20,25.20,25.10,25.10,25.20,25.30,25.30,25.20,25.20,25.10,25.30,25.40,25.40,25.50,25.50,25.50,25.80,25.70,25.80,25.80,25.90,26.00,25.90,25.80,25.80,25.60,25.50,25.20,24.90,25.10,24.90,24.90,24.90,24.90,24.90,24.90,24.90,25.10,25.40,25.40,25.20,25.10,25.30,25.20,25.20,25.30,25.40,25.20,25.40,25.50,25.60,25.80,25.40,25.40,25.70,25.80,25.60,25.60,25.70,25.60,25.90,25.50,25.50,25.70,25.60,25.50,25.60,25.60,25.50,25.50,25.30,25.50,25.50,25.60,25.30,25.40,25.40,25.40,25.40,25.30,25.40,25.30,25.40,25.50,25.50,25.60,25.50,25.30,25.40,25.40,25.40,25.40,25.20,25.20,25.20,25.10,25.20,25.10,25.10,25.10,25.10,25.00,25.10,24.90,24.80,24.90,24.90,24.90,25.00,24.80,24.80,24.80,24.60,24.60,24.70,24.60,24.60,25.00,24.70,24.70,24.60,24.60,24.90,24.70,24.90,24.90,25.00,24.80,24.80,24.90,24.90,24.60,25.00,25.10,25.00,24.80,24.70,25.00,25.10,24.90,24.90,25.20,25.10,24.80,24.80,25.00,25.10,25.10,25.00,24.90,24.80,25.10,24.80,24.80,24.70,24.30,24.60,24.50,24.80,24.80,24.80,24.60,24.80,24.60,24.80,24.50,24.80,24.60,24.60,24.60,24.50,24.50,24.60,24.70,24.70,24.60,24.60,24.40,24.70,24.60,24.60,24.50,24.50,24.60,24.70,24.50,24.30,24.50,24.50,24.60,24.40,24.60,24.80,24.40,24.50,24.60,24.60,24.80,24.90,24.90,25.20,25.20,25.20,25.30,25.30,25.40,25.30,25.60,25.80,25.70,25.90,25.80,25.90,25.80,25.80,25.90,25.90,25.80,25.90,26.10,26.00,26.20,26.20,26.30,26.30,26.30,26.40,26.40,26.20,26.60,26.40,26.50,26.40,26.60,26.70,26.60,26.40,26.70,26.70,26.40,26.50,26.50,26.20,26.30,26.10,25.90,26.00,26.10,25.70,26.00,25.90,25.90,26.00,25.90,25.60,25.80,25.80,25.90,25.90,25.80,25.80,25.60,25.50,25.50,25.30,25.40,25.20,25.50,25.50,25.60,25.50,25.40,25.30,25.10,25.30,25.20,25.20,25.10,25.10,24.90,24.90,25.10,25.10,24.70,24.90,24.90,25.10,25.10,25.00,25.10,25.20,25.10,25.40,25.50,25.50,25.30,25.40,25.60,25.80,25.80,25.80,25.80,25.80,25.70,25.70,25.30,25.40,25.80,25.80,25.60,25.60,25.40,25.40,25.50,25.50,25.40,25.40,25.40,25.50,25.20,25.30,25.40,25.50,25.30,25.50,25.60,25.60,25.50,25.60,25.70,25.90,26.00,25.80,26.00,26.10,26.10,26.40,26.40,26.50,26.50,26.70,26.70,26.70,27.20,27.30,27.30,27.60,27.70,27.80,28.10,28.00,28.00,28.50,28.50,28.50,28.70,28.70,28.70,28.70,28.70,28.70,29.00,29.20,29.20,29.20,29.10,29.00,29.10,29.20,29.20,29.20,29.30,29.30
25.40,25.40,25.40,25.40,25.40,25.30,25.30,25.20,25.00,25.00,25.00,25.20,25.30,25.40,25.40,25.30,25.20,25.30,25.40,25.50,25.50,25.40,25.50,25.60,25.60,25.90,25.90,25.90,25.80,25.90,26.10,25.80,25.60,25.40,25.20,25.10,24.90,24.80,24.90,24.90,24.90,25.00,25.20,25.20,25.20,25.20,25.10,25.30,25.30,25.20,25.20,25.10,25.00,24.90,25.10,25.30,25.40,25.30,25.20,25.20,25.50,25.60,25.50,25.60,25.60,25.70,25.80,25.80,25.60,25.90,25.50,25.70,25.90,25.80,25.50,25.60,25.80,25.70,25.80,25.60,25.60,25.40,25.60,25.40,25.20,25.40,25.30,25.40,25.30,25.30,25.10,25.40,25.30,25.30,25.60,25.50,25.30,25.30,25.50,25.40,25.50,25.40,25.40,25.30,25.20,25.20,25.20,25.30,25.10,25.10,24.90,24.90,24.90,24.70,24.80,25.10,25.10,24.80,24.80,24.90,24.80,24.90,24.90,24.60,25.10,24.70,24.60,24.60,24.60,24.60,24.70,24.60,24.90,25.00,25.10,24.80,25.00,24.80,24.90,24.80,24.80,24.90,24.90,24.80,24.90,24.90,24.90,24.90,25.00,25.10,25.10,24.90,25.00,24.90,24.90,24.90,25.10,24.90,25.00,24.90,24.90,24.90,25.10,24.90,24.80,24.80,24.80,24.90,24.80,24.70,24.70,24.50,24.70,24.60,24.80,24.60,24.60,24.80,24.40,24.60,24.70,24.60,24.40,24.70,24.60,24.60,24.70,24.60,24.60,24.60,24.40,24.60,24.60,24.50,24.40,24.60,24.50,24.50,24.60,24.30,24.40,24.60,24.60,24.50,24.50,24.60,24.60,24.40,24.50,24.60,24.70,25.10,25.00,25.10,25.20,25.40,25.50,25.70,25.80,25.80,25.90,25.80,25.90,25.90,26.00,26.10,26.10,26.00,25.90,26.10,26.10,26.30,26.40,26.60,26.40,26.70,26.60,26.70,26.70,26.80,26.70,26.70,26.70,26.90,26.90,26.80,26.60,26.70,26.60,26.60,26.70,26.50,26.40,26.50,26.40,26.40,26.40,26.10,25.90,26.10,26.00,26.10,26.00,25.90,26.10,26.30,26.00,26.00,26.10,26.10,25.90,25.80,25.70,25.40,25.50,25.50,25.60,25.70,25.80,25.80,25.80,25.80,25.40,25.60,25.60,25.50,25.60,25.40,25.20,25.00,25.20,25.30,25.10,25.10,25.20,25.40,25.20,25.10,25.30,25.30,25.40,25.20,25.40,25.50,25.60,25.70,25.70,25.70,25.70,25.70,25.60,25.70,25.60,25.70,25.70,25.50,25.50,25.50,25.50,25.60,25.60,25.40,25.50,25.60,25.60,25.50,25.20,25.50,25.20,25.40,25.50,25.40,25.30,25.50,25.50,25.50,25.30,25.40,25.60,25.70,25.80,25.80,26.00,26.10,25.90,26.10,26.20,26.40,26.40,26.60,26.70,26.70,27.00,27.10,27.00,27.60,27.70,27.80,27.80,28.10,28.30,28.50,28.50,28.50,28.50,28.50,28.50,28.60,28.70,28.70,28.70,28.80,28.90,28.90,29.00,29.00,29.00,28.90,28.90,29.00,29.10,29.20
25.40,25.30,25.30,25.40,25.30,25.20,25.20,25.20,25.10,25.10,25.10,25.40,25.40,25.20,25.40,25.40,25.40,25.50,25.60,25.60,25.70,25.70,25.60,25.70,25.70,25.60,25.80,25.90,26.10,26.00,25.80,25.20,25.20,25.00,24.90,25.00,25.00,24.90,24.90,24.90,25.00,25.10,25.40,25.20,25.20,25.20,25.10,25.00,25.10,25.10,25.10,25.10,24.90,24.90,24.80,24.80,25.40,25.50,25.40,25.50,25.60,25.50,25.70,25.60,25.60,25.60,25.60,25.60,25.40,25.60,25.50,25.70,25.60,25.70,25.60,25.50,25.60,25.70,25.60,25.50,25.50,25.50,25.50,25.60,25.20,25.30,25.30,25.40,25.40,25.20,25.20,25.30,25.20,25.10,25.40,25.40,25.30,25.40,25.40,25.40,25.40,25.40,25.30,25.50,25.40,25.10,25.10,25.10,25.10,25.10,24.90,24.80,25.10,24.90,24.80,24.90,25.10,24.70,24.80,24.70,25.00,25.00,24.80,24.70,24.60,24.60,24.70,24.50,24.60,24.70,24.80,24.70,24.70,25.10,25.00,25.10,24.80,25.00,24.90,25.10,24.80,24.90,24.80,24.90,24.80,24.90,25.00,24.90,25.00,25.10,24.90,24.90,25.00,24.80,25.10,24.90,25.10,25.00,25.20,25.20,25.10,25.20,25.10,25.10,25.10,24.90,25.00,24.90,25.10,25.10,24.80,24.80,24.90,24.90,24.90,24.80,24.70,24.80,24.80,24.70,24.90,24.60,24.50,24.80,24.60,24.60,24.60,24.60,24.70,24.60,24.60,24.60,24.60,24.50,24.60,24.60,24.60,24.50,24.50,24.60,24.40,24.60,24.40,24.50,24.40,24.60,24.50,24.60,24.70,24.60,24.50,24.70,24.50,24.60,24.70,24.90,25.00,25.30,25.40,25.60,25.60,25.80,25.70,25.90,26.00,26.10,26.10,25.90,26.10,26.10,26.10,26.20,26.20,26.30,26.70,26.40,26.60,26.70,26.70,26.70,26.80,26.70,26.70,26.90,26.90,27.00,26.70,26.60,26.90,26.60,26.70,26.60,26.70,26.60,26.60,26.40,26.40,26.40,26.10,26.20,26.20,26.10,26.20,26.10,26.20,26.10,26.20,26.30,26.40,26.30,26.10,25.90,25.80,25.80,25.80,25.80,25.80,25.90,25.90,26.00,26.10,25.90,25.80,25.80,25.90,25.80,25.80,25.70,25.50,25.50,25.40,25.40,25.30,25.40,25.40,25.40,25.50,25.30,25.60,25.60,25.60,25.30,25.70,25.60,25.70,25.80,25.80,25.80,25.90,25.90,25.80,25.50,25.80,25.50,25.70,25.60,25.50,25.40,25.40,25.60,25.50,25.50,25.40,25.40,25.40,25.40,25.40,25.20,25.30,25.50,25.50,25.30,25.30,25.30,25.20,25.10,25.20,25.40,25.60,25.70,25.60,25.80,25.80,25.90,25.70,26.10,26.10,26.10,26.40,26.50,26.60,26.50,26.70,26.90,27.10,27.30,27.50,27.70,27.70,27.90,28.00,28.00,28.30,28.50,28.30,28.40,28.50,28.60,28.60,28.60,28.60,28.60,28.60,28.70,29.00,29.00,29.00,28.90,29.00,29.00,29.00,28.90
25.40,25.20,25.20,25.20,25.20,25.20,25.10,25.20,25.30,25.10,25.00,25.30,25.20,25.20,25.20,25.40,25.60,25.60,25.50,25.60,25.80,25.80,25.70,25.80,25.90,25.80,25.80,25.60,25.30,25.10,24.90,24.70,24.90,25.00,25.00,25.20,25.10,25.10,25.20,25.10,25.20,25.20,25.40,25.10,25.10,25.00,25.00,25.10,25.00,25.10,25.20,25.10,25.20,25.40,25.40,25.30,25.60,25.50,25.60,25.60,25.60,25.90,25.70,25.50,25.70,25.60,25.70,25.70,25.50,25.70,25.80,25.40,25.90,25.90,25.60,25.50,25.50,25.60,25.70,25.60,25.70,25.50,25.50,25.60,25.50,25.20,25.50,25.40,25.40,25.20,25.40,25.50,25.20,25.20,25.40,25.20,25.30,25.40,25.10,25.40,25.30,25.40,25.20,25.40,25.40,25.40,25.10,25.10,25.00,25.10,24.70,24.90,25.00,25.00,24.90,25.00,24.90,24.90,24.80,24.70,24.90,24.90,24.70,24.60,24.60,24.80,24.90,24.70,24.60,24.70,24.70,24.80,24.90,25.10,25.00,24.80,25.00,25.00,25.00,24.90,25.00,24.80,25.00,25.10,24.80,24.80,25.10,24.90,24.90,25.10,24.90,25.20,25.00,25.10,25.00,25.10,25.00,25.10,25.10,25.10,25.30,25.20,25.20,25.10,25.10,25.10,25.10,25.10,25.10,25.00,24.90,25.10,25.10,25.10,25.00,25.20,25.10,24.90,25.10,24.90,25.10,24.90,24.80,24.80,24.70,24.60,24.60,24.60,24.60,24.70,24.70,24.70,24.60,24.60,24.80,24.60,24.60,24.60,24.60,24.50,24.50,24.50,24.60,24.40,24.60,24.40,24.50,24.60,24.70,24.60,24.60,24.60,24.40,24.40,24.50,24.60,24.40,24.60,24.80,25.00,25.10,25.30,25.20,25.60,25.70,25.80,25.80,25.90,26.10,26.10,26.10,26.20,26.10,26.20,26.40,26.70,26.60,26.60,26.90,26.90,27.00,27.00,26.90,26.90,26.90,26.80,26.90,27.00,27.00,26.90,26.80,26.90,26.60,26.60,26.60,26.50,26.40,26.50,26.30,26.30,26.20,26.20,26.10,26.10,26.40,26.10,26.20,26.10,26.20,26.10,26.00,26.00,25.80,26.00,25.80,25.90,26.10,26.00,26.20,26.10,26.10,26.10,25.90,26.10,26.20,26.20,25.90,25.90,25.60,25.70,25.60,25.50,25.30,25.50,25.50,25.50,25.60,25.50,25.60,25.80,25.70,25.50,25.70,25.70,25.70,25.80,25.80,25.80,25.70,25.60,25.60,25.50,25.50,25.50,25.50,25.50,25.50,25.40,25.40,25.40,25.40,25.30,25.30,25.20,25.10,25.10,25.40,25.10,25.10,25.10,25.30,25.20,25.30,25.30,25.10,24.90,25.30,25.40,25.50,25.60,25.50,25.70,25.80,25.80,25.70,25.90,26.10,26.10,26.30,26.40,26.40,26.40,26.70,26.90,26.90,27.10,27.30,27.40,27.70,27.70,27.70,27.90,27.90,27.90,28.30,28.50,28.60,28.60,28.60,28.50,28.50,28.50,28.80,28.70,28.70,28.80,28.90,28.80,28.70,28.70,29.00,29.00
25.40,25.10,25.10,25.20,25.20,25.20,25.20,25.20,25.20,25.20,25.10,25.20,25.20,25.20,25.40,25.50,25.70,25.90,25.90,26.00,26.00,25.90,25.90,25.90,25.80,25.40,25.10,24.90,24.80,24.90,24.90,24.90,25.20,25.20,25.10,25.20,25.10,25.20,25.30,25.20,25.20,25.20,25.10,25.10,25.00,24.90,25.00,25.10,25.10,25.10,25.40,25.50,25.70,25.80,25.80,25.90,25.80,25.60,25.70,25.80,25.90,25.90,25.80,25.70,25.70,25.70,25.80,25.80,25.70,25.90,25.80,25.80,25.60,25.50,25.50,25.60,25.90,25.90,25.80,25.80,25.60,25.50,25.50,25.60,25.60,25.40,25.70,25.40,25.40,25.30,25.60,25.50,25.30,25.40,25.40,25.40,25.50,25.40,25.30,25.40,25.50,25.50,25.40,25.40,25.10,25.20,25.10,25.20,25.20,25.10,25.20,25.20,24.90,24.90,24.90,24.90,25.00,24.60,24.90,25.00,24.90,24.70,24.70,24.60,24.80,24.60,24.60,24.80,24.60,24.90,24.80,25.00,24.90,25.10,25.10,25.10,25.10,25.00,25.10,25.10,25.20,24.90,25.10,25.20,25.10,24.90,25.10,25.00,24.90,25.10,24.90,25.10,25.10,25.20,25.20,25.10,25.10,25.10,24.90,25.10,25.30,25.10,25.20,25.10,25.10,25.10,25.20,25.10,25.10,25.10,25.20,25.10,25.20,25.20,25.20,25.40,25.30,25.50,25.40,25.20,25.20,25.20,25.10,25.10,25.10,25.10,25.20,24.80,24.80,24.90,24.70,24.80,24.60,24.70,24.60,24.70,24.60,24.70,24.60,24.70,24.80,24.60,24.70,24.60,24.60,24.60,24.60,24.60,24.80,24.60,24.60,24.60,24.60,24.60,24.50,24.60,24.40,24.40,24.60,24.60,24.50,24.60,24.40,24.70,25.00,25.10,25.00,25.20,25.60,25.90,26.00,26.10,26.00,26.20,26.40,26.60,26.60,26.70,26.80,26.90,27.00,27.00,26.90,26.80,26.90,26.90,27.00,27.00,26.90,26.80,26.80,26.80,26.60,26.70,26.50,26.40,26.60,26.40,26.60,26.20,26.10,26.10,26.10,26.10,26.20,25.90,25.90,26.10,26.10,26.10,26.10,26.30,25.90,25.90,26.00,25.80,25.90,26.10,26.10,26.00,26.30,26.30,25.90,26.10,26.00,26.20,26.10,26.00,25.80,25.90,25.90,25.60,25.50,25.70,25.70,25.60,25.70,25.80,25.70,25.80,25.80,25.80,25.70,25.80,25.90,25.80,25.80,25.90,25.90,25.80,25.70,25.60,25.20,25.70,25.60,25.60,25.50,25.40,25.40,25.30,25.40,25.20,25.20,25.10,25.20,25.20,25.20,25.20,25.30,25.30,25.30,25.30,25.30,25.30,25.30,25.20,25.40,25.40,25.40,25.50,25.40,25.60,25.80,25.80,25.60,25.80,25.80,25.80,26.00,26.10,26.20,26.00,26.30,26.50,26.60,26.80,27.00,27.10,27.30,27.40,27.60,27.80,27.90,28.00,28.20,28.10,28.20,28.20,28.30,28.30,28.50,28.60,28.70,28.60,28.50,28.60,28.60,28.70,28.60,28.60,28.80,29.00
25.30,25.20,25.20,25.30,25.20,25.10,25.40,25.20,25.10,25.10,25.20,25.10,25.10,25.10,25.60,25.60,25.80,25.80,25.80,25.90,25.90,25.80,25.30,24.90,24.70,24.80,24.80,24.80,24.80,25.10,25.30,25.10,25.20,25.20,25.10,25.20,25.30,25.30,25.10,25.20,25.20,25.10,25.10,25.00,25.00,25.10,25.20,25.40,25.60,25.80,25.80,25.90,26.10,26.10,25.90,25.90,25.80,26.00,26.00,25.90,25.90,25.90,25.70,26.00,26.00,25.90,25.90,26.00,25.90,26.00,25.90,25.90,25.80,25.60,25.60,25.80,25.70,25.60,25.80,25.70,25.60,25.80,25.50,25.60,25.50,25.50,25.50,25.40,25.60,25.50,25.50,25.40,25.50,25.30,25.50,25.40,25.50,25.50,25.50,25.30,25.40,25.40,25.20,25.40,25.20,25.10,25.10,24.90,25.20,25.00,24.90,25.10,25.00,25.10,24.90,25.00,24.70,24.60,24.90,24.80,24.90,24.90,24.60,24.90,24.80,24.60,24.60,24.60,24.50,24.70,24.60,24.80,24.90,24.90,25.30,25.10,24.90,25.00,25.10,25.20,25.20,24.90,25.00,25.10,25.10,25.20,25.20,25.10,25.00,25.10,25.00,24.90,25.10,25.10,25.30,25.20,25.10,25.10,25.30,25.20,25.20,25.30,25.20,25.00,25.10,25.20,25.20,25.10,25.20,25.20,25.30,25.20,25.40,25.40,25.40,25.50,25.50,25.60,25.50,25.40,25.30,25.40,25.10,25.40,25.20,25.20,25.30,25.40,25.40,25.40,25.40,24.90,25.10,24.90,24.80,25.00,24.70,24.60,24.90,24.70,24.90,24.70,24.50,24.80,24.80,24.60,24.60,24.60,24.60,24.60,24.50,24.60,24.60,24.50,24.40,24.50,24.40,24.40,24.40,24.60,24.40,24.40,24.50,24.60,24.50,24.60,24.60,24.50,24.90,25.30,25.10,25.40,25.50,25.90,26.10,26.20,26.40,26.60,26.70,26.60,26.70,26.90,27.00,26.80,26.90,26.90,27.00,27.10,27.00,26.70,26.90,26.60,26.70,26.90,26.60,26.50,26.60,26.50,26.30,26.10,26.10,26.10,26.20,26.20,26.10,25.90,26.10,26.10,26.10,26.10,26.10,26.30,26.00,26.20,26.00,25.90,25.90,25.90,26.10,25.90,25.90,26.10,26.10,26.20,26.10,26.00,26.10,26.10,25.90,25.80,25.80,25.90,25.90,25.60,25.90,25.90,25.90,25.80,25.90,25.90,25.90,25.90,25.90,25.80,25.90,25.90,25.90,25.90,25.80,25.80,25.70,25.50,25.40,25.40,25.50,25.60,25.50,25.50,25.40,25.20,25.40,25.50,25.40,25.40,25.50,25.40,25.20,25.40,25.40,25.40,25.30,25.50,25.40,25.40,25.40,25.40,25.50,25.30,25.50,25.60,25.60,25.50,25.60,25.80,25.80,25.90,25.90,26.00,26.00,26.00,26.10,26.40,26.50,26.60,26.60,26.80,26.90,26.90,27.10,27.30,27.40,27.50,27.60,27.80,27.90,28.00,28.00,28.00,28.00,28.20,28.30,28.50,28.30,28.30,28.30,28.50,28.50,28.60,28.70,28.80,28.80,28.70
25.40,25.20,25.20,25.40,25.20,25.10,25.30,25.30,25.10,25.10,25.10,25.10,25.10,25.20,25.50,25.60,25.80,25.60,25.60,25.60,25.40,25.20,24.90,24.80,24.90,25.10,25.20,25.10,25.00,25.10,25.10,24.90,25.10,25.20,25.20,25.10,25.10,24.90,24.90,24.90,24.90,25.00,25.30,25.20,25.40,25.50,25.80,26.10,26.20,26.30,26.20,26.20,26.10,26.10,26.10,26.10,26.00,26.10,25.90,25.80,25.90,26.00,25.80,25.90,25.90,25.80,25.70,25.80,25.90,26.10,25.80,25.70,25.90,25.90,25.80,25.90,26.00,25.90,25.80,25.80,25.60,25.60,25.60,25.70,25.60,25.50,25.60,25.30,25.60,25.60,25.40,25.50,25.30,25.20,25.50,25.40,25.20,25.20,25.40,25.30,25.40,25.50,25.40,25.20,25.20,25.20,25.20,25.30,25.30,25.20,25.10,25.10,25.00,25.10,25.20,25.00,24.80,25.10,24.90,25.00,24.70,24.90,24.70,24.80,24.80,24.80,24.80,24.60,24.60,24.80,24.60,24.80,24.90,24.90,25.10,25.10,24.90,25.10,25.10,25.10,25.10,25.00,25.00,25.10,25.20,25.10,25.00,25.10,24.90,24.90,25.10,25.20,24.90,24.90,25.10,25.10,25.20,25.10,25.20,25.10,25.20,24.90,25.10,25.10,25.20,25.10,25.10,25.40,25.20,25.20,25.20,25.40,25.20,25.40,25.10,25.40,25.60,25.40,25.30,25.10,25.10,25.40,25.10,25.20,25.40,25.50,25.40,25.40,25.40,25.40,25.30,25.40,25.40,25.40,25.60,25.20,25.10,25.00,24.80,24.90,24.70,24.80,24.90,24.60,24.50,24.70,24.50,24.40,24.60,24.60,24.70,24.50,24.40,24.60,24.70,24.50,24.60,24.80,24.30,24.50,24.30,24.60,24.60,24.60,24.50,24.50,24.60,24.40,24.40,24.60,24.70,24.60,24.60,25.10,25.10,25.40,25.70,26.10,26.20,26.30,26.40,26.60,26.70,26.60,26.70,26.60,26.70,26.80,26.80,26.70,26.90,26.60,26.70,26.70,26.40,26.40,26.40,26.30,26.20,26.20,26.20,26.10,26.20,25.90,26.10,25.90,25.80,25.90,26.00,26.00,26.10,26.00,26.10,26.10,26.00,25.90,26.10,26.10,25.90,26.00,25.90,25.90,25.90,25.90,26.10,26.00,25.90,26.00,25.90,25.80,25.80,26.00,26.00,25.80,25.90,25.80,25.90,25.70,26.00,26.10,25.90,25.90,25.90,25.90,25.90,26.10,26.10,25.80,25.80,25.90,25.90,25.60,25.50,25.60,25.60,25.50,25.40,25.40,25.50,25.20,25.40,25.60,25.30,25.40,25.70,25.50,25.40,25.70,25.60,25.50,25.40,25.50,25.40,25.50,25.40,25.20,25.40,25.30,25.40,25.60,25.70,25.60,25.60,25.90,25.90,25.80,25.80,25.90,25.90,25.90,26.00,26.20,26.20,26.40,26.60,26.80,26.90,26.90,27.00,26.90,27.10,27.20,27.30,27.60,27.70,27.70,27.70,27.80,27.90,28.00,28.10,28.20,28.20,28.20,28.30,28.50,28.60,28.60,28.60,28.40,28.60,28.60
25.20,25.20,25.30,25.40,25.20,25.10,25.20,25.20,25.00,25.10,25.10,25.10,25.20,25.20,25.40,25.50,25.50,25.50,25.40,25.20,25.10,24.90,24.90,25.00,25.10,25.20,25.10,25.10,25.00,25.00,25.10,25.10,24.90,24.90,25.00,25.00,25.10,25.20,25.10,25.10,25.20,25.30,25.50,25.60,26.00,26.30,26.20,26.20,26.40,26.40,26.40,26.20,26.10,26.10,26.20,26.10,26.20,26.10,26.00,25.90,25.90,25.90,25.90,25.80,25.60,25.80,25.90,25.90,25.90,25.90,25.70,25.60,25.90,25.60,25.90,25.90,25.80,25.60,25.80,25.60,25.70,25.60,25.70,25.60,25.60,25.50,25.60,25.10,25.50,25.60,25.40,25.50,25.50,25.40,25.50,25.50,25.20,25.40,25.40,25.40,25.30,25.20,25.30,25.10,25.10,25.20,25.20,25.20,25.20,25.30,25.30,25.10,25.00,25.10,25.00,25.00,24.90,24.80,25.00,25.00,24.90,24.90,24.80,24.80,24.90,24.90,24.80,24.60,24.70,24.70,24.50,24.80,24.80,25.00,25.10,25.20,25.10,25.10,25.20,25.10,25.20,25.20,25.00,25.10,24.90,25.20,25.10,25.10,24.90,25.10,25.10,25.10,25.10,25.20,25.20,25.20,25.10,25.10,25.30,25.10,25.10,24.90,25.10,24.90,25.10,25.10,25.00,25.10,25.00,25.30,25.40,25.10,25.30,25.30,25.20,25.70,25.60,25.50,25.60,25.40,25.30,25.30,25.30,25.20,25.10,25.50,25.40,25.20,25.60,25.60,25.70,25.40,25.70,25.60,25.50,25.50,25.60,25.60,25.40,25.10,24.90,25.10,24.60,24.70,24.90,24.50,24.60,24.90,24.50,24.60,24.40,24.70,24.50,24.60,24.80,24.70,24.40,24.60,24.60,24.80,24.50,24.60,24.70,24.60,24.60,24.40,24.60,24.60,24.60,24.40,24.50,24.60,24.70,24.60,24.40,24.80,24.80,25.10,25.40,25.60,25.90,26.20,26.40,26.40,26.60,26.60,26.60,26.60,26.70,26.60,26.80,26.50,26.60,26.70,26.40,26.30,26.40,26.30,26.20,26.20,26.20,26.00,26.10,26.00,26.10,25.90,25.90,25.90,25.90,25.90,25.80,25.80,25.80,26.00,26.00,26.00,25.90,25.90,26.00,25.90,25.80,26.10,26.00,26.00,26.10,26.10,25.90,26.10,25.90,25.90,25.70,26.00,26.00,26.00,25.80,25.90,25.90,25.60,26.10,25.90,26.10,25.90,26.00,25.80,25.90,25.90,25.80,25.60,25.60,25.80,25.80,25.40,25.80,25.50,25.50,25.50,25.50,25.50,25.40,25.20,25.20,25.10,25.50,25.50,25.50,25.50,25.40,25.60,25.50,25.60,25.50,25.60,25.60,25.50,25.50,25.40,25.50,25.30,25.40,25.60,25.50,25.70,25.90,26.10,25.90,25.90,26.00,26.00,25.80,26.10,26.20,26.20,26.20,26.20,26.30,26.70,26.70,26.70,26.70,26.80,26.90,27.10,27.10,27.30,27.60,27.60,27.60,27.70,27.80,27.90,27.90,27.90,28.20,28.30,28.30,28.20,28.20,28.30,28.30,28.20,28.20,28.10
25.20,25.40,25.30,25.20,25.30,25.30,25.20,25.20,25.10,25.20,25.30,25.30,25.20,25.10,25.20,25.20,25.00,25.10,25.00,24.90,25.00,25.00,25.10,25.00,24.90,25.20,25.10,25.00,24.80,24.80,24.80,24.80,24.90,25.10,25.10,25.00,24.90,25.10,25.50,25.40,25.80,26.10,26.20,26.20,26.30,26.40,26.20,26.20,26.40,26.40,26.40,26.20,26.00,26.00,26.00,26.00,26.00,26.00,25.90,25.90,25.90,25.90,25.90,25.90,25.90,25.90,25.90,25.60,25.50,25.80,26.10,25.80,25.80,25.80,25.60,25.70,25.60,25.80,25.70,25.70,25.80,25.60,25.60,25.50,25.60,25.60,25.60,25.40,25.60,25.60,25.50,25.40,25.80,25.50,25.40,25.60,25.50,25.20,25.20,25.40,25.20,25.20,25.30,25.20,25.10,25.20,25.50,25.40,25.50,25.20,25.30,25.10,24.90,25.00,25.10,25.10,25.10,24.90,25.10,25.00,24.90,24.90,24.80,24.80,24.90,24.80,24.60,24.70,24.70,24.60,24.80,24.90,24.80,25.20,25.10,25.40,25.20,25.20,25.10,25.20,25.00,25.20,25.00,24.90,24.80,25.20,25.10,25.10,25.20,24.80,25.10,25.10,25.40,25.20,25.20,25.20,25.20,25.10,25.10,25.10,25.40,25.10,25.00,25.20,25.20,25.30,25.10,25.20,25.20,25.30,25.40,25.30,25.20,25.40,25.40,25.40,25.50,25.30,25.50,25.30,25.40,25.20,25.20,25.20,25.40,25.40,25.50,25.50,25.50,25.50,25.60,25.50,25.60,25.50,25.70,25.60,25.50,25.50,25.60,25.50,25.50,25.60,25.30,25.40,25.20,25.30,24.90,24.90,25.00,24.80,24.70,24.80,24.50,24.70,24.80,24.80,24.40,24.70,24.60,24.70,24.60,24.60,24.70,24.60,24.60,24.60,24.40,24.60,24.50,24.50,24.60,24.60,24.60,24.20,24.40,24.60,24.80,24.80,24.80,24.80,25.00,25.00,25.50,25.80,26.10,26.00,26.40,26.40,26.60,26.40,26.60,26.30,26.50,26.40,26.50,26.30,26.20,26.20,26.10,26.30,26.30,26.00,26.10,25.90,26.10,25.90,26.10,26.10,26.10,25.80,26.00,25.90,26.10,25.80,25.90,25.80,25.80,25.90,25.90,25.90,25.80,25.90,26.00,25.80,25.80,26.10,26.00,25.90,25.60,25.90,25.80,25.90,25.90,26.00,25.80,25.90,25.90,25.80,26.00,25.80,26.00,25.90,26.00,25.90,25.90,25.90,25.80,25.90,25.90,26.00,25.60,25.50,25.50,25.50,25.50,25.50,25.50,25.40,25.40,25.50,25.50,25.50,25.50,25.50,25.50,25.50,25.50,25.70,25.70,25.70,25.70,25.60,25.80,25.70,25.60,25.60,25.70,25.70,25.60,25.60,25.60,25.80,25.70,25.60,25.90,26.00,26.00,25.90,26.10,25.90,25.80,26.10,26.10,26.10,26.20,26.60,26.70,26.80,26.70,26.60,26.70,26.90,27.00,27.10,27.30,27.40,27.40,27.70,27.70,27.60,27.70,27.70,27.80,27.90,27.90,28.10,28.20,28.10,28.20,28.40,28.30,28.20
25.40,25.30,25.40,25.50,25.50,25.50,25.20,25.20,25.10,25.20,25.20,25.10,25.00,24.90,25.10,24.90,24.80,24.90,24.90,24.90,25.10,25.10,25.20,24.80,24.90,25.10,24.90,24.90,24.90,25.00,24.90,24.80,24.90,25.10,25.20,25.10,25.50,25.70,25.60,26.10,26.20,26.40,26.40,26.60,26.40,26.40,26.40,26.40,26.50,26.30,26.20,26.20,26.10,26.10,26.10,26.00,25.90,25.80,26.10,26.00,26.00,25.90,25.50,26.10,25.60,25.80,25.90,25.80,25.90,25.90,25.60,25.60,25.80,26.00,25.80,25.80,25.80,25.60,25.70,25.80,25.60,25.50,25.50,25.40,25.50,25.50,25.50,25.60,25.60,25.40,25.50,25.60,25.50,25.40,25.60,25.50,25.50,25.60,25.50,25.40,25.40,25.30,25.20,25.40,25.20,25.20,25.20,25.30,25.30,25.40,25.40,25.20,25.10,25.30,25.10,25.10,25.00,24.90,25.10,25.00,24.90,24.90,24.80,24.90,24.80,24.60,24.70,24.80,24.70,24.70,24.80,24.70,24.90,25.10,25.00,25.20,25.10,25.20,25.20,24.90,25.20,24.90,25.10,24.90,25.10,24.90,25.10,25.20,25.30,25.00,25.10,25.10,24.90,25.20,24.90,25.00,25.10,25.40,25.40,25.30,24.80,24.90,25.10,25.30,25.30,25.40,25.20,25.40,25.30,25.20,25.20,25.40,25.40,25.20,25.40,25.20,25.50,25.40,25.30,25.30,25.40,25.30,25.20,25.20,25.40,25.50,25.60,25.50,25.60,25.80,25.80,25.80,25.60,25.50,25.60,25.60,25.60,25.60,25.60,25.50,25.70,25.50,25.60,25.50,25.60,25.50,25.60,25.30,25.40,25.30,25.20,25.10,25.10,24.90,24.90,24.80,24.80,24.70,24.60,24.80,24.80,24.70,24.80,24.80,24.70,24.40,24.40,24.60,24.60,24.60,24.50,24.60,24.40,24.50,24.60,24.60,24.80,24.60,24.50,24.80,24.80,24.60,24.60,24.80,24.80,25.10,25.20,25.50,25.90,26.20,25.90,26.30,26.30,26.20,26.30,26.40,26.20,26.10,26.20,26.10,26.20,26.10,26.10,26.00,25.90,25.90,25.80,25.90,25.90,25.90,26.10,26.00,25.90,25.80,25.90,25.80,25.80,26.00,25.90,25.90,25.80,25.70,25.80,26.00,25.80,25.90,25.90,25.90,25.80,26.10,25.90,25.80,26.10,25.90,25.80,25.80,25.80,25.90,25.80,25.80,25.80,25.90,25.90,25.90,25.90,25.80,25.70,25.80,25.80,25.80,25.80,25.70,25.70,25.60,25.60,25.60,25.50,25.60,25.50,25.40,25.50,25.20,25.40,25.50,25.50,25.50,25.60,25.80,25.80,25.80,25.80,25.50,25.80,25.80,25.80,25.70,25.80,25.80,25.80,25.80,25.60,25.80,25.80,25.60,25.80,25.70,25.60,25.60,25.60,25.60,25.60,25.80,25.90,26.00,26.00,26.20,26.30,26.50,26.60,26.50,26.60,26.60,26.70,26.90,27.00,27.00,27.10,27.20,27.30,27.40,27.60,27.70,27.70,27.70,27.60,27.60,27.60,27.80,27.90,28.10,28.10,28.20
25.50,25.40,25.50,25.60,25.60,25.50,25.30,25.30,25.30,25.30,25.10,24.80,24.70,24.80,24.90,24.90,24.90,25.10,25.10,24.90,25.00,25.10,25.20,25.10,25.00,25.10,24.80,24.90,25.10,25.10,25.10,25.10,25.10,25.40,25.80,26.00,26.40,26.30,26.10,26.20,26.40,26.60,26.60,26.60,26.60,26.40,26.20,26.40,26.40,26.30,26.20,26.00,26.20,26.20,26.20,26.10,26.00,26.10,26.00,26.10,26.00,25.80,25.80,25.80,25.70,25.80,25.80,25.60,25.80,25.80,25.50,25.90,26.00,25.90,25.80,25.70,25.70,25.70,25.60,25.60,25.50,25.50,25.50,25.40,25.40,25.40,25.50,25.50,25.60,25.50,25.40,25.60,25.60,25.50,25.60,25.80,25.30,25.30,25.40,25.50,25.60,25.40,25.30,25.40,25.20,25.20,25.20,25.40,25.20,25.40,25.20,25.10,25.30,25.30,25.20,25.00,25.20,25.00,24.90,25.00,25.00,25.10,24.90,24.90,24.60,24.80,24.70,24.60,24.70,24.80,24.60,24.80,24.90,24.80,25.00,25.10,25.20,25.00,25.00,25.20,25.10,25.30,25.20,25.10,25.20,25.30,25.20,25.10,25.10,25.10,25.20,25.20,25.40,25.10,25.40,25.30,25.20,25.20,25.20,25.10,24.90,24.90,24.90,25.20,25.40,25.30,25.20,25.30,25.30,25.40,25.40,25.30,25.50,25.40,25.60,25.40,25.50,25.40,25.30,25.20,25.40,25.40,25.50,25.40,25.50,25.60,25.90,25.90,26.00,26.20,26.00,26.10,25.90,25.80,25.60,25.60,25.70,25.60,25.60,25.60,25.60,25.60,25.80,25.60,25.60,25.60,25.70,25.60,25.60,25.50,25.60,25.50,25.60,25.40,25.30,25.40,25.20,25.10,25.00,25.30,24.90,24.80,24.90,24.60,24.80,24.60,24.70,24.80,24.60,24.70,24.90,24.60,24.70,24.50,24.40,24.60,24.40,24.50,24.90,24.60,24.60,24.50,24.60,24.60,24.60,24.80,24.80,24.80,24.90,25.10,25.40,25.60,25.60,25.90,25.80,25.90,26.20,25.90,25.90,26.00,26.00,26.00,26.10,25.90,25.90,26.00,25.90,25.80,25.90,25.90,26.00,25.90,25.80,25.80,25.90,26.00,25.90,25.90,25.90,25.90,25.80,25.80,25.80,25.80,25.80,25.80,25.80,25.80,25.80,25.90,25.90,25.90,25.80,25.70,25.80,25.80,25.80,25.70,25.80,25.90,25.90,25.90,26.10,26.10,25.90,25.90,25.90,25.80,25.80,25.80,25.80,25.70,25.60,25.70,25.60,25.60,25.70,25.60,25.40,25.60,25.70,25.50,25.50,25.60,25.70,25.60,25.60,25.80,25.80,25.70,25.60,25.70,25.70,25.80,25.80,25.70,25.60,25.80,25.80,25.60,25.80,25.70,25.60,25.60,25.90,25.80,25.60,25.60,25.50,25.50,25.60,25.80,25.80,25.90,25.80,26.00,26.10,25.90,26.10,26.30,26.40,26.40,26.40,26.60,26.80,27.00,27.30,27.30,27.20,27.30,27.10,26.90,27.40,27.50,27.30,27.40,27.70,27.60,27.60,27.90,28.00,28.20
25.50,25.70,25.60,25.60,25.50,25.40,25.20,25.10,25.10,25.10,25.10,25.10,25.20,25.20,25.20,25.10,24.80,25.00,24.90,24.80,24.90,25.10,25.10,25.10,25.10,25.00,24.90,25.10,25.20,25.40,25.50,25.50,25.90,26.00,25.90,26.20,26.50,26.60,26.60,26.60,26.50,26.40,26.40,26.20,26.30,26.30,26.30,26.20,26.40,26.30,26.20,26.20,26.20,26.10,26.10,26.00,26.00,26.10,25.90,26.00,26.10,26.20,26.10,25.90,25.90,26.00,25.90,25.90,25.90,25.90,25.90,25.80,25.90,25.90,25.80,25.80,25.60,25.60,25.60,25.60,25.60,25.50,25.50,25.50,25.50,25.50,25.60,25.50,25.60,25.70,25.50,25.50,25.50,25.40,25.50,25.50,25.50,25.50,25.50,25.50,25.40,25.30,25.40,25.50,25.40,25.10,25.30,25.20,25.20,25.40,25.20,25.30,25.40,25.20,25.20,25.00,25.30,25.20,24.90,25.00,25.00,24.90,25.00,24.70,24.90,24.80,24.60,24.80,24.60,24.50,24.70,24.80,25.00,25.10,25.00,24.90,25.10,24.90,25.20,25.10,25.20,25.30,25.20,25.00,25.20,25.10,25.10,25.10,25.20,25.20,25.20,25.20,25.20,25.20,25.10,25.20,25.20,25.20,25.10,24.90,25.10,24.90,25.00,25.20,25.20,25.30,25.30,25.40,25.20,25.40,25.30,25.40,25.40,25.50,25.40,25.50,25.40,25.50,25.50,25.30,25.40,25.50,25.60,25.60,26.10,26.20,26.70,26.90,26.80,27.00,26.90,26.70,26.40,26.20,26.00,25.90,25.80,25.90,25.80,25.60,25.80,25.80,25.80,25.80,25.60,25.70,25.60,25.70,25.60,25.60,25.60,25.60,25.60,25.60,25.50,25.80,25.60,25.80,25.60,25.70,25.50,25.40,25.30,25.20,25.10,25.10,24.80,24.70,24.80,24.80,24.80,24.80,24.80,24.80,24.80,24.70,24.80,24.60,24.80,24.80,24.60,24.60,24.70,24.80,24.60,24.70,24.70,24.60,24.60,24.80,24.60,24.90,24.70,25.00,25.20,25.40,25.60,25.70,25.70,25.90,25.80,25.90,25.80,25.80,26.10,25.90,26.20,26.00,25.90,25.80,25.90,26.10,26.00,25.80,25.90,25.90,25.90,25.90,25.80,25.90,25.90,25.90,25.80,25.90,25.80,25.70,25.80,25.90,25.90,25.90,25.90,25.70,25.80,25.90,25.80,25.80,25.80,25.80,25.70,25.90,25.80,25.80,25.90,26.00,26.10,26.00,25.90,25.80,25.80,25.80,25.90,25.60,25.80,25.60,25.60,25.60,25.60,25.80,25.60,25.60,25.60,25.60,25.60,25.70,25.80,25.60,25.80,25.90,25.80,25.60,25.60,25.60,25.70,25.80,25.90,25.80,25.90,25.90,25.90,25.90,26.10,25.90,25.90,26.00,26.00,25.90,25.90,25.60,25.60,25.60,25.60,25.70,25.60,25.60,25.70,25.70,25.80,25.60,25.80,25.90,25.90,25.90,26.00,26.20,26.20,26.20,26.40,26.50,26.60,26.70,26.80,26.90,26.90,27.10,27.30,27.20,27.30,27.30,27.40,27.70,27.80,27.90
25.70,25.80,25.60,25.40,25.30,25.30,25.10,25.10,25.10,25.10,25.10,25.20,25.20,25.10,25.00,25.10,25.20,25.20,25.10,24.90,24.90,24.90,24.90,24.90,24.90,24.90,25.20,25.20,25.50,25.80,25.90,26.10,26.30,26.10,26.10,26.30,26.40,26.20,26.20,26.20,26.30,26.20,26.10,26.20,26.40,26.30,26.10,26.10,26.40,26.50,26.40,26.40,26.10,26.10,26.10,25.90,25.80,26.10,26.00,25.90,25.90,25.90,25.90,26.10,25.90,26.00,25.90,25.80,25.90,25.90,25.80,25.80,25.90,25.80,25.80,25.70,25.70,25.50,25.60,25.50,25.40,25.40,25.30,25.40,25.50,25.50,25.50,25.40,25.40,25.30,25.40,25.50,25.50,25.50,25.50,25.50,25.60,25.40,25.40,25.40,25.50,25.50,25.30,25.30,25.20,25.20,25.10,25.20,25.20,25.20,25.40,25.30,25.20,25.20,25.20,25.40,25.40,25.10,25.10,25.10,25.20,25.00,25.20,24.70,24.80,24.90,24.80,24.80,24.80,24.50,24.60,24.80,24.80,24.80,25.10,25.10,25.10,25.10,25.10,25.10,25.00,25.20,25.30,25.10,25.00,25.20,25.30,25.20,25.20,25.20,25.30,25.30,25.20,25.10,25.20,25.20,25.30,25.20,25.10,25.20,25.10,25.00,25.10,25.00,25.20,25.30,25.40,25.40,25.40,25.50,25.20,25.50,25.40,25.40,25.40,25.40,25.20,25.40,25.20,25.20,25.40,25.30,26.10,26.60,26.90,27.30,28.00,28.20,28.50,28.30,28.20,27.70,27.60,26.70,26.40,26.30,26.00,26.00,25.90,25.90,25.80,25.90,25.90,25.80,25.80,25.50,25.70,25.70,25.60,25.70,25.70,25.80,25.70,25.80,25.60,25.80,25.50,25.60,26.00,25.90,25.90,25.80,25.90,25.80,25.70,25.40,25.50,25.30,25.00,24.80,24.90,24.80,24.80,24.80,24.70,24.70,24.70,24.60,25.00,24.80,24.90,24.80,24.80,24.80,24.60,24.80,24.50,24.70,24.60,24.80,24.80,24.80,24.50,24.60,24.80,24.80,24.80,25.10,25.10,25.50,25.40,25.60,25.40,25.60,25.90,26.10,26.10,26.00,25.90,25.80,25.90,25.90,26.00,25.70,26.00,25.90,25.80,26.00,25.80,25.90,26.00,25.90,25.90,25.90,25.80,25.50,25.90,25.90,25.80,25.90,25.90,25.70,25.80,25.80,25.90,26.00,25.80,25.60,25.80,25.80,25.70,25.80,25.90,25.90,25.90,25.90,25.90,25.80,25.90,25.80,25.80,25.80,25.70,25.60,25.70,25.60,25.70,26.00,25.90,25.70,25.80,25.80,25.80,25.80,25.90,25.60,25.90,25.80,25.70,25.60,25.70,25.60,25.80,25.90,25.90,25.90,25.80,25.90,26.00,25.80,25.80,25.90,25.90,25.90,26.00,25.90,25.80,25.80,25.70,25.70,25.70,25.70,25.60,25.50,25.50,25.50,25.40,25.60,25.60,25.70,25.90,26.00,26.00,25.90,26.00,26.00,25.90,26.00,26.20,26.20,26.40,26.50,26.40,26.40,26.90,26.90,26.80,27.10,27.20,27.20,27.30,27.30
25.40,25.40,25.30,25.10,25.10,25.00,25.00,25.10,25.10,25.10,25.10,25.10,25.20,25.20,24.90,24.80,24.80,24.90,24.90,24.90,25.20,25.00,24.80,24.90,25.00,25.10,25.50,25.60,26.00,26.10,26.30,26.40,26.40,26.40,26.20,26.20,26.40,26.20,26.10,26.10,26.10,26.20,26.40,26.20,26.10,26.40,26.50,26.30,26.10,26.10,26.20,26.20,26.10,26.10,26.00,25.90,25.80,26.10,26.00,25.90,26.00,26.10,25.90,25.70,25.90,25.80,25.80,25.80,25.90,25.90,25.80,25.80,25.90,25.60,25.80,25.60,25.60,25.50,25.60,25.50,25.40,25.40,25.40,25.40,25.40,25.20,25.30,25.20,25.50,25.70,25.40,25.20,25.50,25.60,25.60,25.50,25.60,25.50,25.60,25.40,25.30,25.40,25.50,25.40,25.10,25.40,25.30,25.30,25.20,25.30,25.40,25.30,25.20,25.20,25.20,25.20,25.20,25.20,25.40,25.20,25.10,25.00,25.10,25.10,25.10,24.80,24.80,24.80,24.80,24.90,24.70,24.70,24.90,24.90,25.10,25.00,25.10,25.20,25.10,25.10,25.10,24.90,25.20,25.20,25.10,25.20,25.40,25.20,25.20,25.20,25.20,25.20,25.20,25.10,25.20,25.30,25.40,25.20,25.20,25.20,24.80,25.10,25.20,25.10,25.40,25.20,25.30,25.30,25.50,25.40,25.40,25.50,25.50,25.50,25.10,25.10,25.20,25.40,25.20,25.20,25.40,26.10,26.30,27.20,27.90,28.80,29.20,29.60,29.50,29.50,29.20,28.70,28.30,27.60,27.10,26.60,26.40,26.10,25.90,25.80,25.90,25.60,25.80,25.90,25.70,25.60,25.80,25.70,25.70,25.60,25.80,25.60,25.90,25.70,25.80,25.80,25.60,25.70,26.10,25.90,26.00,25.90,25.90,25.90,25.90,25.90,25.80,26.10,25.60,25.40,25.30,25.40,25.10,24.80,24.80,24.90,24.70,24.80,24.80,24.80,24.80,24.80,24.80,24.90,24.70,24.60,24.80,24.80,24.70,24.90,24.80,24.70,24.80,24.80,24.60,24.80,24.90,24.90,24.90,24.80,24.80,24.80,25.00,25.30,25.10,25.40,25.80,25.60,25.70,25.80,25.90,25.90,25.90,25.80,25.90,26.00,25.80,25.90,25.90,26.00,25.90,25.90,25.90,25.80,25.80,25.60,25.80,26.00,26.10,26.10,25.90,25.90,25.90,25.90,25.80,25.80,25.80,25.80,25.90,25.90,25.80,25.80,25.90,25.90,25.80,25.70,25.90,25.80,25.90,25.80,25.80,25.90,25.90,25.90,25.90,25.80,25.70,25.80,25.80,25.80,25.90,25.80,25.80,25.90,25.80,25.70,25.80,25.80,25.80,25.70,25.80,25.60,25.80,25.90,25.90,25.60,25.90,25.90,25.80,25.90,25.90,25.90,25.90,25.80,25.70,25.60,25.80,25.70,25.70,25.80,25.90,25.60,25.60,25.60,25.30,25.40,25.50,25.70,25.60,25.60,25.80,25.70,25.60,25.60,25.80,25.90,26.10,26.00,25.90,25.90,25.90,26.00,26.10,26.10,26.30,26.40,26.30,26.70,26.80,26.60,26.70,26.80
25.20,25.20,25.00,24.90,24.90,25.00,25.10,25.10,25.10,25.10,25.10,25.00,25.40,25.20,25.10,25.10,25.00,24.90,24.90,24.90,24.90,25.00,25.20,25.40,25.80,26.10,26.10,26.20,26.30,26.40,26.40,26.40,26.50,26.40,26.30,26.20,26.20,26.10,26.20,26.10,26.10,26.10,26.20,26.70,26.40,26.20,26.10,26.10,26.00,26.10,26.20,26.20,26.10,26.10,26.00,25.90,26.00,26.00,25.80,26.10,26.00,25.90,26.00,26.10,25.90,26.00,26.00,25.80,25.60,25.60,25.60,25.80,25.90,25.60,25.90,25.70,25.60,25.60,25.60,25.60,25.50,25.40,25.40,25.40,25.40,25.40,25.20,25.10,25.40,25.40,25.30,25.40,25.60,25.50,25.50,25.40,25.50,25.60,25.50,25.50,25.50,25.40,25.50,25.40,25.30,25.50,25.40,25.50,25.30,25.40,25.30,25.50,25.40,25.40,25.10,25.50,25.20,25.10,25.20,25.20,25.20,25.20,25.40,25.10,25.00,25.10,24.90,24.90,24.80,24.90,24.60,24.90,25.20,25.10,24.90,25.20,25.10,25.20,25.20,25.30,25.10,25.00,25.20,25.10,25.30,25.20,25.30,25.20,25.20,25.10,25.20,25.10,25.50,25.30,25.40,25.20,25.10,25.30,25.20,25.10,25.20,25.10,25.10,25.30,25.20,25.40,25.40,25.20,25.40,25.50,25.50,25.50,25.40,25.60,25.20,25.40,25.40,25.40,25.20,25.40,25.90,26.40,27.40,28.20,28.90,29.70,30.10,30.50,30.30,30.10,29.60,29.00,28.70,27.90,27.60,27.30,27.10,26.40,26.10,26.10,25.90,25.90,25.60,25.60,25.90,25.60,25.90,25.70,25.60,25.80,25.80,25.60,25.60,25.70,25.70,25.70,25.60,25.60,25.80,25.40,25.90,25.90,25.90,25.90,25.90,25.80,25.80,25.80,25.70,25.80,25.70,25.80,25.60,25.40,25.20,25.40,25.20,25.00,24.80,24.90,24.90,24.80,24.90,24.70,24.80,24.80,24.90,24.80,24.80,24.80,24.80,24.90,24.80,24.70,24.90,24.80,24.90,24.80,24.60,24.50,24.60,24.80,24.80,24.70,24.70,25.00,25.10,25.10,25.20,25.40,25.40,25.60,25.60,25.80,25.70,25.80,25.80,25.90,25.80,25.80,25.90,25.80,25.80,26.10,26.10,26.00,25.80,25.70,25.80,25.80,25.90,25.90,25.70,25.80,25.80,26.10,25.90,25.90,25.90,25.90,25.80,25.80,25.80,25.80,25.80,25.70,25.80,25.90,26.00,25.80,25.80,25.90,25.80,25.70,25.80,25.90,25.80,26.00,25.80,25.80,25.90,25.90,25.90,25.90,25.70,25.80,25.90,25.90,25.90,26.00,26.00,25.90,25.90,25.90,25.80,26.00,25.90,25.80,25.80,25.40,25.90,25.90,25.90,25.80,25.80,25.80,25.80,25.60,25.60,25.60,25.90,25.60,25.60,25.80,25.50,25.40,25.40,25.80,25.60,25.40,25.60,25.60,25.40,25.50,25.50,25.70,25.80,25.80,25.80,25.80,25.80,25.80,25.80,25.90,25.90,25.90,25.90,26.20,26.40,26.30,26.20,26.10
24.90,25.10,25.30,25.40,25.20,25.20,25.10,25.10,25.10,25.00,25.00,25.10,25.20,25.20,25.20,25.20,25.20,25.10,25.10,25.00,24.90,25.00,25.20,25.30,25.60,25.90,26.00,26.20,26.20,26.20,26.20,26.30,26.30,26.20,26.30,26.40,26.30,26.20,26.10,26.10,26.30,26.40,26.50,26.40,26.50,26.50,26.30,26.00,26.10,26.10,25.90,25.90,25.90,26.00,26.00,26.00,26.10,25.90,26.10,26.00,25.80,25.90,26.00,26.00,25.90,25.70,25.70,25.80,25.80,25.80,25.80,25.70,25.70,25.80,25.80,25.60,25.90,25.70,25.50,25.50,25.50,25.40,25.30,25.30,25.40,25.30,25.30,25.30,25.20,25.40,25.50,25.60,25.60,25.50,25.60,25.60,25.70,25.60,25.50,25.60,25.50,25.40,25.60,25.50,25.40,25.40,25.30,25.40,25.40,25.20,25.20,25.30,25.20,25.10,25.10,25.10,25.20,25.00,25.20,25.30,25.40,25.20,25.20,25.30,25.00,25.20,25.00,25.10,25.10,24.90,24.90,24.90,24.90,24.90,24.90,25.10,25.30,25.30,25.20,25.30,25.40,25.10,25.30,25.00,25.20,25.20,25.20,25.20,25.20,25.20,25.20,25.30,25.30,25.40,25.40,25.30,25.40,25.40,25.30,25.40,25.40,25.10,25.40,25.20,25.40,25.40,25.50,25.50,25.40,25.40,25.60,25.50,25.60,25.60,25.50,25.40,25.40,25.20,25.50,25.70,26.50,26.90,28.00,28.70,29.30,30.00,30.50,30.70,30.50,29.80,29.30,28.90,28.30,28.00,27.80,27.60,27.10,26.70,26.10,26.00,25.80,25.60,25.50,25.60,25.50,25.80,25.70,25.80,25.40,25.80,25.60,25.60,25.40,25.50,25.60,25.40,25.50,25.50,25.20,25.40,25.60,25.60,25.50,25.60,25.60,25.60,25.50,25.50,25.80,25.60,25.70,25.50,25.50,25.50,25.50,25.40,25.40,25.40,25.10,25.10,25.10,25.00,25.30,24.90,24.90,24.90,24.90,24.70,24.70,24.80,24.80,24.90,24.80,24.90,24.70,24.90,24.90,24.90,24.60,24.80,24.80,24.80,24.80,24.80,24.80,24.90,24.80,25.00,25.10,24.90,25.00,25.10,25.40,25.40,25.60,25.70,25.80,25.80,25.60,25.90,25.70,25.70,25.70,25.80,25.90,25.90,25.90,25.90,25.60,25.80,25.80,25.80,25.80,25.70,25.80,25.80,25.80,25.90,25.80,25.60,25.80,25.90,25.80,25.80,25.80,25.80,25.60,25.80,26.10,25.80,25.80,25.90,25.90,25.80,25.80,25.80,25.90,25.90,25.70,25.80,25.90,25.90,25.80,25.70,25.80,26.00,25.90,26.00,26.00,25.90,26.00,25.90,26.00,26.10,26.10,26.10,26.10,25.90,25.80,26.00,25.60,25.60,25.90,25.70,25.60,25.70,25.80,25.70,25.60,25.60,25.80,25.60,25.60,25.70,25.80,25.60,25.50,25.70,25.80,25.60,25.50,25.50,25.60,25.70,25.80,25.80,25.70,25.60,25.80,25.80,25.80,25.70,25.80,25.80,25.90,25.90,25.80,25.80,25.80,25.90,25.90,25.80
25.30,25.30,25.20,25.20,25.30,25.20,25.10,25.10,25.00,24.90,25.10,25.20,25.10,25.20,25.20,25.20,25.10,25.10,25.00,24.90,24.90,25.10,25.10,25.10,25.60,26.10,26.20,26.10,26.20,26.40,26.60,26.50,26.40,26.20,26.40,26.60,26.50,26.20,26.20,26.20,26.30,26.40,26.40,26.40,26.40,26.50,26.40,26.20,26.20,26.20,26.10,26.10,26.10,26.00,26.10,26.10,26.00,26.00,26.20,26.00,26.10,26.10,25.90,25.80,25.80,26.00,26.10,26.00,25.70,25.60,25.80,25.90,25.90,25.50,25.60,25.60,25.60,25.60,25.50,25.50,25.40,25.40,25.40,25.50,25.50,25.40,25.30,25.30,25.50,25.40,25.30,25.40,25.40,25.40,25.40,25.50,25.50,25.50,25.40,25.50,25.40,25.40,25.50,25.40,25.40,25.30,25.40,25.40,25.10,25.20,25.20,25.30,25.40,25.50,25.20,25.00,25.10,25.10,25.20,25.10,25.10,25.20,24.90,25.20,25.20,25.10,25.10,25.20,25.00,24.80,25.20,24.80,24.80,24.90,25.10,25.20,25.10,25.20,25.20,25.30,25.30,25.10,25.20,25.10,25.10,25.10,25.10,25.10,25.10,25.20,25.20,25.20,25.40,25.40,25.50,25.40,25.40,25.40,25.40,25.50,25.40,25.20,25.20,25.40,25.40,25.60,25.60,25.50,25.60,25.70,25.60,25.40,25.60,25.50,25.70,25.80,25.50,25.50,25.70,26.10,26.90,27.40,28.20,28.60,29.30,29.40,30.00,29.80,29.50,29.20,28.60,28.00,27.60,27.50,27.00,27.40,27.40,26.90,26.40,26.00,26.10,25.90,25.80,25.80,25.60,25.70,25.50,25.50,25.40,25.40,25.50,25.60,25.30,25.40,25.40,25.60,25.40,25.50,25.60,25.30,25.40,25.60,25.60,25.40,25.40,25.30,25.20,25.10,25.20,25.20,25.50,25.50,25.50,25.20,25.40,25.40,25.40,25.40,25.20,25.50,25.20,25.40,25.40,25.10,25.00,25.10,24.90,25.10,24.90,24.90,24.90,25.00,24.90,24.90,25.00,24.90,24.90,25.10,25.10,24.90,25.00,24.90,24.70,24.80,24.90,25.00,25.00,24.80,24.80,24.60,25.00,24.90,24.90,25.10,25.40,25.40,25.50,25.60,25.80,25.60,25.70,26.00,25.90,25.90,25.90,25.80,25.90,25.90,25.80,25.90,25.90,25.90,25.90,25.80,25.60,25.90,26.10,25.90,25.90,25.90,25.80,25.90,25.80,25.90,25.80,25.80,25.70,25.80,26.00,25.80,25.90,25.90,25.80,25.80,25.80,25.80,25.80,25.70,25.80,25.80,25.80,25.90,25.90,25.70,25.80,26.10,26.10,26.00,25.90,25.80,26.00,25.90,25.90,25.80,25.60,25.90,25.60,25.60,25.90,26.00,26.00,25.90,26.00,25.80,25.80,25.70,25.80,25.70,25.80,25.80,25.80,25.60,25.50,25.50,25.50,25.50,25.50,25.50,25.60,25.80,25.80,25.80,25.70,25.70,25.60,25.70,25.60,25.60,25.70,25.70,25.80,25.80,25.80,25.80,25.70,25.60,25.60,25.80,25.90,25.80,25.60,25.70
25.30,25.30,25.40,25.20,25.00,25.10,25.10,25.40,25.30,25.00,24.90,24.90,25.20,25.20,25.20,25.10,25.10,25.20,25.10,25.10,25.10,25.20,25.20,25.00,25.20,25.50,25.70,26.10,26.30,26.40,26.40,26.50,26.60,26.40,26.50,26.60,26.60,26.40,26.40,26.40,26.40,26.40,26.40,26.30,26.40,26.40,26.40,26.40,26.20,26.50,26.50,26.50,26.40,25.90,26.10,26.10,26.20,26.20,26.00,26.00,26.20,26.10,25.90,25.80,25.80,25.80,25.70,25.80,25.50,25.50,25.80,25.90,25.80,25.60,25.60,25.50,25.50,25.40,25.40,25.40,25.20,25.40,25.30,25.20,25.20,25.30,25.40,25.50,25.50,25.30,25.20,25.20,25.20,25.30,25.40,25.40,25.20,25.50,25.30,25.40,25.30,25.40,25.50,25.40,25.40,25.20,25.40,25.40,25.30,25.20,25.40,25.50,25.40,25.20,25.00,25.20,25.10,25.40,25.20,25.40,25.20,25.20,25.40,25.10,25.20,25.20,25.10,25.20,25.10,25.10,25.20,25.00,24.90,24.90,25.20,25.30,25.20,25.30,25.20,25.30,25.20,25.10,25.30,25.10,25.10,25.20,25.20,25.30,25.20,25.20,25.10,25.30,25.50,25.20,25.30,25.20,25.40,25.50,25.50,25.20,25.30,25.40,25.40,25.60,25.40,25.80,25.50,25.50,25.60,25.60,25.80,25.60,25.60,25.80,25.90,25.90,25.90,25.90,26.10,26.60,27.20,27.50,28.00,28.50,28.80,29.00,29.00,28.70,28.30,27.90,27.50,26.90,26.90,26.60,26.40,26.60,26.70,26.90,26.50,26.10,26.00,25.80,25.50,25.50,25.50,25.60,25.50,25.40,25.30,25.40,25.20,25.50,25.40,25.20,25.40,25.10,25.30,25.30,25.30,25.40,25.20,25.30,25.60,25.30,25.20,25.40,25.40,25.50,25.30,25.30,25.20,25.30,25.40,25.40,25.40,25.50,25.50,25.30,25.40,25.40,25.40,25.30,25.40,25.40,25.20,25.40,25.20,25.20,25.20,25.20,25.20,25.10,25.10,25.00,25.00,25.10,25.10,25.10,24.80,25.00,25.20,25.10,25.10,25.00,25.10,25.10,24.80,25.00,25.10,24.90,24.90,24.90,24.90,25.10,25.20,25.10,25.20,25.30,25.50,25.40,25.60,25.70,25.80,25.80,25.90,25.90,25.90,25.90,25.90,25.70,25.80,25.80,25.90,25.80,25.60,25.80,26.00,25.90,25.90,25.80,25.80,25.80,25.80,25.90,25.80,25.70,25.60,26.00,25.80,25.80,25.90,25.90,25.80,25.80,25.80,25.80,26.00,25.80,26.10,26.00,25.90,25.80,25.80,25.80,25.90,26.00,26.00,25.90,25.70,25.80,25.90,25.80,25.80,26.10,26.20,25.90,25.80,25.90,25.90,25.90,25.90,26.00,26.10,25.80,25.90,25.90,25.80,25.80,25.80,25.90,25.90,25.80,25.60,25.60,25.60,25.80,26.00,25.70,25.60,25.70,25.80,25.70,25.60,25.80,25.70,25.60,25.60,25.60,25.80,25.60,25.50,25.60,25.80,25.90,25.90,25.80,25.80,25.90,26.10,25.80,25.80,25.90
25.20,25.10,25.20,25.20,25.10,25.20,25.20,25.20,25.20,25.20,25.20,25.40,25.50,25.50,25.50,25.20,25.30,25.30,25.20,25.20,25.20,25.20,25.20,25.20,25.20,25.20,25.50,26.10,26.40,26.40,26.70,26.70,26.60,26.60,26.70,26.70,26.70,26.60,26.60,26.50,26.60,26.50,26.40,26.40,26.40,26.30,26.40,26.40,26.20,26.10,26.30,26.30,26.10,26.10,25.90,26.10,26.10,26.20,25.90,25.90,26.20,26.10,25.90,25.80,25.80,25.90,25.70,25.50,25.60,25.80,25.80,25.60,25.60,25.60,25.70,25.40,25.50,25.50,25.50,25.40,25.30,25.40,25.20,25.20,25.40,25.50,25.40,25.40,25.30,25.10,25.30,25.30,25.10,25.20,25.40,25.40,25.40,25.40,25.30,25.30,25.50,25.40,25.50,25.50,25.50,25.50,25.40,25.40,25.40,25.40,25.40,25.60,25.50,25.20,25.60,25.50,25.20,25.30,25.20,25.20,25.20,25.20,25.10,25.10,25.20,25.20,25.20,25.10,25.30,25.20,25.40,25.10,25.10,25.20,25.20,25.40,25.20,25.10,25.10,25.20,25.10,25.20,25.20,25.30,25.30,25.20,25.20,25.10,25.30,25.40,25.30,25.20,25.50,25.20,25.40,25.40,25.40,25.40,25.40,25.40,25.50,25.40,25.50,25.60,25.50,25.40,25.40,25.70,25.60,25.60,25.50,25.70,26.00,26.10,26.30,26.40,26.60,26.50,26.50,26.90,27.20,27.30,27.60,27.90,27.90,28.00,27.90,27.50,27.30,27.00,26.60,26.30,26.10,25.90,26.00,25.80,26.00,26.20,26.20,25.90,25.60,25.60,25.30,25.50,25.50,25.40,25.40,25.30,25.30,25.30,25.40,25.30,25.40,25.20,25.20,25.10,25.40,25.40,25.30,25.40,25.40,25.40,25.40,25.50,25.30,25.30,25.40,25.30,25.40,25.40,25.40,25.40,25.50,25.50,25.50,25.40,25.60,25.60,25.40,25.50,25.60,25.60,25.90,25.60,25.60,25.60,25.70,25.60,25.40,25.50,25.50,25.50,25.50,25.40,25.30,25.40,25.20,25.10,25.10,24.90,25.10,24.90,25.10,24.90,24.90,24.90,24.90,24.80,24.90,24.80,25.10,25.10,24.90,25.00,25.10,24.90,25.20,25.10,25.10,25.20,25.20,25.40,25.40,25.70,25.70,25.60,25.60,25.80,25.80,25.90,26.00,26.10,25.90,25.80,25.90,25.90,25.90,25.90,25.90,25.90,25.90,25.90,25.80,25.90,25.70,25.60,25.70,25.80,25.80,25.60,25.80,25.80,25.80,25.80,25.80,25.90,25.80,25.80,25.80,25.90,25.90,25.90,25.80,25.90,26.10,25.80,25.80,25.90,25.70,25.80,26.00,26.10,25.90,25.70,26.10,26.10,26.00,25.90,25.80,25.90,25.90,25.90,25.90,25.80,25.80,25.80,26.00,26.00,26.10,26.20,26.10,25.90,25.70,25.50,25.80,25.90,26.00,25.60,25.50,25.60,25.70,25.70,25.60,25.70,25.80,25.70,25.70,25.60,25.60,25.60,25.60,25.80,25.90,25.90,25.80,25.60,25.90,25.80,25.80,25.80,25.80,26.00
25.10,24.90,25.20,25.20,25.20,25.20,25.20,25.40,25.70,25.80,26.20,26.50,26.60,26.60,26.40,25.80,25.60,25.40,25.10,25.20,25.20,24.90,25.10,25.30,25.20,25.20,25.20,25.80,26.10,26.30,26.40,26.60,26.70,26.70,26.50,26.40,26.60,26.40,26.50,26.60,26.70,26.40,26.40,26.50,26.20,26.20,26.20,26.20,26.20,26.20,26.20,26.20,26.10,26.00,26.00,26.00,26.10,26.10,26.00,25.90,26.20,26.10,25.90,25.90,25.80,25.80,25.70,25.80,25.70,25.50,25.70,25.70,25.50,25.50,25.60,25.50,25.50,25.50,25.50,25.40,25.60,25.40,25.40,25.20,25.30,25.50,25.40,25.30,25.40,25.30,25.40,25.30,25.30,25.20,25.20,25.20,25.20,25.30,25.40,25.50,25.50,25.50,25.50,25.50,25.50,25.50,25.60,25.30,25.40,25.60,25.50,25.50,25.40,25.40,25.40,25.20,25.40,25.40,25.20,25.10,25.20,25.20,25.20,25.10,25.20,25.20,25.30,25.20,25.20,25.30,25.40,25.30,25.00,25.40,25.30,25.10,25.20,25.10,25.20,24.80,25.10,24.90,25.00,25.50,25.20,25.30,25.10,25.10,25.50,25.30,25.20,25.30,25.20,25.20,25.40,25.40,25.40,25.40,25.40,25.30,25.60,25.40,25.60,25.40,25.50,25.60,25.60,25.70,25.70,25.60,25.60,26.00,26.40,26.70,26.70,26.80,26.80,26.80,26.60,26.90,27.00,26.90,27.00,27.20,27.10,27.10,26.90,26.60,26.40,26.30,26.10,25.90,25.80,25.60,25.60,25.70,25.60,25.60,25.80,25.50,25.40,25.40,25.40,25.40,25.40,25.20,25.20,25.50,25.40,25.20,25.50,25.30,25.30,25.40,25.20,25.10,25.40,25.40,25.40,25.50,25.30,25.40,25.50,25.50,25.30,25.50,25.50,25.40,25.40,25.60,25.60,25.50,25.60,25.50,25.60,25.50,25.70,25.80,25.60,25.90,25.80,25.70,25.80,26.00,25.80,25.90,25.90,26.10,25.80,25.80,25.80,25.80,25.60,25.70,25.80,25.80,25.60,25.60,25.40,25.20,25.40,25.30,25.30,25.30,25.10,25.00,25.00,25.20,24.90,25.00,24.90,25.00,24.80,24.90,25.10,24.90,25.10,25.20,25.10,25.10,25.20,25.20,25.20,25.40,25.40,25.40,25.50,25.60,25.80,25.80,25.80,25.80,25.80,25.90,25.90,25.80,25.80,25.90,25.70,25.80,25.80,25.80,25.90,25.80,25.90,25.70,25.80,25.80,25.80,25.80,25.90,25.90,25.90,25.90,26.10,26.20,25.60,26.10,25.80,25.80,25.90,25.90,25.90,26.00,26.10,25.80,25.80,25.80,25.60,25.90,25.90,25.90,25.90,25.80,25.80,25.60,25.60,25.80,25.90,25.80,25.90,25.90,25.80,25.90,25.90,25.90,25.80,25.80,25.80,25.80,26.10,26.10,25.90,25.90,25.90,25.90,25.90,25.80,25.60,25.80,25.70,25.60,25.90,25.70,25.60,25.70,25.70,25.60,25.80,25.80,25.80,25.60,25.60,25.60,25.60,25.60,25.90,25.90,25.80,25.80,25.90,25.90
25.00,25.10,25.30,25.20,25.40,25.50,25.60,25.90,26.10,26.20,26.50,26.60,26.60,26.50,26.30,25.90,25.80,25.50,25.40,25.40,25.30,24.90,25.00,25.20,25.20,25.10,24.90,25.60,25.50,25.60,25.90,26.20,26.50,26.80,26.60,26.60,26.70,26.30,26.40,26.60,26.50,26.50,26.50,26.40,26.30,26.50,26.40,26.20,26.00,26.60,26.40,26.40,26.40,26.00,26.00,26.20,26.10,26.10,25.90,25.90,26.10,26.10,26.00,25.80,25.60,25.60,25.80,25.60,25.90,25.80,25.60,25.70,25.70,25.50,25.50,25.60,25.60,25.30,25.50,25.50,25.40,25.40,25.40,25.40,25.40,25.30,25.20,25.30,25.50,25.30,25.20,25.40,25.30,25.20,25.20,25.20,25.20,25.30,25.40,25.40,25.40,25.50,25.50,25.20,25.40,25.50,25.20,25.60,25.50,25.40,25.50,25.40,25.40,25.30,25.20,25.30,25.50,25.20,25.10,25.30,25.30,25.20,25.40,25.10,25.20,25.10,25.20,25.20,25.10,25.10,25.20,25.40,25.20,24.80,25.10,25.20,25.20,25.30,25.00,25.40,25.10,25.20,25.20,25.10,25.30,25.20,25.20,25.20,25.40,25.20,25.30,25.10,25.20,25.10,25.40,25.40,25.50,25.50,25.40,25.40,25.40,25.50,25.50,25.50,25.60,25.70,25.70,25.60,25.60,25.90,25.80,26.00,26.20,26.50,26.60,26.70,26.90,26.90,26.80,26.90,26.90,26.80,26.70,26.60,26.50,26.40,26.00,25.90,25.90,25.60,25.60,25.30,25.50,25.40,25.40,25.40,25.30,25.40,25.40,25.20,25.40,25.50,25.30,25.30,25.40,25.30,25.30,25.40,25.40,25.30,25.50,25.50,25.40,25.50,25.40,25.40,25.50,25.50,25.60,25.50,25.50,25.50,25.50,25.50,25.60,25.60,25.70,25.60,25.80,25.60,25.80,25.80,25.80,25.80,26.10,26.00,25.90,25.80,25.90,25.90,25.90,26.10,25.90,26.20,26.10,26.10,26.30,26.40,26.30,25.90,26.20,26.20,26.00,25.90,25.90,25.90,26.00,26.00,25.80,25.80,25.60,25.70,25.40,25.40,25.30,25.20,25.40,25.10,25.20,25.40,25.20,25.10,24.90,24.90,24.90,25.10,25.10,25.10,25.20,25.00,25.10,25.10,25.30,25.30,25.30,25.30,25.40,25.40,25.50,25.40,25.50,25.80,25.80,25.70,25.80,25.80,25.90,25.80,25.80,25.80,25.80,25.70,25.80,25.90,25.90,25.90,25.90,25.90,25.90,25.90,25.90,26.00,25.90,25.80,26.10,26.10,25.90,26.20,25.90,25.90,26.00,26.10,26.00,25.90,25.90,25.80,25.80,26.00,25.90,25.90,25.90,25.80,25.70,25.70,25.90,25.90,25.90,25.90,26.00,25.80,25.80,25.80,25.90,25.90,26.00,26.10,25.60,25.80,25.90,26.00,26.10,26.00,25.80,25.90,25.90,25.90,25.80,25.90,25.90,25.80,25.80,25.70,26.00,25.90,25.80,25.70,25.90,26.00,25.90,25.80,25.80,25.80,25.80,25.80,25.80,25.80,25.70,25.80,25.80,25.90,25.90,25.60
25.10,25.20,25.40,25.60,25.80,26.10,26.20,26.50,26.50,26.60,26.60,26.70,26.80,26.60,26.50,26.30,26.20,26.10,25.70,25.50,25.30,25.10,25.00,25.10,25.10,25.00,25.00,25.20,25.20,25.40,25.90,26.30,26.60,26.80,26.60,26.60,26.60,26.60,26.50,26.40,26.40,26.60,26.50,26.40,26.40,26.50,26.30,26.30,26.40,26.10,26.20,26.20,26.20,26.20,26.10,26.20,26.10,25.90,25.90,26.00,26.10,26.00,25.90,25.80,25.70,25.80,25.50,25.80,25.50,25.50,25.50,25.40,25.50,25.60,25.60,25.50,25.60,25.50,25.60,25.60,25.40,25.50,25.40,25.40,25.20,25.20,25.40,25.40,25.60,25.60,25.50,25.40,25.40,25.30,25.20,25.20,25.20,25.20,25.30,25.30,25.20,25.30,25.40,25.40,25.20,25.40,25.30,25.50,25.50,25.50,25.40,25.40,25.50,25.40,25.50,25.40,25.40,25.30,25.30,25.40,25.40,25.30,25.30,25.10,25.20,25.20,25.20,25.10,25.20,25.10,25.10,25.20,25.20,25.10,25.20,25.20,25.20,25.20,25.10,25.10,25.10,25.10,25.00,25.20,25.10,25.20,25.20,25.20,25.10,25.20,25.20,25.30,25.30,25.30,25.30,25.60,25.40,25.40,25.40,25.50,25.40,25.60,25.50,25.50,25.60,25.70,25.80,25.60,25.60,25.70,25.90,26.00,26.40,26.40,26.70,26.70,26.70,26.70,26.60,26.90,26.80,27.00,26.80,26.60,26.20,25.90,25.60,25.60,25.60,25.50,25.40,25.20,25.50,25.40,25.20,25.40,25.20,25.10,25.30,25.30,25.20,25.50,25.60,25.60,25.50,25.30,25.50,25.60,25.70,25.70,25.60,25.60,25.60,25.60,25.80,25.70,25.70,25.80,25.80,25.70,25.90,25.90,25.80,25.80,25.90,26.00,25.90,26.00,26.10,26.10,26.00,26.20,26.20,26.10,26.20,26.20,26.20,26.10,26.30,26.30,26.50,26.20,26.20,26.40,26.20,26.20,26.30,26.40,26.40,26.40,26.20,26.40,26.40,26.20,26.10,26.10,26.20,26.20,26.00,26.10,26.00,25.90,25.80,25.70,25.60,25.50,25.80,25.40,25.40,25.50,25.40,25.20,25.30,25.30,25.30,25.30,25.40,25.40,25.10,25.20,25.10,25.00,25.20,25.20,25.20,25.20,25.20,25.30,25.40,25.40,25.60,25.50,25.70,25.80,25.90,25.80,25.80,25.90,25.80,25.80,25.80,25.80,25.80,25.80,25.90,25.90,25.90,26.00,25.80,25.80,25.80,25.80,25.70,25.90,25.70,25.50,26.10,25.90,26.10,26.00,26.00,26.10,25.90,25.80,25.70,25.80,25.90,25.90,26.10,25.90,25.90,25.90,26.00,26.20,25.80,25.90,25.90,26.10,26.00,25.80,25.80,25.80,25.90,25.90,25.90,25.90,25.90,25.90,26.00,26.10,25.90,25.90,25.90,25.80,25.80,25.90,25.70,25.80,25.90,25.60,25.80,25.90,25.60,25.80,25.90,25.90,25.90,25.90,26.10,26.10,25.90,25.90,26.00,25.80,25.80,25.90,25.60,25.60,25.80,25.60,25.50,25.70
25.60,25.80,26.00,26.20,26.30,26.50,26.60,26.70,26.60,26.60,26.70,26.70,26.80,26.60,26.60,26.60,26.40,26.20,25.80,25.50,25.30,25.10,25.20,25.20,24.90,25.10,25.10,25.00,25.10,25.20,25.60,26.10,26.40,26.50,26.40,26.40,26.50,26.80,26.40,26.40,26.50,26.60,26.50,26.40,26.30,26.40,26.30,26.40,26.40,26.10,26.20,26.20,26.20,26.20,26.20,26.00,26.10,26.10,26.00,25.80,26.10,26.00,25.90,25.80,25.70,25.70,25.70,25.60,25.60,25.80,25.70,25.70,25.70,25.60,25.50,25.40,25.50,25.50,25.50,25.50,25.50,25.50,25.20,25.30,25.20,25.40,25.40,25.20,25.10,25.30,25.40,25.40,25.40,25.30,25.20,25.40,25.20,25.20,25.20,25.20,25.10,25.20,25.40,25.20,25.20,25.50,25.30,25.40,25.40,25.40,25.40,25.40,25.50,25.40,25.50,25.40,25.20,25.40,25.40,25.40,25.50,25.20,25.30,25.00,25.20,25.20,25.30,25.10,25.30,25.10,25.10,25.10,25.10,25.30,25.10,25.40,25.20,25.00,25.50,25.10,25.20,25.30,25.30,25.10,25.20,25.20,25.20,25.20,25.10,25.20,25.20,25.40,25.40,25.20,25.40,25.60,25.50,25.50,25.50,25.50,25.50,25.50,25.50,25.70,25.60,25.60,25.80,25.60,25.70,25.70,25.90,26.10,26.00,26.20,26.20,26.50,26.40,26.90,26.70,26.90,26.90,27.10,27.20,27.00,26.60,26.20,25.80,25.50,25.40,25.60,25.50,25.40,25.40,25.40,25.40,25.30,25.10,25.30,25.50,25.40,25.50,25.90,25.80,25.90,26.20,26.00,25.70,25.90,25.80,25.80,25.80,25.90,25.70,25.80,25.90,25.80,25.80,25.90,26.00,25.90,26.10,26.10,25.80,25.90,26.00,26.10,26.10,26.10,26.40,26.60,26.40,26.40,26.30,26.40,26.50,26.40,26.40,26.30,26.60,26.40,26.60,26.60,26.50,26.60,26.50,26.40,26.40,26.40,26.40,26.20,26.50,26.50,26.40,26.40,26.20,26.30,26.60,26.40,26.20,26.10,26.10,26.00,26.10,26.00,25.90,25.80,25.80,25.70,25.80,25.60,25.60,25.60,25.30,25.50,25.50,25.20,25.40,25.50,25.20,25.10,25.50,25.20,25.20,25.30,25.30,25.10,25.10,25.30,25.30,25.40,25.20,25.40,25.60,25.50,25.50,25.60,25.80,25.80,25.70,25.60,25.90,25.60,25.70,25.50,25.90,25.70,25.90,26.10,26.10,26.00,25.90,25.80,25.90,25.90,25.80,26.00,25.80,25.90,26.10,26.00,25.90,26.10,25.80,25.90,25.90,25.90,26.00,25.90,26.00,25.90,25.90,25.80,25.70,25.80,25.80,25.80,25.80,25.90,25.90,25.90,25.90,25.90,26.10,25.90,25.90,25.90,25.90,26.00,26.10,25.60,25.90,26.00,25.90,25.70,25.80,25.80,25.80,25.70,25.60,25.80,25.80,25.80,25.80,25.80,25.60,25.60,25.80,25.90,26.00,26.10,26.00,26.00,26.00,25.90,25.90,26.00,25.80,25.80,25.80,25.80,25.70,25.80
26.10,26.20,26.20,26.30,26.40,26.60,26.60,26.60,26.60,26.70,26.70,26.70,26.70,26.70,26.80,26.80,26.70,26.80,26.60,26.20,25.80,25.40,25.10,24.90,24.90,25.00,25.10,25.00,25.00,25.10,25.40,25.60,25.60,26.10,26.60,26.60,26.50,26.40,26.20,26.20,26.40,26.60,26.40,26.30,26.20,26.30,26.40,26.40,26.40,26.10,25.90,26.00,26.00,25.90,25.90,25.90,25.90,25.90,26.00,25.80,26.00,26.00,25.80,25.80,25.80,25.60,25.70,25.70,25.70,25.50,25.50,25.70,25.60,25.50,25.40,25.50,25.40,25.40,25.40,25.40,25.40,25.40,25.40,25.40,25.20,25.20,25.10,25.30,25.20,25.20,25.30,25.20,25.20,25.30,25.10,25.30,25.30,25.30,25.10,25.40,25.10,25.10,25.30,25.40,25.20,25.30,25.50,25.50,25.40,25.50,25.40,25.40,25.30,25.30,25.40,25.50,25.20,25.30,25.40,25.50,25.50,25.40,25.20,25.20,25.20,25.40,25.20,25.20,25.20,25.40,25.10,25.10,25.10,25.10,25.20,25.20,25.20,25.20,25.10,25.20,25.20,25.20,25.20,25.20,25.10,25.20,25.30,25.10,25.10,25.10,25.30,25.40,25.30,25.20,25.30,25.50,25.50,25.70,25.50,25.50,25.70,25.50,25.50,25.40,25.50,25.60,25.50,25.70,25.90,25.80,26.10,25.90,26.20,26.30,26.40,26.50,26.70,27.00,26.90,27.00,27.00,27.10,27.00,27.40,27.40,27.10,26.20,25.60,25.90,25.80,25.70,25.50,25.40,25.30,25.40,25.40,25.20,25.00,25.20,25.20,25.50,26.20,26.20,26.20,26.30,26.20,26.10,25.80,26.00,26.20,25.90,26.20,26.10,25.90,26.00,26.30,26.10,25.90,26.10,26.20,26.30,26.30,26.00,26.20,26.30,26.20,26.20,26.20,26.30,26.40,26.60,26.60,26.40,26.50,26.40,26.60,26.60,26.60,26.60,26.70,26.60,26.60,26.70,26.70,26.60,26.70,26.70,26.70,26.70,26.70,26.60,26.60,26.60,26.70,26.40,26.30,26.40,26.40,26.20,26.40,26.20,26.40,26.20,26.10,26.20,26.00,25.90,25.90,25.90,25.80,25.80,25.60,25.70,25.80,25.60,25.40,25.40,25.30,25.60,25.20,25.40,25.50,25.30,25.20,25.40,25.40,25.30,25.30,25.20,25.40,25.40,25.40,25.40,25.40,25.50,25.50,25.40,25.50,25.60,25.50,25.60,25.60,25.50,25.60,25.70,25.80,26.00,25.90,26.00,25.90,26.00,26.10,25.80,26.00,25.90,26.10,25.90,26.10,26.00,26.10,25.90,26.20,25.90,26.00,26.10,26.00,25.90,26.10,26.10,25.80,25.80,26.10,26.20,26.00,26.00,25.90,25.90,25.80,25.80,25.90,26.00,25.90,26.10,26.10,25.90,26.00,26.00,26.10,26.10,25.90,25.90,25.90,25.90,25.80,25.80,25.80,25.90,25.90,25.90,25.80,25.80,25.80,25.80,26.00,26.20,25.80,25.70,25.90,25.90,25.90,25.90,25.90,25.90,25.90,26.00,26.10,26.00,25.80,25.90,26.00,26.10,26.10
26.40,26.40,26.30,26.50,26.50,26.30,26.40,26.50,26.70,26.70,26.60,26.70,26.70,26.90,26.90,26.90,26.70,26.70,26.50,26.30,26.10,25.80,25.50,25.30,25.30,25.20,25.10,24.90,24.90,25.00,25.10,25.40,25.60,25.80,26.40,26.40,26.50,26.60,26.60,26.60,26.60,26.60,26.30,26.30,26.20,26.20,26.40,26.40,26.30,26.20,26.10,26.30,26.20,26.00,26.00,26.20,26.10,26.20,26.10,25.90,25.80,25.90,25.80,25.90,25.80,25.60,25.50,25.30,25.50,25.40,25.40,25.40,25.50,25.40,25.40,25.50,25.40,25.40,25.40,25.40,25.40,25.30,25.40,25.40,25.40,25.20,25.20,25.20,25.20,25.30,25.50,25.50,25.30,25.40,25.10,25.20,25.20,25.40,25.20,25.20,25.10,25.10,25.30,25.20,25.20,25.20,25.40,25.10,25.30,25.30,25.40,25.30,25.40,25.40,25.30,25.40,25.50,25.50,25.50,25.40,25.50,25.30,25.30,25.40,25.40,25.20,25.20,25.40,25.40,25.40,25.10,25.10,25.10,25.10,25.10,25.10,25.20,25.30,25.10,25.20,25.10,25.20,25.10,25.30,25.00,25.20,25.40,25.10,25.20,25.20,25.30,25.40,25.40,25.40,25.40,25.70,25.60,25.20,25.20,25.50,25.60,25.60,25.80,25.40,25.60,25.50,25.80,25.90,25.90,25.90,26.40,26.10,26.20,26.40,26.40,26.60,26.60,26.70,27.00,27.10,27.30,27.10,27.20,27.40,27.70,27.70,26.90,26.20,25.90,26.10,25.60,25.80,25.50,25.50,25.50,25.20,25.00,25.10,25.20,25.40,25.40,26.10,26.90,26.40,26.20,26.40,26.20,26.20,26.20,26.10,26.20,26.40,26.30,26.20,26.40,26.20,26.20,26.30,26.40,26.40,26.20,26.20,26.20,26.30,26.40,26.40,26.10,26.50,26.20,26.10,26.60,26.40,26.60,26.60,26.50,26.60,26.70,26.70,26.60,26.70,26.60,26.60,26.70,26.70,26.50,26.60,26.60,26.70,26.70,26.50,26.60,26.60,26.40,26.20,26.20,26.50,26.50,26.30,26.30,26.50,26.30,26.30,26.20,26.20,26.30,26.20,26.20,25.90,25.90,26.00,25.90,25.80,25.50,25.70,25.70,25.60,25.50,25.60,25.40,25.50,25.50,25.50,25.20,25.40,25.30,25.40,25.20,25.40,25.40,25.50,25.40,25.40,25.40,25.30,25.30,25.30,25.40,25.50,25.50,25.80,25.50,25.50,25.70,25.70,25.60,25.70,26.10,25.90,25.80,25.80,25.80,25.70,25.80,25.90,25.90,26.00,25.90,25.90,25.90,26.00,26.10,26.20,25.90,26.00,26.10,26.00,25.90,25.90,25.70,25.90,26.00,26.10,26.20,26.10,26.10,26.10,26.10,25.80,25.80,25.90,26.00,25.90,25.90,25.90,26.10,26.10,26.00,25.90,25.90,25.90,25.90,25.80,26.10,26.00,25.90,25.80,25.80,25.90,26.10,25.90,25.80,25.70,25.80,25.80,26.00,25.80,25.80,25.90,25.90,26.00,25.90,25.80,25.90,25.90,25.90,25.90,25.90,25.90,26.00,26.00,25.90,25.90
26.30,26.20,26.20,26.40,26.40,26.40,26.60,26.80,26.60,26.40,26.40,26.50,26.60,26.70,26.70,26.70,26.70,26.60,26.50,26.40,26.20,26.00,25.60,25.40,25.20,25.10,24.90,24.80,25.00,24.90,24.90,25.20,25.20,25.20,25.90,26.10,26.40,26.50,26.40,26.30,26.10,26.10,26.20,26.20,26.20,26.20,26.30,26.30,26.30,26.30,26.00,26.10,26.10,25.90,25.90,25.90,26.10,26.10,26.00,26.00,25.70,25.90,25.80,25.80,25.80,25.90,25.80,25.50,25.70,25.60,25.50,25.40,25.50,25.60,25.60,25.50,25.50,25.40,25.40,25.40,25.30,25.40,25.50,25.30,25.40,25.40,25.20,25.30,25.30,25.50,25.30,25.20,25.20,25.30,25.10,25.40,25.20,25.40,25.20,25.20,25.20,25.10,25.40,25.10,25.20,25.10,25.20,25.40,25.40,25.30,25.20,25.40,25.50,25.50,25.30,25.30,25.40,25.60,25.40,25.40,25.30,25.60,25.10,25.30,25.40,25.30,25.30,25.10,25.30,25.10,25.20,25.20,25.00,25.20,25.20,25.20,25.30,25.10,25.10,25.20,25.20,25.20,25.10,25.40,25.30,25.40,25.40,25.20,25.50,25.50,25.40,25.20,25.50,25.40,25.40,25.40,25.40,25.40,25.40,25.10,25.50,25.40,25.60,25.20,25.50,25.60,25.80,26.10,26.10,26.00,26.30,26.10,26.10,26.30,26.60,26.70,26.70,27.00,27.10,27.30,27.40,27.50,27.40,27.30,27.40,27.60,27.50,26.60,26.20,26.20,25.90,25.60,25.50,25.40,25.60,25.20,25.10,25.10,25.10,25.20,25.50,25.80,26.70,26.70,26.40,26.60,26.40,26.20,26.20,26.40,26.10,26.40,26.40,26.20,26.10,26.20,26.20,26.30,26.20,26.50,26.30,26.20,26.10,26.30,26.40,26.20,26.50,26.40,26.20,26.40,26.20,26.40,26.40,26.60,26.50,26.60,26.60,26.60,26.60,26.60,26.60,26.50,26.60,26.40,26.60,26.60,26.60,26.70,26.60,26.60,26.70,26.60,26.60,26.60,26.30,26.60,26.60,26.20,26.40,26.70,26.20,26.40,26.50,26.40,26.40,26.40,26.40,26.20,26.10,26.10,25.90,25.90,25.80,25.60,25.70,25.70,25.80,25.90,25.90,25.90,25.60,25.60,25.50,25.60,25.50,25.40,25.40,25.50,25.60,25.70,25.40,25.50,25.50,25.40,25.40,25.50,25.50,25.40,25.60,25.80,25.50,25.40,25.80,25.80,25.60,25.80,25.90,26.00,26.00,25.80,25.80,25.90,25.90,25.80,25.80,25.90,25.90,25.90,25.80,25.90,26.10,26.00,25.90,26.00,26.10,26.10,26.10,25.80,26.00,26.10,26.00,25.90,26.30,25.90,26.00,26.10,26.10,25.90,25.90,25.90,25.80,26.00,25.90,25.80,25.60,25.80,25.70,25.80,25.90,26.00,25.90,25.80,26.10,26.10,26.00,25.80,25.90,26.00,26.10,26.10,26.00,26.00,25.90,25.90,25.90,25.90,25.90,25.90,25.90,26.00,26.00,25.90,25.80,25.90,25.90,26.00,25.90,25.80,25.80,25.90,25.90,25.90
26.20,26.20,26.20,26.40,26.40,26.30,26.30,26.30,26.40,26.50,26.50,26.50,26.60,26.70,26.70,26.70,26.70,26.60,26.50,26.40,26.40,26.20,25.60,25.40,25.30,25.10,24.80,24.50,24.90,24.90,25.00,25.00,25.10,25.20,25.50,25.90,25.90,25.90,26.40,26.40,26.40,26.40,26.20,26.20,26.30,26.40,26.20,26.20,26.20,26.20,26.20,25.90,25.90,26.00,26.00,25.90,25.90,25.90,26.10,25.90,25.70,25.90,25.60,25.60,25.80,25.80,25.60,25.60,25.80,25.60,25.40,25.40,25.50,25.50,25.40,25.50,25.50,25.40,25.40,25.40,25.40,25.50,25.40,25.20,25.40,25.20,25.50,25.40,25.00,25.40,25.20,25.10,25.30,25.20,25.20,25.40,25.30,25.20,25.40,25.30,25.40,25.20,25.20,25.20,25.20,25.10,25.30,25.30,25.30,25.30,25.40,25.30,25.50,25.60,25.40,25.30,25.40,25.50,25.50,25.50,25.50,25.40,25.40,25.20,25.40,25.40,25.50,25.20,25.40,25.40,25.40,25.40,25.10,25.10,25.10,25.30,25.40,25.30,25.10,25.20,25.30,25.20,25.10,25.30,25.30,25.20,25.40,25.10,25.20,25.10,25.20,25.10,25.40,25.40,25.40,25.20,25.30,25.30,25.40,25.40,25.40,25.20,25.20,25.40,25.40,25.50,26.00,26.10,26.00,26.40,26.20,26.10,26.20,26.30,26.50,26.70,27.00,27.40,27.30,27.40,27.50,27.60,27.70,27.40,27.40,27.10,27.40,27.10,26.30,25.90,25.80,25.40,25.40,25.40,25.40,25.50,25.30,25.20,25.20,25.10,25.50,25.80,26.40,26.90,26.40,26.50,26.40,26.30,26.40,26.40,26.20,26.30,26.40,26.20,26.40,26.40,26.40,26.40,26.20,26.30,26.30,26.20,26.40,26.40,26.50,26.30,26.30,26.40,26.20,26.30,26.40,26.30,26.30,26.60,26.50,26.40,26.60,26.70,26.60,26.70,26.60,26.40,26.60,26.50,26.80,26.60,26.60,26.50,26.40,26.70,26.70,26.50,26.50,26.70,26.60,26.50,26.40,26.60,26.40,26.40,26.20,26.40,26.40,26.20,26.30,26.40,26.50,26.30,26.10,26.10,25.90,26.00,25.90,26.00,26.10,25.90,25.80,26.10,25.80,26.00,25.90,25.90,25.80,25.90,25.60,25.50,25.80,25.70,25.60,25.50,25.40,25.50,25.60,25.40,25.30,25.30,25.40,25.40,25.60,25.60,25.60,25.70,25.80,25.80,25.60,25.90,25.90,25.90,25.90,25.90,25.90,25.90,26.10,25.80,25.90,26.00,25.90,26.00,25.90,25.80,25.90,25.80,25.90,26.00,26.10,26.10,25.90,25.90,26.00,26.10,26.10,26.10,26.10,25.90,26.00,26.00,26.00,26.10,26.10,25.90,25.60,25.90,26.10,26.00,25.80,25.90,26.10,26.00,26.10,26.00,25.90,25.90,25.90,25.90,25.90,25.80,25.80,25.80,25.80,25.80,25.80,25.80,25.80,25.90,26.00,25.90,25.90,25.90,25.90,25.80,25.80,25.80,25.80,25.80,25.80,25.90,25.90,25.80,25.80,25.70,25.90,25.90
26.40,26.40,26.40,26.30,26.20,26.20,26.20,26.20,26.40,26.50,26.50,26.40,26.50,26.60,26.80,26.90,26.60,26.60,26.50,26.40,26.40,26.20,25.90,25.90,25.50,25.30,25.20,25.10,25.10,25.10,25.10,25.10,25.20,25.20,25.20,25.40,25.50,25.80,26.20,26.20,26.20,26.30,26.20,26.20,26.20,26.20,26.20,26.00,26.10,26.20,26.20,25.80,26.00,26.10,26.10,26.00,26.10,25.70,25.60,25.80,25.90,25.90,25.60,25.50,25.60,25.60,25.70,25.70,25.50,25.50,25.60,25.50,25.50,25.40,25.40,25.50,25.40,25.40,25.30,25.50,25.60,25.50,25.40,25.00,25.30,25.20,25.40,25.20,25.10,25.40,25.30,25.30,25.20,25.40,25.20,25.40,25.30,25.10,25.10,25.50,25.40,25.50,25.20,25.20,25.20,25.10,25.20,25.20,25.20,25.30,25.40,25.40,25.30,25.50,25.60,25.40,25.40,25.50,25.50,25.50,25.60,25.40,25.30,25.30,25.50,25.40,25.30,25.40,25.50,25.40,25.30,25.20,25.10,25.10,25.20,25.20,25.30,25.20,25.00,25.10,25.20,25.20,25.10,25.20,25.20,25.20,25.10,25.10,25.20,25.20,25.30,25.40,25.40,25.40,25.40,25.20,25.20,25.20,25.30,25.50,25.40,25.30,25.10,25.50,25.50,25.80,26.20,26.30,26.20,26.30,26.20,26.10,26.40,26.40,26.40,26.70,27.00,27.40,27.30,27.40,27.70,27.70,27.90,27.60,27.20,27.10,27.10,27.10,26.70,25.90,25.60,25.40,25.20,25.40,25.30,25.70,25.50,25.40,25.50,25.20,25.50,25.60,26.10,26.70,26.50,26.50,26.30,26.20,26.40,26.40,26.20,26.40,26.40,26.20,26.20,26.20,26.60,26.40,26.40,26.20,26.40,26.40,26.40,26.40,26.30,26.20,26.40,26.10,26.40,26.30,26.30,26.20,26.40,26.40,26.50,26.40,26.60,26.60,26.50,26.50,26.60,26.50,26.60,26.60,26.70,26.60,26.60,26.60,26.50,26.70,26.60,26.50,26.70,26.60,26.60,26.40,26.30,26.40,26.60,26.60,26.40,26.40,26.30,26.20,26.40,26.40,26.20,26.30,26.10,26.20,26.10,26.40,25.90,25.90,25.90,25.60,25.70,25.70,25.80,25.60,25.60,25.90,25.90,26.00,26.00,25.80,25.90,25.80,25.90,25.60,25.60,25.60,25.50,25.60,25.60,25.40,25.50,25.40,25.50,25.70,25.50,25.60,25.80,25.70,25.60,25.70,25.70,25.90,25.90,25.80,25.90,25.90,25.80,25.90,26.20,26.20,26.10,26.00,26.10,26.10,25.80,25.90,26.00,25.90,25.90,25.90,25.90,25.80,25.70,25.90,26.10,26.10,25.90,26.00,26.00,26.00,25.80,26.10,26.10,26.10,26.00,25.80,26.00,26.20,26.10,25.90,25.90,25.90,26.10,26.10,26.10,26.00,26.00,26.00,25.90,25.90,25.90,25.90,26.00,25.90,25.80,25.90,25.90,25.90,26.00,26.00,25.90,25.80,25.80,25.90,25.70,25.60,25.80,25.70,25.60,25.80,25.80,25.80,25.80,25.80,25.70,25.80
26.20,26.20,26.20,26.20,26.20,26.30,26.10,26.10,26.40,26.50,26.50,26.20,26.30,26.40,26.40,26.40,26.20,26.50,26.60,26.40,26.40,26.40,26.20,25.90,25.80,25.40,25.40,25.30,25.20,25.00,24.90,24.90,25.10,25.00,25.10,25.20,25.40,25.50,25.90,25.80,26.10,26.20,26.20,26.20,26.30,26.30,26.20,26.10,26.10,26.10,26.10,25.80,26.10,26.10,26.00,25.90,25.60,25.80,25.80,25.60,25.70,25.80,25.70,25.50,25.50,25.50,25.40,25.50,25.50,25.70,25.50,25.10,25.50,25.70,25.60,25.50,25.50,25.40,25.40,25.60,25.50,25.50,25.40,25.40,25.60,25.50,25.20,25.20,25.30,25.40,25.40,25.20,25.20,25.40,25.10,25.40,25.30,25.10,25.30,25.20,25.20,25.20,25.10,25.10,25.40,25.40,25.30,25.20,25.30,25.50,25.40,25.40,25.20,25.50,25.60,25.50,25.60,25.70,25.60,25.60,25.40,25.50,25.40,25.40,25.40,25.50,25.50,25.30,25.40,25.40,25.30,25.10,25.10,25.20,25.20,25.10,25.10,25.20,25.20,25.10,25.20,25.10,25.20,25.20,25.30,25.20,25.10,25.40,25.20,25.30,25.30,25.20,25.30,25.40,25.10,25.30,25.50,25.40,25.30,25.40,25.50,25.60,25.40,25.40,25.60,25.90,26.20,26.40,26.30,26.40,26.10,26.20,26.40,26.20,26.50,26.60,27.00,27.20,27.30,27.40,27.40,27.50,27.40,27.30,27.10,27.00,27.10,27.00,26.90,26.20,25.60,25.40,25.40,25.60,25.50,25.80,25.70,25.60,25.60,25.50,25.70,25.80,25.90,26.60,26.60,26.40,26.30,26.30,26.30,26.20,26.30,26.40,26.20,26.40,26.30,26.20,26.40,26.40,26.40,26.50,26.50,26.20,26.30,26.40,26.40,26.60,26.40,26.50,26.40,26.40,26.50,26.40,26.40,26.50,26.40,26.40,26.70,26.60,26.70,26.60,26.60,26.60,26.60,26.60,26.70,26.50,26.70,26.60,26.70,26.60,26.60,26.60,26.60,26.60,26.60,26.50,26.40,26.60,26.60,26.40,26.50,26.20,26.40,26.30,26.40,26.50,26.30,26.20,26.20,26.30,26.10,26.40,26.10,26.00,26.20,26.00,25.90,25.80,25.70,25.90,25.90,25.80,25.90,26.00,26.00,25.90,26.10,26.10,26.10,25.80,25.70,25.80,25.70,25.70,25.80,25.90,25.60,25.80,25.90,25.50,25.70,25.60,25.70,25.80,25.50,25.60,25.60,25.60,25.80,25.80,25.70,26.10,25.80,25.90,26.10,26.00,26.00,26.00,25.90,26.10,26.00,25.90,26.00,25.90,25.90,26.20,25.90,25.90,26.00,26.10,26.10,26.20,26.10,26.10,26.00,25.80,25.70,25.90,26.00,26.00,26.20,25.90,25.80,25.80,26.00,25.80,25.90,25.90,26.10,26.20,26.20,26.10,26.00,25.90,25.90,25.90,25.80,25.80,26.00,26.00,25.80,26.00,26.00,25.90,26.00,25.80,25.60,25.70,25.80,25.90,25.90,25.80,25.80,25.70,25.60,25.80,25.90,25.80,25.90,25.90,25.80,25.80
26.10,26.30,26.50,26.60,26.40,26.30,26.10,26.10,26.30,26.40,26.50,26.30,26.40,26.40,26.70,26.70,26.60,26.60,26.60,26.50,26.50,26.40,26.30,26.20,26.10,25.50,25.50,25.40,25.20,25.30,25.10,24.80,24.70,24.90,24.90,25.10,25.20,25.40,25.60,25.70,25.90,26.10,26.00,25.90,26.00,26.10,26.20,26.10,26.10,26.10,26.10,26.00,25.90,25.90,25.90,25.90,25.80,25.60,25.80,25.60,25.60,25.70,25.60,25.50,25.70,25.60,25.60,25.60,25.70,25.70,25.50,25.50,25.50,25.40,25.30,25.50,25.50,25.40,25.50,25.50,25.40,25.50,25.50,25.40,25.50,25.40,25.40,25.40,25.10,25.50,25.30,25.40,25.40,25.30,25.30,25.50,25.40,25.50,25.20,25.40,25.10,25.10,25.40,25.40,25.20,25.40,25.40,25.40,25.40,25.40,25.30,25.20,25.10,25.60,25.50,25.50,25.40,25.60,25.50,25.60,25.50,25.50,25.60,25.50,25.40,25.60,25.40,25.50,25.40,25.40,25.20,25.10,25.20,25.10,25.40,25.20,25.20,25.10,25.20,25.10,25.20,25.10,24.90,24.90,25.10,25.10,25.00,25.40,25.20,25.20,25.30,25.30,25.40,25.40,25.50,25.40,25.50,25.50,25.50,25.60,25.70,25.60,25.50,25.70,25.80,26.10,26.40,26.50,26.40,26.50,26.20,26.40,26.40,26.40,26.50,26.40,26.60,27.00,27.10,27.20,27.20,27.30,26.90,26.90,27.00,26.90,27.00,27.00,26.70,26.60,25.80,25.50,26.00,26.20,25.80,25.90,26.20,25.90,25.80,25.80,25.80,25.90,26.10,26.40,26.40,26.40,26.40,26.30,26.30,26.20,26.40,26.60,26.40,26.40,26.40,26.20,26.20,26.40,26.40,26.20,26.30,26.50,26.40,26.40,26.40,26.30,26.40,26.50,26.40,26.20,26.50,26.50,26.20,26.40,26.50,26.30,26.70,26.60,26.60,26.70,26.70,26.70,26.60,26.60,26.70,26.70,26.60,26.60,26.60,26.50,26.60,26.70,26.60,26.60,26.40,26.30,26.40,26.50,26.40,26.40,26.40,26.50,26.40,26.30,26.70,26.40,26.40,26.20,26.30,26.30,26.30,26.10,26.30,26.10,26.20,26.00,25.90,25.80,25.70,25.90,26.00,26.00,25.90,26.10,25.90,25.90,26.10,25.90,26.10,26.10,26.00,26.00,26.20,25.90,26.10,25.80,25.90,25.90,25.90,25.90,25.80,25.70,25.80,25.80,25.70,25.60,25.70,25.80,25.90,25.90,25.60,25.80,25.60,25.90,25.90,25.90,25.90,25.90,25.90,26.00,26.00,26.10,25.90,25.90,25.80,25.80,25.80,25.90,25.90,26.00,26.10,26.10,26.00,26.00,25.90,25.80,25.80,25.80,26.00,26.10,25.80,25.90,25.90,25.90,26.00,26.00,26.00,26.00,25.90,26.00,26.00,25.90,25.80,25.80,26.10,26.10,26.10,26.10,25.90,25.90,25.90,25.90,26.00,26.10,26.10,26.10,25.80,25.90,26.00,26.20,26.20,25.90,25.80,25.80,25.90,25.80,25.90,25.60,25.80,25.90,25.90,25.90
26.30,26.40,26.30,26.10,26.20,26.30,26.20,26.20,26.30,26.30,26.30,26.50,26.50,26.40,26.40,26.40,26.40,26.40,26.50,26.70,26.50,26.40,26.40,26.30,26.10,26.00,25.80,25.60,25.40,25.20,25.20,25.30,24.80,24.70,24.80,24.90,25.20,25.20,25.20,25.40,25.80,26.00,25.90,26.20,26.10,26.20,26.30,26.00,26.10,26.10,26.10,26.10,25.80,25.80,25.90,25.90,25.60,25.80,25.70,25.80,25.90,25.80,25.60,25.50,25.80,25.60,25.60,25.50,25.50,25.60,25.50,25.40,25.50,25.40,25.50,25.60,25.50,25.50,25.50,25.50,25.40,25.40,25.60,25.40,25.40,25.40,25.20,25.30,25.60,25.20,25.50,25.40,25.40,25.30,25.50,25.50,25.50,25.50,25.40,25.50,25.50,25.40,25.40,25.30,25.40,25.40,25.30,25.40,25.30,25.30,25.30,25.20,25.10,25.50,25.60,25.50,25.40,25.40,25.60,25.60,25.80,25.60,25.50,25.60,25.40,25.50,25.40,25.40,25.40,25.40,25.40,25.20,25.30,25.20,25.30,25.40,25.30,25.20,25.00,25.10,25.20,25.10,25.10,25.10,25.00,25.20,25.20,25.20,25.10,25.40,25.30,25.50,25.50,25.50,25.50,25.50,25.60,25.60,25.70,25.60,25.80,25.80,25.60,25.90,26.20,26.40,26.90,27.10,27.30,26.90,26.40,26.60,26.60,26.30,26.40,26.60,26.40,27.00,26.90,27.40,27.30,26.90,26.70,26.40,26.90,26.70,26.70,26.70,26.40,26.60,26.10,25.80,26.10,26.20,25.80,26.40,26.10,26.10,26.00,25.90,25.90,25.90,26.00,26.40,26.70,26.40,26.20,26.20,26.40,26.20,26.40,26.50,26.50,26.50,26.40,26.40,26.40,26.30,26.40,26.60,26.50,26.60,26.60,26.50,26.60,26.40,26.60,26.40,26.60,26.50,26.50,26.60,26.30,26.60,26.50,26.60,26.70,26.60,26.60,26.70,26.50,26.70,26.80,26.70,26.80,26.80,26.60,26.60,26.70,26.40,26.50,26.60,26.60,26.60,26.60,26.40,26.60,26.70,26.60,26.40,26.40,26.20,26.10,26.40,26.50,26.50,26.50,26.50,26.40,26.30,26.30,26.30,26.20,26.30,26.20,26.10,26.10,26.10,25.90,25.90,25.90,25.80,26.00,26.10,26.20,26.20,25.90,26.00,26.10,26.10,26.10,26.20,26.10,25.90,25.90,25.70,25.70,25.90,26.10,25.80,26.10,26.00,25.80,25.80,25.80,25.70,25.80,25.90,25.80,25.90,26.00,25.90,25.90,25.90,26.00,25.90,25.90,26.00,25.90,25.90,26.00,26.10,26.10,26.00,26.10,25.90,25.90,25.80,25.80,25.80,25.90,25.90,25.90,25.90,25.80,25.90,25.90,26.10,26.10,25.90,25.90,25.90,26.00,26.00,26.10,26.10,26.10,26.10,26.00,25.90,25.80,26.10,26.00,25.90,26.10,26.10,26.00,25.90,25.80,25.70,25.90,25.80,25.70,25.90,26.00,26.00,25.60,25.80,25.90,26.10,26.00,25.90,25.80,25.90,26.00,26.00,25.80,25.70,25.80,25.90,25.80,25.60
26.30,26.30,26.20,26.10,26.40,26.40,26.20,26.30,26.30,26.20,26.40,26.70,26.50,26.40,26.40,26.30,26.30,26.50,26.40,26.30,26.40,26.40,26.40,26.20,26.30,26.40,25.90,26.00,25.90,25.50,25.50,25.40,25.20,25.20,25.10,25.10,25.00,24.90,24.90,25.30,25.70,25.70,25.80,25.90,26.10,26.20,26.10,25.80,26.00,26.10,26.10,25.90,25.90,25.90,25.60,25.60,25.90,26.00,25.90,25.90,25.80,25.70,25.60,25.60,25.60,25.60,25.60,25.70,25.70,25.60,25.50,25.60,25.40,25.80,25.50,25.60,25.50,25.50,25.50,25.50,25.60,25.50,25.70,25.60,25.40,25.60,25.80,25.80,25.60,25.50,25.60,25.50,25.40,25.40,25.50,25.50,25.50,25.20,25.60,25.40,25.30,25.50,25.50,25.50,25.50,25.40,25.40,25.40,25.30,25.20,25.50,25.40,25.30,25.60,25.50,25.50,25.40,25.50,25.30,25.50,25.50,25.40,25.60,25.60,25.50,25.60,25.40,25.50,25.30,25.40,25.30,25.30,25.40,25.40,25.30,25.40,25.40,25.30,25.10,25.20,25.30,25.10,25.00,25.20,25.20,25.00,25.30,25.20,25.30,25.30,25.60,25.40,25.60,25.60,25.50,25.80,25.60,25.70,25.80,25.60,25.80,25.90,25.90,26.10,26.70,27.10,27.90,28.10,28.70,27.90,26.90,26.60,26.40,26.50,26.60,26.70,26.40,27.00,27.30,27.60,27.60,27.10,26.40,25.90,26.30,26.70,26.70,26.50,26.10,26.50,26.30,26.10,26.30,26.40,26.20,26.40,26.40,26.10,26.20,25.90,25.90,26.40,26.40,26.60,26.50,26.70,26.30,26.10,26.40,26.20,26.60,26.40,26.40,26.60,26.40,26.40,26.60,26.60,26.60,26.70,26.50,26.60,26.60,26.60,26.60,26.60,26.70,26.40,26.60,26.60,26.60,26.60,26.40,26.60,26.70,26.70,26.70,26.70,26.70,26.90,26.90,26.70,26.70,26.70,26.80,26.70,26.70,26.70,26.70,26.50,26.60,26.70,26.60,26.60,26.80,26.60,26.40,26.40,26.40,26.50,26.60,26.20,26.60,26.30,26.40,26.70,26.40,26.50,26.60,26.50,26.20,26.40,26.30,26.30,26.40,26.10,26.10,26.10,25.90,25.80,25.80,26.10,26.10,26.10,26.10,25.90,26.00,26.20,26.10,26.00,26.10,26.10,26.00,26.10,26.10,26.10,26.10,26.10,25.90,26.00,26.00,25.80,25.80,25.90,25.80,25.80,25.80,25.80,25.80,25.70,25.80,25.90,25.80,25.80,25.80,25.90,25.90,25.90,26.00,25.90,26.00,26.10,26.10,26.20,25.90,26.20,25.90,25.90,25.90,25.90,25.80,26.00,25.90,25.90,25.90,26.10,25.90,25.80,25.80,25.90,25.80,25.90,26.00,26.00,26.20,26.10,25.90,26.00,26.00,25.90,25.70,26.10,26.10,26.00,25.80,26.00,26.10,25.80,25.80,25.80,25.90,25.80,25.80,25.60,25.80,25.90,25.90,26.00,25.90,25.80,25.80,25.90,25.80,25.80,25.70,25.80,25.80,25.70,25.70,25.90,25.80,25.80
26.20,26.10,26.10,26.10,26.20,26.10,25.90,26.10,26.20,26.40,26.60,26.60,26.40,26.40,26.50,26.50,26.60,26.50,26.40,26.40,26.50,26.40,26.30,26.40,26.40,26.60,26.40,26.40,26.40,25.80,25.60,25.40,25.00,24.90,25.00,25.10,24.90,24.80,24.90,25.00,25.40,25.40,25.60,25.80,26.00,26.10,26.10,25.80,25.90,26.00,26.00,25.90,25.80,25.80,25.80,25.90,25.60,25.40,25.80,25.70,25.60,25.60,25.60,25.60,25.50,25.70,25.70,25.50,25.40,25.40,25.60,25.60,25.60,25.60,25.60,25.80,25.60,25.50,25.50,25.60,25.70,25.70,25.50,25.50,25.40,25.40,25.50,25.50,25.60,25.50,25.60,25.60,25.60,25.60,25.50,25.60,25.50,25.60,25.50,25.70,25.50,25.50,25.30,25.20,25.40,25.40,25.50,25.40,25.50,25.20,25.50,25.60,25.50,25.60,25.60,25.40,25.50,25.80,25.60,25.50,25.90,25.60,25.40,25.50,25.50,25.60,25.50,25.50,25.50,25.50,25.40,25.40,25.20,25.40,25.30,25.40,25.30,25.20,25.30,25.40,25.20,25.10,25.10,25.10,25.10,25.10,25.20,25.10,25.40,25.50,25.60,25.40,25.60,25.50,25.80,25.80,25.60,25.80,25.80,25.60,25.90,26.20,26.40,26.70,27.60,28.20,28.90,29.30,29.60,29.00,27.70,26.60,26.20,26.00,26.20,26.20,26.10,26.40,27.40,28.00,28.00,27.70,26.60,25.90,26.20,26.50,26.30,26.60,26.20,26.50,26.40,26.20,26.30,26.30,26.50,26.10,26.20,25.90,26.20,26.10,26.10,26.10,26.40,26.50,26.60,26.20,26.40,26.40,26.20,26.20,26.20,26.40,26.50,26.50,26.40,26.60,26.70,26.60,26.60,26.40,26.60,26.40,26.60,26.50,26.60,26.60,26.60,26.60,26.60,26.70,26.60,26.60,26.60,26.60,26.60,26.70,26.70,26.60,26.70,26.70,26.80,26.60,26.80,26.60,26.60,26.70,26.90,26.70,26.70,26.70,26.60,26.70,26.70,26.70,26.70,26.50,26.60,26.50,26.40,26.60,26.60,26.40,26.60,26.60,26.60,26.60,26.40,26.30,26.20,26.50,26.20,26.40,26.40,26.50,26.40,26.20,26.10,26.10,26.10,26.10,26.00,25.90,26.10,26.10,26.20,26.10,26.10,26.20,26.10,26.00,26.20,26.10,25.90,26.10,26.10,26.10,26.10,26.20,26.10,25.80,26.00,26.20,26.00,25.90,25.90,25.80,25.80,25.90,25.90,25.90,25.90,25.90,26.20,26.00,25.90,26.00,26.10,25.90,25.90,26.00,25.90,25.90,25.90,25.90,25.90,26.10,25.90,25.90,25.90,25.90,25.90,26.10,25.90,25.80,25.80,26.10,25.90,25.90,26.00,26.00,25.90,25.90,26.10,26.00,26.10,26.10,26.00,25.80,25.90,25.90,26.00,26.20,26.10,25.90,25.80,25.90,25.90,25.90,26.10,26.10,25.90,25.90,25.90,25.90,25.90,26.00,25.90,25.90,25.90,25.80,25.80,26.10,25.90,25.80,25.80,25.80,25.80,25.80,25.70,25.70,25.80,25.80
26.10,26.00,26.10,26.00,26.10,26.10,26.10,26.20,26.20,26.30,26.30,26.20,26.40,26.40,26.50,26.60,26.60,26.60,26.60,26.70,26.70,26.60,26.60,26.40,26.70,26.90,26.70,26.70,26.60,26.20,26.10,25.90,25.40,25.10,25.10,25.10,24.90,24.90,24.80,24.80,25.10,25.20,25.40,25.60,25.80,25.90,26.10,26.20,26.00,26.10,25.90,25.80,25.80,25.80,25.90,25.60,25.60,25.70,25.60,25.60,25.80,25.70,25.50,25.50,25.50,25.70,25.40,25.50,25.60,25.50,25.60,25.60,25.90,25.50,25.70,25.70,25.60,25.60,25.60,25.60,25.60,25.70,25.80,25.60,25.50,25.60,25.60,25.60,25.90,25.60,25.60,25.60,25.70,25.50,25.60,25.60,25.40,25.50,25.60,25.50,25.50,25.50,25.50,25.70,25.50,25.50,25.80,25.50,25.50,25.50,25.40,25.60,25.70,25.60,25.50,25.60,25.50,25.80,25.50,25.20,25.40,25.50,25.50,25.40,25.50,25.50,25.50,25.50,25.50,25.50,25.50,25.40,25.10,25.30,25.50,25.40,25.40,25.20,25.20,25.40,25.20,25.10,25.20,25.20,25.10,25.10,25.10,25.20,25.20,25.20,25.40,25.50,25.60,25.50,25.80,25.70,25.80,25.90,25.70,26.00,26.20,26.60,27.30,27.80,28.60,29.30,29.60,30.00,29.90,29.80,28.80,27.30,26.20,25.50,25.40,25.40,25.50,25.90,26.90,27.90,28.30,28.20,27.10,26.20,25.80,26.40,26.50,26.40,26.20,26.50,26.40,26.40,26.00,26.20,26.00,26.20,26.30,25.90,26.10,26.20,26.50,26.20,26.10,26.60,26.40,26.20,26.20,26.30,26.30,26.20,26.40,26.40,26.60,26.40,26.20,26.30,26.30,26.40,26.60,26.40,26.60,26.50,26.80,26.60,26.50,26.70,26.70,26.70,26.60,26.70,26.70,26.50,26.70,26.60,26.60,26.60,26.70,26.60,26.80,26.70,26.60,26.60,26.70,27.00,26.90,26.80,26.90,26.60,26.60,26.80,26.90,26.60,26.70,26.70,26.70,26.40,26.80,26.70,26.60,26.60,26.40,26.60,26.70,26.30,26.60,26.50,26.50,26.60,26.60,26.40,26.40,26.40,26.60,26.40,26.40,26.20,26.10,26.20,26.00,25.90,26.00,25.90,25.90,26.20,26.10,26.00,25.90,26.10,26.20,26.10,26.10,26.20,26.10,26.20,26.10,25.90,26.00,26.10,26.00,25.90,26.00,26.20,26.20,26.00,25.90,25.90,25.80,26.00,26.00,26.00,25.80,26.00,26.00,25.90,26.00,25.90,25.90,25.90,25.90,26.00,26.10,26.10,25.90,26.00,26.00,25.90,26.00,26.10,26.10,25.90,26.00,25.90,25.90,25.90,26.00,25.90,26.00,26.00,25.80,25.90,25.90,25.90,25.90,26.00,26.10,26.10,26.00,26.10,25.90,25.80,25.90,25.90,26.10,26.10,26.10,25.90,25.80,25.90,25.90,25.90,26.00,25.90,25.80,26.00,26.00,26.00,26.00,25.90,25.90,25.90,26.00,26.20,26.20,26.10,25.90,25.90,25.90,25.80,25.80,25.70,25.80,26.00
26.00,26.00,26.00,26.00,26.10,26.00,25.90,26.10,26.20,26.20,26.20,26.20,26.20,26.30,26.40,26.60,26.60,26.80,26.60,26.60,26.90,26.90,26.90,27.00,27.10,27.00,26.80,26.70,26.70,26.70,26.40,26.20,25.90,25.40,25.40,25.20,24.80,24.80,24.80,24.90,25.00,25.10,25.20,25.50,25.60,25.70,26.10,26.20,26.00,26.30,26.10,25.90,25.90,25.80,25.70,25.70,25.70,25.50,25.50,25.80,25.60,25.50,25.40,25.50,25.50,25.60,25.40,25.60,25.50,25.50,25.50,25.50,25.60,25.60,25.50,25.60,25.50,25.60,25.60,25.60,25.60,25.60,25.60,25.60,25.60,25.60,25.60,25.60,25.60,25.60,25.80,25.80,25.80,25.60,25.70,25.60,25.50,25.50,25.50,25.60,25.60,25.50,25.60,25.60,25.60,25.50,25.80,25.60,25.50,25.70,25.60,25.60,25.50,25.40,25.40,25.50,25.60,25.50,25.70,25.50,25.20,25.60,25.50,25.30,25.40,25.40,25.20,25.40,25.40,25.40,25.50,25.10,25.50,25.40,25.40,25.30,25.40,25.30,25.40,25.40,25.20,25.20,25.40,25.20,25.20,25.20,25.20,25.20,25.20,25.10,25.40,25.40,25.50,25.70,25.90,25.60,25.90,26.00,26.00,26.20,27.10,27.80,28.70,29.00,29.70,30.20,30.50,30.20,30.00,29.70,29.20,27.90,26.50,25.40,25.20,24.80,24.80,25.20,26.50,27.80,28.40,28.20,27.40,26.20,26.10,26.20,26.40,26.30,26.30,26.40,26.10,26.10,26.20,26.00,26.10,26.00,26.20,26.10,26.20,26.10,26.10,26.20,26.40,26.40,26.30,26.20,26.30,26.50,26.20,26.30,26.50,26.50,26.10,26.60,26.40,26.50,26.10,26.40,26.60,26.60,26.60,26.60,26.60,26.70,26.80,26.70,26.60,26.70,26.80,26.70,26.80,26.60,26.70,26.80,26.60,26.70,26.70,26.70,26.70,26.80,26.70,26.80,26.80,26.80,26.80,27.30,26.70,26.70,26.80,27.00,26.60,26.60,26.80,26.70,26.70,26.60,26.60,26.40,26.60,26.60,26.60,26.70,26.50,26.50,26.40,26.70,26.40,26.40,26.60,26.50,26.50,26.40,26.60,26.40,26.30,26.10,25.80,26.00,26.00,26.00,26.10,25.80,25.80,25.90,26.20,26.10,26.10,26.20,26.20,26.10,26.20,26.20,26.20,26.20,26.20,26.00,26.00,25.90,26.00,26.20,26.10,26.10,26.10,26.10,26.00,26.20,25.90,26.20,26.10,26.10,26.10,26.20,26.20,26.00,25.90,26.10,26.00,25.90,25.90,26.00,26.00,25.90,26.10,26.20,25.90,26.00,26.00,25.90,25.90,25.90,26.10,25.90,25.80,25.90,26.10,25.90,26.00,26.10,25.90,26.20,26.10,26.00,26.00,25.90,26.10,26.10,25.70,26.10,26.10,26.00,25.90,26.10,26.10,26.10,26.20,26.10,25.80,25.90,26.00,26.10,25.90,25.80,25.80,25.80,25.90,25.90,26.00,26.00,26.00,25.80,25.60,25.60,25.60,25.80,25.70,25.70,25.90,25.90,25.90,25.80,25.90,26.10
25.80,25.80,26.00,26.10,26.10,25.90,25.80,26.00,26.10,26.10,26.20,26.20,26.20,26.10,26.00,26.50,26.70,26.70,26.30,26.50,26.70,26.80,26.90,26.90,27.10,27.20,27.10,27.10,27.00,27.10,26.80,26.70,26.60,25.90,25.60,25.20,25.10,25.10,25.10,25.10,25.10,24.90,25.10,25.10,25.30,25.50,25.60,25.80,26.00,26.30,26.10,25.90,25.90,25.80,25.90,25.70,25.50,25.50,25.50,25.50,25.50,25.50,25.50,25.50,25.40,25.50,25.40,25.40,25.40,25.50,25.40,25.40,25.50,25.50,25.50,25.60,25.50,25.70,25.60,25.60,25.60,25.50,25.60,25.60,25.60,25.60,25.80,25.60,25.50,25.70,25.80,25.80,25.80,25.80,25.70,25.70,25.80,25.80,25.70,25.60,25.70,25.70,25.60,25.70,25.50,25.50,25.80,25.60,25.50,25.60,25.70,25.50,25.40,25.50,25.50,25.40,25.40,25.50,25.20,25.40,25.30,25.40,25.20,25.30,25.20,25.40,25.10,25.40,25.40,25.30,25.30,25.20,25.50,25.40,25.30,25.20,25.30,25.50,25.40,25.40,25.40,25.50,25.40,25.20,25.30,25.20,25.10,25.10,25.10,25.10,25.20,25.40,25.30,25.40,25.60,25.70,25.90,26.10,26.50,27.10,27.80,28.80,29.30,29.70,30.10,30.20,30.20,29.80,29.80,29.00,27.60,26.70,25.50,24.90,24.40,24.30,24.30,24.60,25.80,27.20,28.20,28.30,27.60,26.60,26.00,26.10,26.40,26.40,26.10,26.40,26.30,26.30,26.10,25.90,26.00,26.10,25.80,25.80,26.10,26.00,26.10,25.90,26.40,26.30,26.30,26.30,26.40,26.20,26.40,26.40,26.20,26.60,26.40,26.40,26.50,26.40,26.40,26.50,26.50,26.40,26.50,26.60,26.60,26.70,26.40,26.70,26.60,26.50,26.90,26.60,26.90,26.70,26.60,26.60,26.70,26.90,26.70,26.80,26.70,26.80,27.00,26.70,26.90,27.00,26.90,26.70,26.90,26.80,27.00,26.90,26.80,26.80,26.70,26.70,26.70,26.60,26.40,26.50,26.50,26.70,26.70,26.80,26.60,26.60,26.50,26.60,26.40,26.50,26.50,26.40,26.40,26.50,26.50,26.60,26.40,26.20,26.10,26.20,26.20,26.10,26.00,26.00,26.00,26.10,26.10,26.00,25.90,26.10,26.10,26.00,26.20,26.10,26.20,26.10,26.10,26.10,26.20,26.20,26.10,26.10,26.10,26.10,26.20,26.00,26.00,26.00,26.00,26.20,25.90,26.10,25.90,25.80,25.90,25.90,25.90,26.00,26.00,26.00,26.10,26.10,26.10,26.10,26.10,25.90,26.10,25.90,25.90,26.00,26.00,26.10,26.10,26.10,26.10,26.10,25.60,25.90,26.00,25.90,25.90,26.20,26.10,26.00,26.10,26.00,25.90,25.90,26.00,26.10,26.10,25.90,25.80,25.90,26.10,26.10,26.10,26.10,25.90,25.90,26.00,26.00,26.10,26.10,26.20,26.10,25.90,25.90,25.90,25.90,26.20,26.10,25.90,26.10,26.10,25.90,25.90,25.80,25.90,25.90,25.90,25.80,25.70,25.60
25.90,26.10,25.90,25.90,25.90,25.90,25.90,26.00,26.10,26.10,26.30,26.40,26.10,26.10,26.20,26.50,26.50,26.60,26.40,26.60,26.70,26.70,26.90,27.00,27.40,27.30,27.00,27.10,27.10,27.10,27.30,27.10,27.00,26.60,25.90,25.60,25.50,25.10,25.00,24.90,25.10,24.90,24.80,24.80,25.10,25.20,25.40,25.80,25.90,26.10,26.00,25.90,25.80,25.90,25.90,25.40,25.40,25.50,25.40,25.60,25.70,25.50,25.30,25.30,25.50,25.40,25.40,25.30,25.40,25.20,25.40,25.40,25.20,25.20,25.20,25.30,25.60,25.60,25.60,25.70,25.60,25.60,25.80,25.70,25.60,25.60,25.60,25.60,25.70,25.60,25.60,25.60,25.70,25.70,25.60,25.50,25.50,25.60,25.60,25.70,25.80,25.70,25.50,25.60,25.50,25.60,25.70,25.60,25.50,25.40,25.70,25.40,25.40,25.50,25.50,25.40,25.60,25.50,25.20,25.20,25.40,25.40,25.30,25.40,25.20,25.40,25.40,25.30,25.40,25.60,25.40,25.40,25.40,25.50,25.50,25.30,25.50,25.40,25.40,25.30,25.50,25.40,25.30,25.30,25.20,25.30,25.20,25.10,25.10,25.20,25.10,25.10,25.30,25.30,25.50,25.60,25.80,25.90,26.40,27.10,28.00,28.80,29.70,30.10,30.10,30.20,30.10,29.60,28.70,27.10,26.20,25.50,24.90,24.60,24.10,24.10,24.10,24.40,25.30,27.00,27.90,28.10,27.60,27.00,26.20,25.90,26.20,26.40,26.00,26.20,26.20,26.20,26.10,25.90,26.00,25.90,25.90,26.00,26.10,25.90,26.10,26.30,26.50,26.40,26.50,26.60,26.40,26.40,26.40,26.40,26.40,26.40,26.40,26.40,26.40,26.60,26.60,26.60,26.60,26.70,26.60,26.60,26.70,26.60,26.60,26.70,26.80,26.70,26.60,26.70,26.90,26.90,26.90,26.70,27.00,26.90,26.70,27.00,26.80,26.80,26.90,26.70,26.70,26.90,26.70,27.00,26.90,26.90,26.90,27.00,26.80,26.60,26.70,26.80,26.80,26.70,26.80,26.70,26.70,26.80,26.70,26.80,26.70,26.60,26.60,26.60,26.60,26.40,26.40,26.50,26.60,26.70,26.60,26.60,26.30,26.30,26.40,26.20,26.10,25.90,26.00,26.10,25.90,25.80,26.00,26.10,26.20,26.20,26.10,26.10,26.10,26.20,26.10,26.10,26.10,26.00,26.10,26.10,26.10,26.10,26.10,26.10,26.20,26.10,25.90,25.90,26.10,26.00,26.00,25.80,25.90,25.80,25.80,26.00,26.10,26.10,26.00,26.00,26.20,26.10,26.10,26.00,26.10,26.10,26.20,26.00,25.90,25.90,26.20,26.10,26.10,25.90,26.00,26.10,26.10,26.10,26.10,26.10,25.90,26.10,26.20,26.20,25.90,25.90,25.90,25.80,25.70,25.80,26.00,26.20,26.00,25.90,26.00,26.10,26.10,25.90,25.90,25.80,25.80,26.00,25.90,25.90,26.20,26.10,26.10,25.90,25.90,25.80,25.90,25.90,25.90,26.10,26.10,25.90,25.90,25.90,26.10,25.90,25.70,25.80,25.90,25.90
25.80,25.70,25.90,25.90,25.80,25.80,25.90,26.10,26.10,26.10,26.40,26.40,26.20,26.40,26.40,26.40,26.60,26.70,26.60,26.80,26.90,26.70,26.90,26.90,27.30,27.30,27.30,27.20,27.10,27.20,27.40,27.40,27.20,27.10,26.30,26.20,25.80,25.50,25.20,25.20,25.30,24.90,24.70,24.80,24.90,24.90,25.20,25.20,25.50,25.80,25.80,25.60,25.70,25.90,25.60,25.50,25.50,25.50,25.40,25.30,25.40,25.40,25.40,25.50,25.40,25.20,25.40,25.20,25.50,25.40,25.20,25.20,25.30,25.30,25.40,25.40,25.60,25.30,25.50,25.80,25.40,25.50,25.50,25.40,25.50,25.70,25.50,25.50,25.60,25.60,25.60,25.50,25.50,25.50,25.50,25.60,25.70,25.80,25.70,25.70,25.60,25.70,25.60,25.40,25.60,25.60,25.70,25.50,25.60,25.40,25.30,25.30,25.40,25.40,25.40,25.40,25.10,25.30,25.10,25.20,25.30,25.40,25.40,25.40,25.40,25.60,25.50,25.60,25.60,25.80,25.40,25.60,25.60,25.70,25.50,25.40,25.60,25.50,25.50,25.50,25.40,25.40,25.40,25.20,25.30,25.20,25.40,25.00,25.20,25.30,25.20,25.30,25.20,25.30,25.20,25.50,25.40,25.40,25.20,25.80,27.10,28.20,29.20,29.70,30.00,29.50,29.00,28.10,27.20,25.70,25.10,24.80,24.60,24.10,24.10,24.20,24.20,24.20,24.80,26.40,27.30,27.90,27.60,27.00,26.60,26.10,26.30,26.20,26.00,26.20,26.10,26.20,26.10,26.10,25.90,25.80,25.90,26.10,25.90,26.20,26.20,26.40,26.40,26.60,26.20,26.60,26.30,26.40,26.40,26.20,26.50,26.40,26.30,26.40,26.40,26.40,26.40,26.60,26.40,26.50,26.60,26.40,26.70,26.40,26.70,26.70,26.90,26.70,26.60,26.60,26.90,26.90,26.80,26.80,26.70,27.00,26.90,27.10,26.80,26.90,26.90,27.00,26.70,26.90,26.90,26.90,27.10,26.80,26.90,26.90,27.00,26.70,26.70,26.90,26.90,26.70,26.70,26.80,26.70,26.70,26.70,26.80,26.80,26.70,26.70,26.40,26.40,26.20,26.60,26.70,26.60,26.60,26.40,26.50,26.50,26.40,26.40,26.20,26.20,26.10,25.90,25.70,25.80,26.10,26.10,26.10,26.10,26.20,26.10,26.10,26.20,26.20,26.20,26.20,26.20,26.20,26.30,26.40,26.20,26.10,26.20,26.20,26.20,26.10,26.10,25.90,26.10,26.00,26.20,26.20,26.10,26.10,26.00,25.90,26.20,26.00,26.00,26.10,26.20,26.20,26.10,26.10,26.10,26.20,26.10,25.90,25.90,26.10,26.10,26.00,26.20,26.20,25.90,26.00,26.20,26.20,26.20,26.20,26.10,26.10,26.20,26.30,26.10,26.10,26.10,25.90,25.90,25.80,25.80,26.10,26.10,26.10,26.00,26.00,26.10,26.30,26.10,26.10,26.00,25.90,25.90,25.80,26.00,25.90,25.90,25.90,26.10,26.10,26.20,26.20,26.10,26.00,25.90,26.00,26.00,25.90,26.10,26.10,25.80,25.90,25.90,26.10
25.70,25.70,25.80,25.70,25.70,26.00,26.10,26.00,26.10,26.20,26.20,26.10,26.10,26.40,26.30,26.30,26.50,26.50,26.50,26.90,26.90,26.80,26.90,26.90,27.10,26.90,26.90,27.30,27.50,27.50,27.30,27.40,27.40,27.30,27.10,26.80,26.40,25.90,25.40,25.20,25.30,25.00,25.00,25.00,25.00,24.90,25.10,25.20,25.40,25.40,25.60,25.60,25.80,25.70,25.50,25.50,25.50,25.50,25.50,25.30,25.10,25.10,25.10,25.10,25.20,25.40,25.30,25.40,25.40,25.40,25.50,25.50,25.40,25.40,25.40,25.30,25.40,25.30,25.50,25.60,25.30,25.60,25.70,25.60,25.60,25.50,25.50,25.50,25.50,25.50,25.60,25.50,25.50,25.60,25.80,25.90,25.80,25.70,25.60,25.70,25.80,25.60,25.90,25.50,25.60,25.60,25.60,25.50,25.40,25.40,25.30,25.40,25.40,25.40,25.30,25.20,25.50,25.20,25.10,25.10,25.40,25.40,25.40,25.40,25.40,25.40,25.50,25.60,25.60,25.70,25.60,25.40,25.70,25.60,25.60,25.50,25.40,25.50,25.50,25.40,25.40,25.50,25.50,25.20,25.40,25.20,25.20,25.30,25.00,25.00,25.20,25.20,25.20,25.10,25.40,25.30,25.30,25.30,25.10,25.40,25.90,26.90,27.70,28.50,28.90,28.20,27.30,26.50,25.40,25.00,24.60,24.30,24.20,24.10,24.10,24.20,24.30,24.40,24.80,25.80,26.70,27.60,27.60,27.10,26.60,26.20,26.20,26.20,26.10,26.20,26.10,26.20,26.20,26.00,25.90,25.70,25.80,25.90,26.00,26.10,26.20,26.40,26.30,26.40,26.30,26.40,26.20,26.40,26.40,26.20,26.40,26.10,26.50,26.50,26.40,26.60,26.30,26.60,26.40,26.60,26.70,26.60,26.60,26.60,26.60,26.60,26.60,26.60,26.80,26.70,26.70,26.70,26.30,26.50,26.70,26.80,27.00,26.90,27.00,26.90,26.90,26.90,26.70,26.90,26.90,26.90,27.00,27.00,27.00,27.10,26.90,27.00,26.90,26.90,26.70,26.60,26.70,26.80,26.90,26.70,26.70,26.70,26.70,26.60,26.60,26.60,26.60,26.70,26.50,26.40,26.40,26.60,26.60,26.50,26.40,26.20,26.30,26.10,26.20,26.20,25.90,26.10,26.00,25.90,25.90,25.90,25.90,25.90,26.10,26.20,26.30,26.20,26.20,26.20,26.20,26.10,25.90,26.10,26.10,26.20,26.20,26.10,26.20,26.20,26.20,25.90,26.00,26.10,26.10,26.20,26.20,26.30,26.20,26.00,26.10,26.00,25.90,26.20,26.20,26.10,26.00,26.00,26.20,26.10,25.90,25.90,26.10,26.10,26.10,26.00,25.90,25.90,25.90,26.00,26.00,26.20,26.40,26.10,26.10,26.10,26.10,26.10,26.40,26.40,26.20,26.10,26.00,25.90,25.90,25.90,26.00,26.00,25.90,25.90,25.90,25.80,25.90,25.90,26.00,25.80,25.80,25.80,25.90,26.10,26.20,26.10,26.10,26.20,26.10,26.10,26.10,26.00,25.90,26.00,25.90,25.80,25.90,26.10,26.10,26.00,25.90,26.00
25.80,25.80,25.70,25.70,25.70,25.70,25.80,25.80,26.10,26.10,26.00,26.00,26.10,26.50,26.40,26.40,26.40,26.40,26.40,26.70,26.80,26.90,26.90,26.90,27.00,26.90,27.10,27.40,27.30,27.20,27.10,27.40,27.40,27.40,27.40,27.10,26.90,26.20,25.70,25.60,25.40,25.20,25.10,25.10,25.00,24.90,24.90,25.00,24.90,25.10,25.30,25.50,25.50,25.50,25.50,25.40,25.30,25.40,25.40,25.30,25.40,25.50,25.40,25.30,25.40,25.40,25.20,25.40,25.20,25.40,25.40,25.20,25.20,25.40,25.30,25.10,25.40,25.30,25.50,25.60,25.40,25.50,25.60,25.40,25.60,25.60,25.60,25.40,25.50,25.70,25.60,25.60,25.70,25.60,25.50,25.50,25.80,25.80,25.60,25.60,25.60,25.60,25.60,25.50,25.50,25.40,25.40,25.20,25.40,25.30,25.40,25.40,25.40,25.30,25.40,25.40,25.20,25.30,25.30,25.50,25.50,25.60,25.50,25.60,25.60,25.50,25.50,25.60,25.50,25.70,25.80,25.70,25.60,25.60,25.70,25.80,25.60,25.50,25.60,25.40,25.50,25.50,25.40,25.40,25.40,25.40,25.20,25.30,25.40,25.20,25.20,25.10,25.10,24.90,25.10,24.90,25.20,25.10,25.10,25.00,25.10,25.60,26.30,27.00,27.30,26.50,25.60,25.20,24.90,24.70,24.40,24.30,24.40,24.30,24.30,24.40,24.30,24.60,24.90,25.50,26.40,27.00,27.20,27.10,26.70,26.20,26.10,26.10,26.10,26.10,26.10,26.10,26.10,25.80,25.80,25.90,26.00,25.90,25.90,26.20,26.40,26.30,26.20,26.40,26.50,26.40,26.20,26.30,26.50,26.50,26.40,26.30,26.40,26.40,26.40,26.60,26.40,26.40,26.40,26.40,26.40,26.60,26.60,26.40,26.50,26.60,26.70,26.40,26.40,26.80,26.70,26.80,26.60,26.70,26.80,26.70,26.90,26.60,27.00,26.70,27.00,26.80,26.90,26.90,26.90,26.90,26.80,27.10,26.90,26.80,27.00,26.80,26.90,26.90,27.00,26.70,26.80,26.60,26.70,26.80,26.70,26.70,26.60,26.70,26.70,26.80,26.70,26.70,26.60,26.60,26.50,26.40,26.60,26.60,26.40,26.60,26.40,26.20,26.10,26.20,26.10,26.10,26.10,26.10,25.90,26.20,26.20,26.20,26.20,26.20,26.20,26.20,26.20,26.20,26.30,26.20,26.20,26.20,26.20,26.20,26.20,26.20,25.90,26.20,26.10,26.10,26.10,26.10,26.00,25.90,26.00,26.10,26.10,26.10,26.10,26.10,26.10,26.10,26.10,26.20,26.20,25.70,25.90,26.30,26.10,26.00,26.10,26.10,26.10,26.10,26.00,26.00,26.00,26.10,26.20,26.20,26.40,26.00,26.10,26.10,25.90,26.10,26.00,26.10,26.20,25.90,26.10,26.10,26.10,26.10,26.10,26.10,26.20,25.90,25.80,26.10,26.00,26.00,26.10,25.90,25.90,26.10,26.10,26.10,26.00,25.90,25.80,25.90,25.90,25.80,26.00,26.00,26.10,26.00,26.00,26.10,26.00,25.90,26.10,26.10,26.00,26.10
25.90,25.90,25.70,25.70,25.70,25.80,25.80,25.80,25.80,26.00,26.20,26.20,26.20,26.50,26.40,26.40,26.50,26.60,26.70,26.90,27.00,27.10,27.00,26.90,26.90,26.80,27.00,27.20,27.30,27.30,27.40,27.40,27.40,27.40,27.40,27.30,27.00,26.80,26.30,26.00,25.60,25.40,24.80,24.80,24.90,24.90,24.90,24.90,25.00,25.00,25.20,25.20,25.40,25.40,25.20,25.30,25.20,25.40,25.30,25.40,25.50,25.40,25.20,25.40,25.50,25.40,25.20,25.40,25.20,25.40,25.40,25.40,25.40,25.30,25.20,25.30,25.40,25.30,25.50,25.60,25.50,25.40,25.50,25.60,25.40,25.60,25.50,25.40,25.60,25.50,25.60,25.60,25.50,25.50,25.60,25.60,25.60,25.50,25.60,25.60,25.70,25.50,25.60,25.50,25.50,25.40,25.20,25.20,25.10,25.30,25.10,25.20,25.50,25.50,25.40,25.50,25.40,25.50,25.70,25.60,25.70,25.70,25.60,25.80,25.60,25.70,25.80,25.80,25.60,26.00,25.80,25.60,25.70,25.80,25.70,25.60,25.90,25.70,25.80,25.60,25.60,25.40,25.50,25.50,25.30,25.30,25.40,25.40,25.40,25.20,25.00,25.20,25.10,25.10,25.00,25.20,25.40,25.20,25.10,25.10,25.00,25.40,25.60,25.90,26.70,26.00,25.10,25.00,24.90,24.90,24.80,24.70,24.60,24.90,24.50,24.50,24.50,24.80,24.90,25.10,25.90,26.40,26.70,27.00,26.50,26.20,26.10,26.10,26.10,26.10,26.00,26.10,25.70,25.90,25.90,25.70,25.60,25.90,26.00,26.20,26.40,26.10,26.40,26.30,26.30,26.30,26.20,26.30,26.40,26.50,26.30,26.20,26.30,26.40,26.60,26.60,26.40,26.40,26.40,26.50,26.40,26.60,26.60,26.70,26.50,26.70,26.50,26.60,26.70,26.60,26.70,26.70,26.90,26.80,26.90,26.90,27.00,27.00,27.00,27.00,27.00,26.70,27.00,26.70,26.90,26.80,27.00,27.00,27.00,26.90,27.00,27.00,26.90,26.60,26.90,26.90,26.80,26.80,26.90,27.00,26.90,26.90,26.80,26.90,26.80,26.90,26.80,26.70,26.60,26.60,26.50,26.70,26.70,26.60,26.60,26.40,26.40,26.40,26.20,26.30,26.10,25.90,26.00,26.00,26.10,25.90,26.20,26.10,26.10,26.00,26.00,26.30,26.30,26.20,26.30,26.20,26.20,26.20,26.00,26.00,26.20,26.10,26.00,26.10,26.20,26.10,26.20,26.20,26.10,26.10,26.20,26.20,26.20,26.20,25.90,26.20,26.20,26.10,25.90,25.90,26.10,26.20,26.20,26.30,26.30,26.20,26.10,26.10,26.10,26.00,26.10,26.30,26.10,26.10,26.10,26.20,26.20,26.10,26.10,26.10,25.90,26.10,26.20,26.20,26.10,26.10,26.10,26.20,26.10,26.10,26.10,26.20,26.10,25.90,25.90,26.00,26.00,25.90,26.00,26.10,26.10,26.20,26.10,25.90,25.80,25.80,25.80,26.00,25.90,25.80,25.90,26.10,26.10,26.10,26.10,26.20,26.20,26.10,26.10,26.10,26.00,26.10
25.60,25.60,25.60,25.60,25.70,25.80,25.80,25.70,25.80,25.90,26.00,26.00,26.10,26.30,26.40,26.50,26.70,26.80,26.90,26.40,26.60,26.70,27.00,27.00,26.90,26.70,26.90,27.00,27.00,26.90,27.00,27.10,27.20,27.30,27.30,27.20,27.10,27.00,26.60,26.40,26.20,25.80,25.20,25.10,25.10,25.10,25.00,25.00,24.90,24.70,24.60,25.20,25.10,25.10,25.10,25.10,25.30,25.40,25.40,25.40,25.40,25.10,25.40,25.40,25.40,25.40,25.40,25.50,25.50,25.20,25.30,25.20,25.40,25.50,25.50,25.40,25.40,25.40,25.60,25.50,25.50,25.30,25.50,25.20,25.50,25.40,25.40,25.50,25.50,25.50,25.60,25.50,25.50,25.50,25.50,25.50,25.50,25.40,25.60,25.40,25.40,25.50,25.50,25.50,25.20,25.30,25.30,25.40,25.40,25.50,25.50,25.40,25.40,25.40,25.50,25.80,25.60,25.50,25.90,25.80,25.70,25.70,25.80,25.80,25.60,25.80,25.60,25.60,25.60,25.80,25.40,25.70,25.70,25.90,25.60,25.60,25.80,25.80,25.80,25.70,25.60,25.40,25.70,25.40,25.50,25.50,25.40,25.50,25.30,25.30,25.00,25.40,25.30,25.30,25.30,25.10,25.20,25.00,25.10,25.00,25.00,25.20,25.00,25.40,26.10,26.10,25.20,25.10,24.90,25.30,25.10,25.20,25.00,24.90,24.90,24.90,24.70,24.80,25.00,25.10,25.60,26.10,26.40,26.40,26.20,26.10,25.90,26.00,26.10,26.00,26.20,26.00,25.90,25.80,25.90,26.00,25.90,26.00,26.00,25.90,26.10,26.10,26.30,26.10,26.20,26.50,26.40,26.40,26.40,26.20,26.40,26.30,26.40,26.30,26.30,26.40,26.60,26.40,26.40,26.40,26.60,26.40,26.60,26.60,26.60,26.60,26.60,26.70,26.60,26.70,26.60,26.50,26.80,26.70,26.90,26.70,26.70,26.70,27.00,26.90,26.70,26.80,27.00,26.70,26.90,26.90,27.00,27.00,27.00,26.90,27.00,26.90,26.90,26.90,26.90,26.90,26.90,27.00,27.00,27.00,26.90,26.90,26.90,26.90,26.70,26.70,26.70,26.90,26.90,26.70,26.70,26.60,26.60,26.60,26.70,26.50,26.20,26.30,26.10,26.30,26.10,25.90,26.10,26.10,26.10,26.00,26.00,26.10,26.00,26.10,26.20,26.20,26.40,26.20,26.20,26.10,26.10,26.30,26.50,26.20,26.20,26.20,26.20,26.20,26.20,26.10,26.10,26.20,26.10,26.10,26.10,26.10,26.40,26.20,26.10,26.20,26.20,26.10,26.10,26.30,26.40,26.20,26.40,26.30,26.30,26.40,26.00,26.20,26.20,26.10,26.00,26.10,26.10,26.20,26.20,26.20,26.10,26.20,26.20,26.20,26.10,26.00,26.10,26.20,26.20,26.10,26.10,26.10,26.20,26.30,26.40,26.10,26.00,26.10,26.20,25.90,26.10,26.10,25.90,26.00,26.20,26.20,26.10,25.90,25.90,26.00,26.00,25.90,25.90,26.00,25.80,25.80,25.90,25.90,25.90,26.00,26.00,25.90,25.90,25.90,26.10,26.00
25.70,25.70,25.60,25.60,25.70,25.70,25.70,25.70,25.80,25.80,25.80,26.10,26.20,26.30,26.50,26.60,26.70,26.80,26.80,26.60,26.80,26.90,26.90,26.90,26.90,26.70,26.80,26.90,26.80,27.00,27.10,26.90,27.10,27.10,27.00,27.30,27.10,27.00,26.90,26.80,26.60,26.00,25.60,25.40,25.20,25.10,25.10,25.00,24.90,24.90,24.80,24.90,24.80,25.10,25.30,25.20,25.30,25.40,25.40,25.40,25.30,25.30,25.50,25.40,25.40,25.20,25.30,25.40,25.60,25.20,25.50,25.60,25.40,25.20,25.20,25.40,25.40,25.40,25.50,25.40,25.40,25.50,25.40,25.50,25.30,25.50,25.50,25.30,25.40,25.60,25.50,25.50,25.50,25.40,25.50,25.40,25.40,25.50,25.30,25.80,25.40,25.40,25.40,25.30,25.40,25.20,25.40,25.50,25.40,25.40,25.40,25.50,25.60,25.60,25.50,25.80,25.60,25.60,25.80,25.70,25.70,25.90,25.70,25.80,25.80,25.90,25.90,25.80,25.80,25.50,26.20,25.60,25.80,25.90,25.80,25.70,25.60,26.00,25.90,25.90,25.80,25.50,25.50,25.50,25.60,25.60,25.50,25.40,25.40,25.30,25.20,25.20,25.30,25.20,25.40,25.00,24.90,24.90,25.00,24.90,25.00,25.10,25.00,25.20,25.40,25.70,25.20,25.20,25.10,25.30,25.10,25.10,24.90,25.00,24.70,24.90,24.80,24.80,25.10,25.20,25.40,25.80,25.90,26.10,25.90,26.10,26.00,26.10,26.10,26.10,26.00,26.00,26.10,26.10,26.00,26.00,25.80,25.90,25.80,26.20,26.10,26.20,26.00,26.20,26.20,26.40,26.30,26.20,26.20,26.20,26.40,26.30,26.40,26.40,26.40,26.30,26.40,26.70,26.40,26.40,26.60,26.60,26.60,26.60,26.60,26.70,26.40,26.60,26.80,26.70,26.90,26.80,26.80,26.80,26.90,26.90,26.90,26.70,26.90,26.60,26.90,26.90,26.90,26.90,27.00,27.00,27.00,27.00,26.80,26.90,26.90,26.90,26.80,27.10,26.90,26.90,26.80,26.90,26.90,27.00,26.90,26.90,26.90,26.90,26.90,26.70,26.80,26.80,26.80,26.70,26.80,26.70,26.40,26.40,26.50,26.50,26.50,26.30,26.30,26.30,26.20,26.00,26.00,26.10,26.10,25.90,26.00,26.10,26.10,26.10,26.30,26.20,26.20,26.00,26.10,26.30,26.00,26.40,26.20,26.00,26.20,26.30,26.20,26.30,26.00,26.10,26.10,26.10,26.20,26.30,26.40,26.10,26.20,26.10,26.40,26.30,26.10,26.10,26.10,26.30,26.10,26.10,26.20,26.30,26.20,26.10,25.90,26.10,26.20,26.20,26.20,26.40,26.10,26.10,26.10,26.20,26.10,26.20,26.20,26.10,26.00,25.90,26.00,26.20,26.20,26.10,26.00,26.00,26.20,26.10,26.00,25.90,26.10,26.20,26.20,25.90,26.00,26.30,26.10,26.00,26.00,26.00,26.00,25.90,25.90,26.10,26.20,25.90,25.80,26.00,26.00,26.00,26.10,26.10,25.90,26.00,26.00,25.80,25.80,25.80,26.10,26.20
25.40,25.50,25.60,25.60,25.60,25.60,25.70,25.80,25.90,25.90,25.90,25.90,26.10,26.30,26.50,26.60,26.70,26.70,26.70,26.70,26.70,26.70,26.90,26.70,26.70,26.70,26.70,26.70,26.70,27.00,26.90,26.90,27.20,27.30,27.30,27.30,27.20,27.10,27.00,26.90,26.70,26.60,26.20,25.80,25.50,25.20,25.10,25.10,25.00,24.90,24.80,24.90,24.90,25.10,25.10,25.10,25.20,25.20,25.40,25.20,25.30,25.40,25.40,25.40,25.50,25.40,25.30,25.40,25.40,25.20,25.50,25.60,25.30,25.50,25.40,25.50,25.50,25.50,25.50,25.50,25.40,25.70,25.40,25.40,25.30,25.40,25.30,25.40,25.50,25.50,25.50,25.50,25.40,25.30,25.50,25.20,25.30,25.20,25.50,25.50,25.50,25.40,25.40,25.20,25.50,25.40,25.50,25.60,25.70,25.50,25.80,25.70,25.80,25.60,25.80,25.70,25.70,25.70,25.80,25.90,25.90,25.90,26.00,25.70,25.80,25.70,25.90,26.10,26.00,26.00,25.90,25.80,25.90,25.80,25.90,25.90,25.80,26.10,26.10,26.10,25.90,25.80,25.80,25.70,25.70,25.50,25.50,25.40,25.40,25.20,25.20,25.20,25.20,25.10,25.20,25.10,25.10,25.10,24.90,25.10,24.90,24.90,25.10,24.90,25.00,25.20,25.10,25.10,25.00,25.00,24.90,24.90,24.90,24.90,24.80,24.90,24.60,24.80,24.90,25.20,25.20,25.50,25.80,25.80,25.80,25.90,26.10,26.10,26.10,26.30,26.10,26.30,25.90,26.10,25.90,25.80,25.90,25.90,26.00,25.90,26.20,25.90,26.20,26.20,26.20,26.30,26.20,26.20,26.30,26.30,26.10,26.40,26.30,26.40,26.30,26.40,26.40,26.50,26.50,26.40,26.60,26.50,26.70,26.60,26.50,26.70,26.60,26.60,26.70,26.70,26.60,26.60,26.70,26.90,26.90,26.90,26.80,26.70,26.90,26.80,26.60,26.60,26.70,27.00,27.00,26.90,27.00,27.00,26.80,26.90,26.90,27.00,26.90,26.80,26.90,27.00,26.90,27.00,26.90,26.90,26.90,26.90,26.90,26.90,27.00,26.90,26.80,26.70,26.90,26.70,26.70,26.70,26.70,26.70,26.60,26.70,26.40,26.40,26.50,26.20,26.40,26.00,26.10,25.90,25.90,26.20,26.10,26.00,26.10,26.20,26.00,26.30,26.10,26.20,26.10,26.30,26.30,26.30,26.20,26.40,26.40,26.20,26.30,26.20,25.90,26.00,26.10,26.20,26.30,26.20,26.20,26.10,26.10,26.00,26.40,26.30,26.20,26.10,26.20,26.30,26.10,26.20,26.20,26.10,26.20,25.90,26.10,26.20,26.20,26.20,26.10,26.10,26.10,26.10,26.10,26.10,26.20,26.40,26.40,26.10,26.00,26.20,26.10,26.10,26.20,26.20,26.10,26.10,26.20,26.20,26.10,25.80,26.00,26.10,26.10,26.00,26.00,26.30,26.10,26.10,26.10,26.10,26.00,26.00,26.00,25.90,26.30,26.20,26.10,26.10,26.10,26.10,26.10,26.10,25.90,25.90,26.00,25.90,25.90,26.00,25.90,25.80
25.40,25.50,25.40,25.50,25.60,25.70,25.70,25.90,25.90,25.90,26.00,26.10,26.20,26.20,26.30,26.50,26.60,26.70,26.70,26.70,26.80,26.80,26.70,26.60,26.60,26.60,26.60,26.70,26.70,26.70,26.70,26.80,26.90,26.90,27.00,27.00,27.00,27.00,26.90,26.90,26.90,26.70,26.40,26.30,26.00,25.80,25.50,25.30,24.90,24.90,25.00,25.00,25.10,25.10,25.00,25.10,25.10,25.10,25.20,25.10,25.20,25.40,25.30,25.40,25.40,25.40,25.20,25.20,25.40,25.20,25.40,25.50,25.40,25.10,25.30,25.50,25.50,25.50,25.50,25.50,25.50,25.60,25.40,25.60,25.40,25.60,25.40,25.50,25.40,25.20,25.40,25.50,25.40,25.30,25.60,25.10,25.40,25.40,25.50,25.40,25.50,25.60,25.50,25.40,25.60,25.50,25.60,25.80,25.70,25.60,25.60,25.70,25.70,25.90,25.90,25.70,25.90,25.80,25.70,25.80,25.90,25.80,26.10,25.70,25.90,25.90,25.80,25.90,25.90,25.90,25.90,25.90,26.00,26.10,26.00,25.90,25.90,26.10,26.00,26.20,26.10,26.10,26.10,25.90,25.70,25.50,25.50,25.50,25.40,25.40,25.20,25.40,25.20,25.20,25.10,25.00,25.00,25.10,24.90,25.10,25.00,24.90,24.90,24.90,25.00,25.20,25.10,25.10,25.10,24.80,25.10,24.90,25.00,25.10,24.90,24.90,24.90,25.10,24.90,25.10,25.20,25.20,25.50,25.80,25.80,26.00,26.00,26.00,26.40,26.20,26.20,26.30,26.20,25.80,26.00,26.10,25.90,26.10,26.00,25.80,25.90,25.90,26.00,26.30,26.30,26.20,26.10,26.20,26.20,26.30,26.20,26.20,26.40,26.20,26.20,26.40,26.60,26.40,26.40,26.50,26.40,26.40,26.60,26.70,26.50,26.40,26.70,26.70,26.50,26.60,26.70,26.70,26.80,26.90,26.80,26.90,26.90,26.60,26.90,26.80,26.70,26.70,26.80,26.90,26.90,26.90,26.90,27.00,26.90,26.80,26.90,26.90,26.90,26.80,26.90,27.00,26.80,26.70,26.90,26.90,26.80,26.90,26.90,26.90,27.00,27.00,26.90,26.90,26.90,26.80,27.00,26.90,26.80,26.90,26.80,26.90,26.50,26.40,26.60,26.20,26.30,26.00,25.90,25.90,25.80,25.80,26.10,26.20,26.20,26.10,26.10,26.20,26.30,26.40,26.20,26.10,26.10,26.40,26.20,26.20,26.20,26.20,26.20,26.20,26.10,26.00,26.20,26.20,26.20,26.20,26.10,26.20,26.30,26.00,26.20,26.20,26.10,26.10,25.90,26.40,26.10,26.20,26.20,26.10,26.10,26.20,26.20,26.20,26.10,26.10,26.30,25.90,26.10,26.20,26.20,26.20,26.10,26.10,26.10,25.90,26.10,26.10,26.20,26.10,26.20,26.30,26.40,26.10,26.10,26.10,26.00,26.10,26.00,25.90,26.20,26.30,26.30,26.10,25.90,25.90,26.20,26.20,26.10,26.00,26.00,26.10,26.20,26.20,26.20,26.10,26.10,26.20,26.10,26.10,25.90,25.80,25.80,25.90,25.90,25.90,26.00,26.00
25.40,25.30,25.40,25.50,25.40,25.50,25.60,25.60,25.70,25.90,26.10,26.20,26.20,26.20,26.30,26.30,26.50,26.90,26.70,26.70,26.70,26.70,26.80,26.90,26.70,26.60,26.60,26.60,26.50,26.70,26.70,26.70,26.80,26.80,26.80,26.90,26.70,26.70,26.80,26.90,26.80,26.70,26.60,26.30,26.10,26.00,25.80,25.60,25.10,25.10,25.10,25.10,25.10,25.20,25.10,24.90,24.90,25.10,25.10,25.10,25.10,25.10,25.10,25.10,25.40,25.30,25.20,25.50,25.50,25.40,25.20,25.40,25.50,25.40,25.40,25.40,25.50,25.40,25.40,25.40,25.40,25.40,25.50,25.60,25.60,25.30,25.50,25.40,25.50,25.40,25.40,25.50,25.50,25.40,25.60,25.30,25.50,25.40,25.40,25.60,25.50,25.60,25.50,25.40,25.50,25.50,25.50,25.60,25.70,25.70,25.60,25.80,25.90,25.90,26.00,25.80,25.90,25.80,25.70,25.90,25.80,25.90,25.90,25.90,26.00,26.00,25.90,26.00,25.90,25.90,25.90,26.00,26.00,26.20,26.10,25.90,26.00,26.20,26.20,26.00,26.10,26.20,26.30,26.20,25.60,25.60,25.30,25.30,25.60,25.40,25.40,25.40,25.10,25.40,25.10,25.10,25.10,25.10,25.10,25.00,24.90,25.20,25.10,25.10,25.10,25.20,24.80,25.00,24.80,24.90,24.90,24.90,24.90,25.20,25.10,25.10,24.90,25.20,25.10,25.10,25.30,25.10,25.40,25.50,25.80,25.90,26.10,26.20,26.40,26.30,26.10,26.00,25.90,26.10,26.10,25.80,25.90,25.60,26.10,25.80,25.80,26.00,25.80,25.90,26.40,26.10,26.40,26.40,26.40,26.00,26.40,26.30,26.40,26.20,26.20,26.40,26.40,26.70,26.60,26.40,26.60,26.60,26.60,26.60,26.40,26.50,26.70,26.80,26.50,26.40,26.60,26.60,26.70,27.00,26.60,26.60,26.60,26.40,26.70,26.80,26.80,26.70,26.60,26.80,26.70,26.70,26.80,26.90,26.90,26.80,26.90,26.90,26.90,26.90,26.90,26.70,26.80,27.00,26.90,26.90,26.90,26.90,26.90,26.90,27.00,27.10,27.00,26.90,27.00,26.70,26.80,26.70,26.80,26.80,26.70,26.60,26.50,26.60,26.60,26.40,26.30,26.00,25.90,25.80,25.90,26.10,26.10,26.30,26.10,25.90,26.30,26.20,26.20,26.20,26.40,25.90,26.40,26.30,26.10,26.10,26.20,26.20,26.10,26.10,26.20,26.30,26.20,26.20,26.30,26.30,26.10,26.20,26.20,26.20,26.10,26.10,26.20,26.20,26.20,26.20,26.20,26.10,26.20,26.20,26.00,26.20,26.30,26.20,26.10,26.10,26.20,25.90,26.10,26.20,26.20,26.20,26.30,26.20,26.00,26.20,26.20,26.20,26.20,26.10,26.10,26.20,26.20,25.90,25.90,26.10,26.20,26.20,26.10,25.90,26.10,26.20,26.20,26.10,26.10,26.00,26.10,26.10,26.10,26.00,25.90,25.90,26.10,26.20,26.40,26.20,26.10,26.20,26.10,26.10,26.00,25.90,25.80,25.90,25.90,25.90,26.00,26.10
25.40,25.30,25.50,25.80,25.70,25.80,25.80,25.80,25.80,25.90,26.10,26.20,26.10,26.20,26.50,26.40,26.40,26.60,26.70,26.60,26.50,26.60,26.60,26.70,26.50,26.50,26.50,26.50,26.70,26.90,26.70,26.70,26.60,26.60,26.70,26.70,26.60,26.70,26.70,26.60,26.60,26.60,26.60,26.40,26.40,26.30,26.00,25.60,25.50,25.40,25.30,25.10,24.90,25.00,25.10,25.20,25.20,24.90,25.00,25.10,25.00,25.00,25.10,25.10,25.10,25.30,25.40,25.40,25.50,25.40,25.20,25.40,25.40,25.20,25.40,25.50,25.60,25.60,25.40,25.40,25.40,25.40,25.50,25.50,25.50,25.40,25.60,25.60,25.50,25.40,25.40,25.40,25.40,25.60,25.50,25.40,25.20,25.50,25.10,25.30,25.50,25.50,25.50,25.40,25.50,25.60,25.70,25.80,25.80,25.70,25.60,26.10,26.10,25.90,25.80,25.90,25.90,25.90,26.00,26.10,25.90,26.10,25.60,25.90,25.90,25.90,26.10,25.90,26.00,26.20,26.00,26.00,26.20,26.20,26.10,26.10,26.40,26.40,26.10,26.10,26.20,26.10,26.30,26.10,25.60,25.70,25.80,25.60,25.50,25.30,25.40,25.40,25.00,25.30,25.20,25.10,25.20,25.20,25.10,25.10,25.10,25.10,25.10,24.80,25.00,24.90,24.90,25.10,25.10,25.00,25.00,25.00,24.90,25.20,25.00,24.90,24.90,24.90,25.10,25.20,25.20,25.10,25.10,25.40,25.50,25.60,26.00,26.10,26.10,26.20,26.10,25.80,26.10,26.10,26.10,26.00,25.90,25.80,25.70,25.70,25.80,25.80,25.80,25.80,26.10,26.20,26.20,26.20,26.10,26.40,26.30,26.30,26.40,26.20,26.20,26.30,26.40,26.00,26.50,26.60,26.60,26.60,26.40,26.40,26.60,26.50,26.60,26.60,26.50,26.50,26.50,26.60,26.70,26.80,26.70,26.80,26.70,26.60,27.10,26.70,26.70,26.90,26.60,26.90,26.70,26.80,26.70,26.90,26.90,26.90,26.90,26.90,26.90,26.80,27.00,27.00,26.80,26.70,26.80,26.70,26.70,27.00,27.00,26.90,26.90,27.00,27.10,27.00,26.90,26.90,26.80,26.90,26.80,26.70,26.70,26.80,26.80,26.60,26.60,26.60,26.40,25.90,26.10,25.90,26.20,26.20,26.10,26.10,26.10,26.10,26.20,26.20,26.20,26.20,26.20,26.20,26.40,26.10,26.00,26.20,26.20,26.10,26.20,26.20,26.20,26.20,26.20,26.20,26.50,26.10,25.90,26.10,26.10,26.10,26.10,26.10,26.10,26.20,26.10,26.20,26.20,26.10,26.10,26.20,26.20,26.30,26.20,26.20,26.20,26.10,26.20,26.10,26.10,26.20,26.20,26.20,26.20,26.20,26.20,26.00,26.10,26.20,26.30,26.10,26.00,26.00,26.10,26.10,26.20,26.20,26.10,26.20,26.20,26.20,26.10,26.10,26.10,26.10,26.10,26.10,26.10,26.10,25.90,26.10,26.20,26.10,26.10,26.20,26.40,26.20,26.10,26.20,26.10,25.90,26.00,26.10,26.20,26.10,25.90,25.90,25.90,26.10
25.50,25.50,25.80,25.80,25.60,25.80,25.90,25.80,25.80,25.90,26.10,26.20,26.10,26.20,26.30,26.50,26.50,26.40,26.40,26.60,26.60,26.50,26.50,26.50,26.60,26.60,26.50,26.40,26.40,26.40,26.70,26.60,26.50,26.70,26.80,26.70,26.60,26.60,26.70,26.70,26.50,26.60,26.60,26.60,26.30,26.40,26.30,26.00,25.60,25.70,25.40,25.20,25.00,25.00,24.90,25.10,25.10,25.00,25.10,24.90,25.00,25.10,25.10,25.20,25.20,25.20,25.40,25.30,25.20,25.30,25.40,25.40,25.40,25.40,25.40,25.40,25.40,25.40,25.40,25.50,25.50,25.40,25.40,25.50,25.50,25.40,25.50,25.50,25.40,25.50,25.50,25.40,25.60,25.70,25.50,25.70,25.40,25.60,25.40,25.50,25.60,25.50,25.60,25.50,25.60,25.80,25.60,25.70,25.60,25.90,25.90,25.60,26.00,26.00,25.80,25.90,26.00,25.90,26.00,26.10,26.10,25.50,25.90,25.90,25.90,25.80,26.10,26.00,26.00,26.10,26.10,26.10,26.20,26.20,26.20,26.20,26.40,26.20,26.20,26.40,26.30,26.50,26.20,25.70,25.40,25.80,25.50,25.60,25.50,25.40,25.30,25.10,25.20,25.10,25.10,25.20,25.30,25.20,25.00,25.00,25.00,24.90,24.80,25.10,25.10,25.10,25.10,25.00,25.20,24.80,25.20,24.90,24.90,24.80,25.10,24.90,25.10,24.90,24.90,24.90,25.20,25.00,24.90,25.00,25.10,25.60,26.00,25.90,26.10,26.30,26.20,26.00,26.00,25.90,25.90,25.90,26.00,25.80,25.60,25.80,25.80,25.70,25.80,26.10,25.90,25.90,26.10,25.90,26.10,26.20,26.20,26.40,26.20,26.10,26.10,26.10,26.20,26.20,26.20,26.40,26.50,26.60,26.60,26.60,26.40,26.60,26.40,26.60,26.60,26.70,26.60,26.70,26.70,26.70,26.60,26.70,26.70,27.00,26.70,26.70,26.90,26.70,26.60,26.90,26.90,27.00,26.80,26.90,26.90,26.90,26.80,26.90,26.90,26.80,26.80,27.00,26.90,26.90,26.90,26.80,27.00,26.80,26.80,26.70,27.00,27.00,27.00,26.90,26.90,26.90,26.90,26.90,26.80,26.70,26.80,26.80,26.80,26.70,26.60,26.60,26.50,26.20,26.00,25.90,26.10,26.10,26.10,26.20,26.30,26.20,26.10,26.30,26.20,26.30,26.20,26.20,26.40,26.30,26.20,26.20,26.20,26.20,26.20,26.30,26.20,26.30,26.30,26.30,26.50,26.30,26.10,26.20,26.20,26.10,26.20,26.20,26.00,26.20,26.10,26.30,26.30,26.10,26.00,26.20,26.40,26.10,26.10,26.10,26.20,26.20,26.20,26.20,26.20,26.10,26.10,26.40,26.40,26.20,26.10,25.90,26.10,26.20,26.20,25.90,26.00,26.20,26.00,26.20,26.20,26.20,26.00,26.10,26.30,26.40,26.20,26.10,26.30,26.20,26.10,26.10,26.10,26.10,25.90,25.90,25.90,26.10,26.10,26.10,26.10,26.10,26.10,26.20,26.20,26.10,25.90,25.90,26.20,26.00,25.80,25.90,25.90,25.90
25.50,25.60,25.60,25.50,25.40,25.60,25.80,25.60,25.80,26.10,25.90,26.00,26.10,26.10,26.10,26.50,26.40,26.30,26.60,26.70,26.70,26.70,26.60,26.60,26.70,26.60,26.40,26.40,26.50,26.50,26.30,26.40,26.60,26.60,26.70,26.70,26.60,26.70,26.70,26.60,26.40,26.60,26.50,26.40,26.40,26.20,26.20,26.20,26.00,25.70,25.40,25.40,25.40,25.30,25.10,25.20,25.10,25.10,25.20,25.10,25.10,25.10,25.10,25.10,25.10,25.10,25.30,25.20,25.40,25.30,25.30,25.40,25.40,25.40,25.40,25.30,25.10,25.30,25.30,25.40,25.40,25.40,25.50,25.40,25.50,25.60,25.60,25.40,25.40,25.60,25.60,25.50,25.60,25.60,25.60,25.50,25.70,25.60,25.50,25.60,25.60,25.60,25.60,25.60,25.80,25.70,25.80,25.80,25.80,25.80,25.70,25.90,25.90,25.90,26.00,26.10,25.90,25.90,25.90,25.80,25.90,26.10,26.00,26.00,26.10,26.20,26.20,26.10,25.90,26.10,26.20,26.20,26.10,26.10,26.40,26.10,26.40,26.40,26.30,26.10,26.20,26.40,26.30,25.50,25.50,25.60,25.70,25.50,25.30,25.40,25.20,25.10,25.40,25.20,25.20,25.00,25.10,25.20,25.10,25.10,25.10,25.10,25.10,25.00,25.20,25.30,25.00,24.90,25.00,24.90,25.10,25.10,25.10,24.80,25.10,25.10,24.90,25.00,25.10,25.10,25.00,25.00,24.90,25.10,25.20,25.30,25.60,25.60,26.10,26.10,26.00,26.10,26.10,26.10,26.10,26.00,25.90,25.80,25.70,25.80,26.00,25.80,26.00,25.90,26.20,25.90,26.20,26.20,26.20,26.40,26.00,26.10,26.20,26.20,26.30,26.40,26.40,26.20,26.60,26.40,26.20,26.30,26.20,26.20,26.50,26.50,26.60,26.70,26.70,26.70,26.70,26.60,26.60,26.70,26.70,26.70,26.70,26.90,26.70,26.70,26.70,26.60,26.70,26.70,27.00,26.70,26.80,26.90,26.90,27.00,26.90,26.90,26.90,26.90,26.70,26.90,27.00,26.70,26.90,27.00,26.90,27.10,26.90,26.90,26.80,26.90,26.90,26.80,26.80,26.80,26.80,27.10,26.90,26.90,26.80,26.90,26.90,26.80,26.70,26.60,26.50,26.40,26.10,25.90,26.10,26.20,26.20,26.20,26.30,26.20,26.10,26.50,26.10,26.30,26.20,26.00,26.20,26.30,26.40,26.40,26.20,26.20,26.30,26.30,26.50,26.50,26.40,26.40,26.40,26.30,26.20,26.10,26.20,26.20,26.20,26.30,26.20,26.20,26.20,26.30,26.30,26.20,26.10,26.30,26.10,26.10,26.20,26.20,26.10,26.20,26.20,26.20,26.20,26.10,26.10,26.10,26.10,26.20,26.20,26.10,26.10,26.30,26.20,26.40,26.40,26.20,26.20,26.20,26.20,26.10,26.10,26.10,26.10,26.40,26.30,26.20,26.10,26.10,26.10,26.00,26.00,26.00,26.20,26.10,26.00,26.30,26.20,26.10,26.10,26.10,26.20,26.20,26.30,26.30,26.20,26.10,26.20,26.10,25.90,25.90,25.90,26.10
25.70,25.60,25.40,25.40,25.40,25.50,25.60,25.50,25.80,25.90,25.80,25.80,25.80,25.90,26.10,26.30,26.30,26.20,26.60,26.50,26.40,26.40,26.60,26.60,26.70,26.50,26.30,26.40,26.40,26.40,26.50,26.50,26.40,26.40,26.60,26.60,26.50,26.40,26.30,26.40,26.50,26.40,26.20,26.20,26.30,26.20,26.20,25.90,25.70,25.70,25.60,25.60,25.60,25.60,25.30,25.40,25.20,25.20,25.20,25.10,25.20,25.10,25.10,25.10,25.20,25.30,25.40,25.20,25.10,25.30,25.40,25.40,25.50,25.40,25.50,25.40,25.50,25.20,25.60,25.50,25.40,25.50,25.50,25.60,25.70,25.60,25.60,25.50,25.60,25.60,25.60,25.60,25.80,25.80,25.50,25.60,25.90,25.90,25.80,25.60,25.60,25.80,25.80,25.90,25.80,25.80,25.60,26.00,25.80,25.80,25.90,25.90,25.90,25.90,26.10,25.90,25.90,26.10,25.90,26.00,25.90,25.90,26.00,25.90,26.10,26.20,26.10,25.90,26.10,26.20,26.10,26.10,26.20,26.10,26.10,26.50,26.20,26.10,26.10,26.00,26.40,26.40,25.80,25.60,25.80,25.60,25.40,25.40,25.30,25.40,25.20,25.30,25.40,25.40,25.20,25.20,25.20,25.10,25.20,24.90,25.10,25.10,25.10,25.30,25.20,25.20,25.10,25.20,25.20,24.90,25.00,25.10,25.10,25.00,25.10,25.00,24.90,25.00,25.00,25.00,25.00,25.10,25.00,25.00,25.10,25.10,25.30,25.60,25.90,26.10,25.90,26.10,26.20,26.20,26.10,26.10,25.90,25.80,25.80,25.80,25.90,25.90,25.90,26.10,26.10,25.90,26.20,26.10,26.20,26.30,26.00,26.30,26.10,26.20,26.30,26.40,26.40,26.10,26.30,26.30,26.60,26.50,26.60,26.50,26.30,26.50,26.40,26.60,26.70,26.60,26.70,26.70,26.60,26.60,26.70,26.60,26.80,26.80,26.80,26.70,26.60,26.60,26.70,26.70,26.70,26.70,26.60,26.90,26.90,27.10,26.80,26.90,27.00,27.00,26.70,27.00,26.70,26.80,26.70,26.70,26.90,26.90,26.70,27.00,26.80,26.90,26.90,26.90,26.90,26.90,26.80,27.00,27.00,26.80,26.80,26.70,26.90,26.90,26.70,26.60,26.40,26.40,26.40,26.20,25.90,25.90,26.30,26.60,26.40,26.30,26.30,26.30,26.30,26.30,26.40,26.40,26.30,26.30,26.30,26.20,26.20,26.20,26.30,26.20,26.30,26.10,26.20,25.90,26.30,26.20,26.30,26.20,26.20,26.20,26.10,26.10,26.40,25.90,26.20,26.30,26.30,26.30,26.40,26.20,26.20,26.10,26.10,26.20,26.10,26.20,26.20,26.10,25.90,26.40,26.20,26.40,26.50,26.10,26.30,26.10,26.00,26.10,26.10,26.30,26.30,26.10,26.20,26.20,26.10,26.20,26.10,26.00,25.80,26.00,26.10,26.10,26.20,26.10,26.00,26.00,26.10,26.40,26.10,25.90,25.90,26.20,26.10,26.00,26.30,26.40,26.10,26.20,26.30,26.00,26.10,26.10,26.20,26.20,26.10,26.10,26.10,26.20
25.60,25.50,25.50,25.60,25.60,25.50,25.40,25.50,25.60,25.70,25.80,26.10,26.20,26.10,26.10,26.10,26.20,26.30,26.50,26.40,26.40,26.40,26.40,26.50,26.60,26.40,26.30,26.40,26.20,26.30,26.40,26.40,26.40,26.50,26.60,26.50,26.40,26.30,26.20,26.20,26.20,26.20,26.30,26.20,26.20,26.20,26.20,26.10,26.10,25.90,25.60,25.60,25.60,25.50,25.40,25.40,25.30,25.20,25.20,25.20,25.20,25.10,25.10,25.20,25.10,25.10,25.40,25.30,25.30,25.50,25.40,25.50,25.60,25.40,25.40,25.30,25.40,25.40,25.50,25.60,25.60,25.50,25.60,25.80,25.60,25.70,25.80,25.80,25.60,25.60,25.80,25.80,25.80,25.70,25.60,25.80,25.80,25.60,25.60,25.80,25.80,25.80,25.90,25.80,25.70,25.70,25.60,25.80,25.70,25.50,25.90,25.60,25.90,25.80,26.10,26.00,26.00,26.00,25.90,26.10,26.00,26.00,26.10,26.00,26.20,26.10,26.10,26.10,26.20,26.10,26.10,26.10,26.20,26.20,26.40,26.70,26.70,26.30,26.20,26.20,26.60,26.40,25.80,25.50,25.70,25.50,25.30,25.20,25.20,25.20,25.20,25.20,25.20,25.30,25.10,24.90,25.20,25.10,25.20,25.10,25.10,25.10,25.10,25.00,25.00,24.90,25.20,25.10,25.00,25.20,25.10,25.00,25.10,25.10,24.90,25.10,25.20,25.20,25.10,25.20,25.10,25.10,25.00,24.90,25.10,25.10,25.10,25.30,25.60,25.90,26.00,26.10,26.10,26.20,26.20,26.00,26.00,26.00,25.70,25.80,25.90,25.90,25.90,26.00,25.90,25.80,26.10,26.00,26.10,26.10,26.10,26.10,26.10,26.30,26.40,26.10,26.20,26.60,26.40,26.60,26.30,26.20,26.60,26.50,26.40,26.50,26.60,26.40,26.50,26.70,26.50,26.60,26.70,26.40,26.70,26.60,26.70,26.70,26.70,26.70,26.70,26.70,26.70,26.70,26.70,26.80,26.60,26.70,26.80,26.80,26.90,26.80,26.90,27.00,26.90,27.00,26.90,26.70,26.90,27.20,27.10,27.00,26.90,27.10,27.00,26.90,27.00,26.90,26.90,26.90,26.70,26.60,26.60,26.80,26.80,26.80,26.80,26.80,26.70,26.60,26.40,26.20,26.10,26.10,26.20,26.10,26.30,26.40,26.40,26.40,26.40,26.50,26.40,26.60,26.40,26.30,26.60,26.70,26.70,26.50,26.20,26.40,26.40,26.10,26.10,26.20,26.30,26.20,26.30,26.20,26.30,26.40,26.20,26.10,26.10,26.20,26.40,26.40,26.20,26.20,26.10,26.30,26.40,26.30,26.20,26.20,26.40,26.40,26.20,26.30,26.40,26.40,26.10,26.20,26.20,26.20,26.40,26.20,26.30,26.20,26.10,26.20,26.40,26.30,26.20,26.20,26.20,26.30,26.20,26.40,26.40,26.40,26.10,26.10,26.10,26.10,26.30,26.30,25.90,26.10,26.20,26.30,26.20,26.10,26.00,26.00,26.00,25.90,25.90,26.10,25.90,26.00,26.20,26.00,26.00,26.00,26.10,26.10,25.90,25.90,26.00,26.10
25.60,25.60,25.50,25.50,25.50,25.40,25.50,25.50,25.60,25.70,25.80,26.00,26.10,26.10,26.20,26.20,26.10,26.20,26.20,26.30,26.30,26.40,26.40,26.40,26.40,26.20,26.30,26.30,26.30,26.50,26.60,26.30,26.40,26.50,26.70,26.50,26.40,26.40,26.30,26.10,26.10,26.20,26.50,26.40,26.20,26.10,26.10,26.10,26.10,25.90,25.80,25.50,25.50,25.50,25.60,25.30,25.40,25.40,25.50,25.50,25.20,25.20,25.30,25.30,25.20,25.30,25.40,25.20,25.50,25.50,25.50,25.60,25.50,25.40,25.50,25.60,25.80,25.70,25.80,25.50,25.70,25.60,25.80,25.80,25.70,25.70,25.60,25.60,25.70,25.80,25.90,25.90,25.80,25.70,25.70,25.80,25.80,25.60,25.60,25.80,25.80,25.80,25.80,25.80,25.60,25.80,25.90,25.70,25.90,25.80,25.60,25.90,25.90,26.00,26.10,26.10,26.00,25.90,26.10,26.20,26.10,26.10,26.10,25.90,26.10,26.20,26.10,26.20,26.00,26.10,26.10,26.20,26.20,26.20,26.40,26.20,26.40,26.60,26.30,26.30,26.40,26.10,25.70,25.60,25.50,25.50,25.40,25.10,25.20,25.10,25.30,25.30,25.10,25.10,25.10,25.10,25.30,25.10,24.90,25.20,25.10,25.10,25.20,25.10,25.20,24.90,25.10,25.00,24.90,25.10,25.10,25.10,24.90,25.00,25.10,24.90,25.20,25.00,25.10,25.10,25.10,24.90,24.90,25.10,25.00,24.90,24.90,25.10,25.10,25.60,25.80,26.20,26.10,26.10,26.10,26.10,25.80,25.90,25.80,25.90,25.80,25.80,25.90,25.80,25.90,25.80,26.10,25.80,26.10,26.10,26.00,26.10,26.10,26.20,26.20,26.10,26.20,26.30,26.30,26.30,26.50,26.50,26.30,26.60,26.60,26.40,26.40,26.30,26.60,26.70,26.40,26.60,26.70,26.60,26.50,26.50,26.50,26.60,26.70,26.60,26.70,26.70,26.80,26.60,26.70,26.70,26.70,26.90,26.60,26.70,27.00,26.80,26.80,26.90,26.90,26.90,27.00,26.90,26.90,26.90,27.00,27.00,27.10,26.90,27.00,26.90,27.00,27.00,26.90,27.00,26.90,26.80,26.90,26.70,26.70,26.70,26.70,26.80,26.70,26.70,26.50,26.20,26.10,26.00,26.20,26.20,26.40,26.40,26.40,26.40,26.40,26.40,26.40,26.30,26.40,26.50,26.40,26.20,26.40,26.50,26.30,26.50,26.40,26.20,26.30,26.20,26.30,26.30,26.30,26.30,26.30,26.30,26.20,25.90,26.20,26.20,26.30,26.30,26.30,26.20,26.00,26.20,26.40,26.40,26.30,26.30,26.30,26.40,26.20,26.30,26.40,26.40,26.00,26.40,26.40,26.20,26.20,26.20,26.20,26.20,26.20,26.20,26.30,26.30,26.20,26.20,26.30,26.40,26.30,26.20,26.20,26.10,26.10,26.10,26.10,26.20,26.20,26.20,25.80,26.10,26.30,26.40,26.20,26.10,26.10,26.10,26.00,26.40,26.20,26.00,26.20,26.20,26.20,26.20,26.20,26.10,26.10,26.10,26.10,26.10,25.90,26.00
25.70,25.60,25.50,25.60,25.60,25.70,25.70,25.70,25.80,25.80,25.60,25.90,25.90,25.90,25.90,26.00,26.30,26.20,26.00,26.30,26.20,26.10,26.30,26.40,26.60,26.60,26.40,26.30,26.40,26.50,26.50,26.30,26.40,26.50,26.60,26.50,26.50,26.40,26.30,26.20,26.20,26.20,26.10,26.00,25.90,26.10,25.90,26.10,25.90,25.80,25.80,25.50,25.40,25.50,25.50,25.40,25.50,25.50,25.50,25.50,25.40,25.50,25.50,25.40,25.40,25.40,25.40,25.50,25.50,25.50,25.50,25.50,25.40,25.50,25.60,25.50,25.50,25.60,25.60,25.80,25.70,25.70,26.00,25.70,25.60,25.70,25.70,25.80,25.70,25.80,25.90,25.90,25.90,25.80,25.80,25.70,25.60,25.90,25.80,25.80,25.80,25.80,25.80,25.80,25.70,26.00,25.80,25.90,25.80,25.60,25.80,26.00,26.00,25.90,26.10,25.90,26.20,26.10,25.90,26.00,26.00,25.90,25.90,25.80,26.10,26.10,26.10,26.10,26.10,26.10,26.10,26.20,26.20,26.20,26.30,26.20,26.10,26.40,26.60,26.40,26.60,26.20,25.70,25.90,25.60,25.40,25.40,25.30,25.40,25.20,25.20,25.30,25.20,25.40,25.20,25.10,25.10,24.80,25.00,25.20,24.90,25.20,25.30,25.10,25.20,25.00,25.10,24.90,25.10,25.00,25.00,24.90,25.00,25.10,24.90,24.90,25.00,24.90,25.10,24.90,25.00,25.10,24.90,25.10,25.10,24.90,24.90,25.00,24.80,25.30,25.60,25.90,26.00,26.00,26.10,26.10,26.00,25.90,26.10,25.90,25.80,25.80,25.80,25.90,25.90,25.90,26.00,25.90,26.00,26.10,26.10,26.00,26.20,26.20,26.10,26.20,26.20,26.30,26.40,26.30,26.20,26.10,26.50,26.40,26.40,26.40,26.20,26.50,26.50,26.60,26.40,26.40,26.40,26.60,26.40,26.60,26.60,26.50,26.60,26.60,26.70,26.70,26.70,26.90,26.60,26.70,26.60,26.60,26.70,26.80,26.60,26.90,26.70,26.80,26.80,26.80,26.70,26.80,27.00,27.00,26.90,26.70,26.70,26.90,27.00,26.90,26.90,27.00,27.00,27.00,26.90,26.90,26.90,27.10,26.40,26.80,26.90,26.80,26.90,26.60,26.60,26.20,26.00,25.80,26.10,26.40,26.50,26.40,26.40,26.40,26.50,26.50,26.50,26.60,26.50,26.40,26.30,26.40,26.40,26.40,26.30,26.50,26.40,26.00,26.60,26.40,26.20,26.20,26.20,26.40,26.30,26.40,26.20,26.20,26.50,26.50,26.40,26.30,26.30,26.30,26.20,26.40,26.40,26.30,26.10,26.10,26.20,26.30,26.10,26.20,26.30,26.40,26.30,26.30,26.30,26.30,26.20,26.20,26.20,26.40,26.60,26.20,26.20,26.20,26.50,26.20,26.30,26.60,26.50,26.20,26.10,26.20,26.10,26.20,26.30,26.30,26.20,26.20,26.10,26.00,26.10,26.20,26.20,26.10,26.10,26.10,26.00,26.10,26.10,26.10,26.10,26.20,26.10,26.20,26.20,26.10,26.10,26.20,26.10,26.00,25.90,25.90
25.50,25.50,25.50,25.50,25.60,25.70,25.80,25.60,25.40,25.40,25.60,25.90,25.90,25.80,25.90,26.10,26.20,26.10,26.10,26.20,26.20,26.20,26.20,26.40,26.20,26.10,26.10,26.20,26.30,26.50,26.40,26.20,26.40,26.50,26.50,26.40,26.30,26.30,26.30,26.20,26.20,26.30,26.30,26.00,26.10,26.10,26.10,26.10,26.10,26.00,25.70,25.80,25.50,25.50,25.50,25.50,25.50,25.60,25.70,25.60,25.50,25.50,25.60,25.40,25.40,25.50,25.60,25.50,25.50,25.40,25.40,25.40,25.50,25.60,25.60,25.60,25.80,25.60,25.50,25.60,25.90,25.80,26.00,25.80,25.80,25.60,25.80,25.60,25.70,25.60,25.70,25.80,25.90,25.90,25.90,26.00,25.90,26.10,25.90,25.80,25.90,25.80,25.80,25.90,25.80,26.10,25.80,25.90,26.00,25.90,25.80,25.90,25.80,25.90,26.10,25.90,26.10,26.10,26.00,25.90,25.90,25.90,25.80,25.80,25.90,25.90,25.90,26.00,26.10,26.10,26.20,26.20,26.20,26.20,26.30,26.30,26.50,26.40,26.20,26.50,26.50,26.10,25.80,25.80,25.60,25.50,25.50,25.50,25.50,25.40,25.40,25.40,25.20,25.30,25.40,25.30,24.90,25.10,25.20,25.30,25.20,25.20,25.20,25.10,25.30,25.00,25.10,24.90,25.10,25.10,25.00,25.10,25.00,25.10,24.90,25.10,25.10,25.00,25.20,25.00,25.00,25.10,24.90,25.10,25.10,25.10,25.00,25.10,25.00,25.10,25.50,25.50,25.80,25.90,26.00,26.00,26.10,25.90,26.10,25.90,25.90,25.80,25.90,25.90,25.90,25.90,25.90,26.10,26.00,26.00,26.30,26.30,26.20,26.40,26.00,26.20,26.10,26.10,26.20,26.30,26.30,26.20,26.20,26.40,26.30,26.20,26.20,26.20,26.50,26.40,26.60,26.50,26.40,26.40,26.60,26.70,26.60,26.60,26.50,26.40,26.60,26.60,26.60,26.70,26.60,26.90,26.80,26.70,26.70,26.80,26.80,26.90,26.90,26.80,26.80,26.80,26.70,26.90,27.00,26.70,26.70,26.80,27.00,27.00,26.90,26.70,26.90,26.70,27.00,27.00,26.80,26.70,26.90,26.90,26.80,27.00,26.90,26.70,26.80,26.60,26.40,26.20,26.10,26.20,26.20,26.40,26.40,26.70,26.50,26.40,26.40,26.50,26.50,26.40,26.70,26.70,26.70,26.60,26.50,26.20,26.50,26.40,26.20,26.10,26.40,26.40,26.40,26.20,26.30,26.40,26.30,26.50,26.20,26.10,26.40,26.50,26.20,26.20,26.20,26.30,26.40,26.00,26.20,26.20,26.10,26.00,26.40,26.40,26.30,26.10,26.00,26.00,26.10,26.20,26.40,26.40,26.20,26.40,26.30,26.10,26.20,26.50,26.40,26.30,26.50,26.40,26.40,26.40,26.20,26.20,26.20,26.40,26.30,26.20,26.40,26.40,26.40,26.20,26.60,26.40,26.10,26.20,26.10,26.20,26.20,26.20,26.20,26.20,26.20,26.10,26.20,26.10,26.10,25.90,25.80,26.10,26.20,26.20,26.10,26.00,26.00,25.90
25.60,25.50,25.50,25.40,25.60,25.70,25.80,25.80,25.60,25.90,26.00,25.80,25.80,25.80,26.10,26.10,26.20,26.10,26.20,26.30,26.40,26.40,26.20,26.20,26.20,26.20,26.50,26.40,26.10,26.50,26.40,26.20,26.50,26.60,26.60,26.50,26.40,26.40,26.40,26.20,26.20,26.20,26.40,26.20,26.10,26.10,26.20,26.00,26.10,25.90,25.90,25.80,25.40,25.70,25.70,25.60,25.50,25.70,25.70,25.60,25.50,25.50,25.50,25.50,25.40,25.60,25.50,25.40,25.50,25.50,25.50,25.50,25.50,25.70,25.70,25.80,25.70,25.70,25.70,25.80,25.80,25.90,25.80,25.90,25.80,25.80,25.70,25.90,25.80,25.90,25.80,25.70,26.00,25.80,25.80,25.70,25.90,25.90,25.70,25.90,26.10,25.90,25.80,25.90,25.80,25.90,25.70,25.90,25.90,25.90,25.90,25.80,25.90,25.80,26.10,26.00,25.90,26.10,25.90,25.80,25.80,25.90,26.00,26.00,26.00,25.80,25.90,25.90,26.20,26.20,26.40,26.10,26.30,26.10,26.30,26.40,26.60,26.60,26.80,26.70,26.60,26.10,25.90,25.50,25.70,25.60,25.40,25.60,25.50,25.50,25.60,25.50,25.30,25.40,25.20,25.20,25.30,25.20,25.10,25.10,25.10,25.20,25.10,25.30,25.30,25.00,25.10,25.00,24.90,25.10,25.10,25.10,24.90,25.00,25.00,25.10,25.10,25.00,25.10,25.10,25.10,25.20,25.10,25.20,25.00,24.90,24.90,25.10,25.10,24.90,25.10,25.10,25.50,25.70,25.90,26.20,26.10,25.90,25.90,26.00,26.00,25.90,25.90,25.80,25.80,25.90,25.80,25.90,26.00,25.90,26.10,26.20,26.10,26.10,26.10,26.10,26.20,26.20,26.20,26.30,26.20,26.10,26.50,26.30,26.30,26.60,26.40,26.30,26.40,26.40,26.40,26.40,26.60,26.40,26.60,26.40,26.50,26.50,26.50,26.40,26.60,26.60,26.50,26.60,26.60,26.60,26.90,26.70,26.70,26.70,26.60,26.70,26.90,26.70,26.70,26.70,26.70,26.80,26.90,26.90,26.90,26.80,26.80,26.90,26.80,26.70,26.80,26.60,26.90,27.00,26.90,27.00,26.90,26.80,26.90,26.70,26.90,26.80,26.80,26.30,26.40,26.10,25.90,26.00,25.90,26.10,26.30,26.20,26.40,26.60,26.40,26.60,26.70,26.60,26.90,26.70,26.70,26.60,26.60,26.40,26.50,26.40,26.20,26.30,26.30,26.30,26.50,26.40,26.40,26.50,26.20,26.30,26.00,26.10,26.10,26.10,26.20,26.20,26.20,26.30,26.20,26.30,26.30,26.30,26.20,26.30,26.40,26.40,26.40,26.40,26.20,26.40,26.20,26.10,26.20,26.40,26.20,26.30,26.40,26.20,26.30,26.30,26.40,26.30,26.40,26.20,26.10,26.00,26.20,26.20,26.20,26.20,26.30,26.30,26.20,26.20,26.10,26.10,26.10,26.20,26.20,26.20,26.30,26.20,26.20,26.10,26.20,26.20,26.20,26.10,26.20,26.40,26.30,26.20,26.20,26.50,26.50,26.20,26.20,26.10,26.10,26.10
25.60,25.70,25.60,25.50,25.60,25.60,25.90,25.70,25.50,25.60,25.70,25.70,25.80,26.00,26.00,26.10,26.10,26.20,26.30,26.30,26.40,26.20,26.10,26.20,26.20,26.20,26.40,26.40,26.50,26.70,26.40,26.30,26.40,26.40,26.40,26.20,26.30,26.40,26.40,26.30,26.10,26.20,26.20,26.10,25.90,26.10,26.10,25.80,25.90,25.70,25.80,25.80,25.50,25.60,25.60,25.60,25.50,25.60,25.50,25.60,25.50,25.50,25.60,25.50,25.60,25.60,25.50,25.50,25.50,25.70,25.70,25.70,25.60,25.70,25.80,25.80,25.90,25.90,25.90,26.00,25.90,25.90,25.80,25.80,25.60,25.80,25.60,26.00,25.80,25.50,25.80,25.70,25.80,25.70,25.60,25.60,25.70,25.60,25.90,26.10,25.60,25.70,25.80,25.80,25.90,25.90,26.00,25.90,26.10,26.00,25.90,26.00,26.00,26.00,26.10,26.00,26.10,26.10,26.10,26.10,26.10,26.20,25.90,25.70,26.10,25.80,26.10,26.10,26.20,26.20,26.20,26.10,26.10,26.20,26.20,26.40,26.60,26.40,26.60,26.80,26.70,26.20,25.60,25.60,25.80,25.50,25.50,25.50,25.50,25.60,25.80,25.50,25.50,25.50,25.30,25.20,25.30,25.10,25.10,25.20,25.40,25.20,25.30,25.20,25.20,25.10,25.00,25.10,24.90,25.20,25.10,25.20,25.10,25.10,25.10,25.10,25.20,25.10,25.10,25.10,25.00,25.20,25.00,25.00,25.00,25.10,25.10,25.10,25.10,25.10,25.10,25.10,25.40,25.60,25.90,26.00,26.10,26.10,26.10,26.20,26.10,25.90,25.90,25.70,25.70,25.80,25.90,25.90,26.00,26.10,26.10,26.10,26.20,26.20,26.10,26.00,26.10,26.40,26.40,26.20,26.20,26.20,26.20,26.20,26.40,26.50,26.40,26.40,26.40,26.40,26.20,26.60,26.70,26.50,26.70,26.20,26.40,26.60,26.50,26.40,26.50,26.40,26.60,26.50,26.60,26.40,26.60,26.70,26.80,26.60,26.70,26.70,26.70,26.70,26.70,26.70,26.60,26.80,26.90,26.70,26.70,26.90,26.90,26.80,26.80,26.80,26.70,26.70,27.00,26.90,26.90,26.90,26.90,27.00,26.80,26.70,26.70,26.90,26.70,26.20,26.30,26.00,25.90,26.10,26.10,26.40,26.20,26.20,26.60,26.50,26.40,26.60,26.80,26.60,26.60,26.50,26.60,26.80,26.60,26.60,26.40,26.40,26.40,26.50,26.40,26.20,26.10,26.30,26.20,26.50,26.10,26.30,26.10,26.30,26.30,26.20,26.20,26.30,26.20,26.20,26.50,26.50,26.40,26.20,26.20,26.40,26.20,26.40,26.50,26.60,26.40,26.40,26.20,26.20,26.10,26.40,26.40,26.30,26.10,25.80,26.20,26.30,26.20,26.20,26.40,26.60,26.60,26.10,26.30,26.30,26.10,26.20,26.10,26.10,26.30,26.30,26.20,26.20,26.10,26.00,26.30,26.20,26.10,26.20,26.10,26.00,26.10,26.20,26.30,26.20,26.20,26.40,26.20,26.10,26.20,26.20,26.40,26.20,26.10,26.00,26.10,26.10
25.80,25.60,25.60,25.70,25.60,25.60,25.80,25.60,25.50,25.80,25.80,25.80,25.90,25.90,25.80,26.00,26.20,26.20,26.20,26.10,26.10,26.10,26.20,26.30,26.20,26.20,26.60,26.40,26.30,26.40,26.20,26.20,26.30,26.50,26.40,26.40,26.60,26.50,26.40,26.40,26.10,26.10,26.10,26.20,25.90,25.80,25.70,25.70,25.70,25.80,25.80,25.80,25.60,25.90,25.80,25.60,25.50,25.60,25.60,25.60,25.80,25.70,25.50,25.40,25.60,25.70,25.50,25.50,25.70,25.80,25.60,25.80,25.90,25.80,25.70,25.90,25.80,25.80,25.80,25.80,25.90,25.90,25.60,25.80,25.70,25.80,25.60,25.60,25.60,25.50,25.50,25.60,25.50,25.70,25.60,25.60,25.80,25.70,25.50,25.70,25.50,25.90,25.80,25.80,25.90,25.90,25.90,26.10,25.90,26.00,26.00,26.00,26.00,26.10,26.10,26.10,26.20,26.10,26.20,26.10,26.10,26.00,26.20,26.20,26.10,26.00,26.10,26.00,26.10,26.10,26.00,26.20,26.00,26.30,26.20,26.10,26.60,26.50,26.70,26.60,26.50,26.30,25.80,25.80,25.70,25.50,25.50,25.40,25.50,25.50,25.80,25.70,25.60,25.70,25.50,25.40,24.90,25.30,25.30,25.30,25.40,25.30,25.30,25.10,25.10,25.10,25.10,25.00,24.80,25.10,24.90,25.20,25.00,25.20,25.20,25.20,25.30,25.20,25.20,24.90,25.10,25.00,25.10,24.90,25.10,24.90,24.90,25.10,25.10,25.20,25.10,24.80,25.20,25.40,25.70,25.90,25.90,26.20,26.30,26.10,26.20,26.10,26.10,25.90,25.60,25.80,26.10,26.00,25.90,26.20,26.20,26.10,26.10,26.20,26.10,26.10,26.20,26.30,26.40,26.20,26.20,26.20,26.20,26.40,26.30,26.20,26.20,26.40,26.40,26.40,26.30,26.50,26.40,26.50,26.60,26.40,26.50,26.50,26.50,26.60,26.40,26.60,26.70,26.50,26.50,26.40,26.60,26.60,26.60,26.70,26.60,26.60,26.50,26.60,26.70,26.60,26.60,26.80,26.70,26.70,26.80,27.00,26.90,26.90,26.70,26.70,26.90,26.90,26.90,27.00,26.70,26.70,26.80,26.90,26.80,26.70,26.70,26.70,26.60,26.40,26.10,25.90,26.10,26.10,26.20,26.20,26.10,26.40,26.50,26.40,26.40,26.60,26.70,26.70,27.00,26.80,26.40,26.70,26.60,26.70,26.60,26.40,26.50,26.60,26.50,26.40,26.20,26.30,26.30,26.40,26.10,26.40,26.30,26.40,26.40,26.20,26.10,26.20,26.20,26.40,26.40,26.40,26.40,26.30,26.40,26.30,26.20,26.20,26.40,26.10,26.40,26.40,26.30,26.20,26.20,26.40,26.20,26.10,26.40,26.10,26.30,26.40,26.30,26.30,26.30,26.30,26.20,26.40,26.40,26.40,26.20,26.30,26.30,25.90,26.10,26.10,26.20,26.30,26.20,26.00,26.20,26.20,26.20,26.20,26.20,26.00,26.20,26.30,26.50,26.40,26.30,26.20,26.10,26.00,26.10,26.10,26.00,26.10,26.20,26.50,26.40,26.20
25.60,25.40,25.50,25.50,25.60,25.50,25.40,25.50,25.60,25.80,25.90,26.00,25.80,26.00,26.20,26.10,26.10,26.20,26.30,26.40,26.30,26.40,26.30,26.20,26.20,26.20,26.60,26.10,26.20,26.40,26.40,26.30,26.30,26.60,26.30,26.20,26.40,26.40,26.40,26.20,26.00,25.90,26.10,26.10,25.90,25.90,25.80,25.80,25.80,25.90,25.80,25.70,25.70,25.50,25.60,25.60,25.50,25.70,25.60,25.60,25.60,25.60,25.70,25.60,25.50,25.80,25.50,25.50,25.60,25.80,26.00,25.90,25.70,25.80,25.70,25.90,25.60,25.60,25.50,25.60,25.80,25.70,25.70,25.90,25.80,25.90,25.60,25.70,25.70,25.50,25.50,25.70,25.50,25.60,25.60,25.60,25.80,25.80,25.80,25.80,25.50,25.90,25.90,25.80,25.80,25.80,25.80,26.10,26.00,26.00,25.90,26.00,26.10,25.90,26.10,26.10,26.10,26.20,26.10,26.20,26.10,25.90,26.30,25.90,26.10,26.10,26.10,26.10,26.10,26.20,26.00,26.30,26.10,26.30,26.40,26.20,26.40,26.60,26.70,26.80,26.70,26.60,26.10,25.80,25.60,25.60,25.60,25.20,25.60,25.70,25.90,26.00,25.80,25.60,25.60,25.40,25.00,25.40,25.40,25.20,25.20,25.20,25.40,25.10,25.30,25.10,25.10,24.90,24.70,25.10,25.00,25.00,25.10,25.10,25.20,25.00,25.10,24.80,24.90,24.90,25.10,25.10,25.10,24.90,25.30,25.10,25.10,25.10,25.20,25.10,25.20,24.90,25.20,25.20,25.10,25.50,25.80,25.90,26.20,25.80,26.20,25.90,26.10,25.80,25.80,26.10,26.10,26.00,26.00,26.10,26.00,26.10,26.10,26.20,26.20,26.20,26.30,26.20,26.30,26.20,26.20,26.40,26.10,26.40,26.40,26.10,26.40,26.40,26.20,26.40,26.30,26.60,26.40,26.60,26.50,26.40,26.60,26.50,26.60,26.70,26.60,26.70,26.70,26.60,26.60,26.60,26.50,26.60,26.60,26.60,26.50,26.40,26.60,26.50,26.70,26.70,26.60,26.70,26.90,26.90,26.50,26.40,26.60,26.90,26.90,26.70,26.90,27.00,26.70,26.90,26.60,26.90,26.90,26.90,26.90,26.80,26.90,26.60,26.40,26.40,25.90,26.10,25.90,25.80,25.90,26.10,26.10,26.40,26.60,26.40,26.70,26.70,26.70,26.80,26.90,26.60,26.70,26.60,26.70,26.80,26.70,26.70,26.60,26.60,26.40,26.40,26.40,26.30,26.40,26.40,26.20,26.20,26.20,26.40,26.40,26.30,26.20,26.40,26.30,26.30,26.30,26.30,26.30,26.30,26.40,26.30,26.30,26.40,26.40,26.50,26.20,26.30,26.30,26.20,26.40,26.40,26.40,26.30,26.40,26.40,26.30,26.30,26.40,26.30,26.30,26.40,26.40,26.20,26.30,26.30,26.30,26.20,26.10,26.40,26.20,26.10,26.20,26.20,26.20,26.00,26.20,26.30,26.20,26.20,26.10,26.20,26.20,26.30,26.10,26.10,26.00,26.20,26.20,26.00,26.10,26.00,25.90,25.90,25.80,25.80,26.10,26.30
25.40,25.40,25.40,25.40,25.50,25.50,25.50,25.70,25.70,25.80,25.90,26.00,25.80,25.90,25.90,25.80,25.90,26.10,26.40,26.40,26.20,26.30,26.40,26.40,26.10,26.40,26.60,26.00,26.10,26.20,26.60,26.40,26.50,26.70,26.10,26.20,26.20,26.00,26.20,26.20,25.90,26.00,26.00,26.00,26.20,26.00,26.10,25.90,25.60,25.90,25.70,25.80,25.80,25.70,25.60,25.80,25.80,25.70,25.40,25.70,25.50,25.50,25.60,25.60,25.60,25.60,25.60,25.60,25.70,25.80,25.80,25.90,25.80,25.60,25.60,25.60,25.50,25.70,25.60,25.60,25.80,25.80,25.80,25.80,25.80,25.70,25.60,25.50,25.80,25.50,25.80,25.60,25.60,25.60,25.70,25.90,25.70,25.60,25.80,25.90,25.60,25.60,25.90,25.70,26.00,26.00,25.80,26.00,26.00,26.20,26.00,26.00,26.20,26.10,26.10,26.10,26.10,26.20,26.30,26.10,26.10,26.10,26.40,26.30,26.10,26.10,26.10,26.10,26.10,26.20,26.00,26.10,26.20,26.20,26.30,26.40,26.60,26.40,26.40,26.70,26.70,26.70,26.20,25.70,25.60,25.70,25.40,25.50,25.30,25.40,25.50,25.90,26.10,25.80,25.60,25.40,25.50,25.40,25.40,25.40,25.40,25.40,25.30,25.20,25.20,25.20,25.20,25.10,24.90,24.90,25.10,24.90,25.00,25.10,25.20,25.10,25.10,25.00,25.10,24.90,25.20,25.10,25.10,25.00,24.80,25.20,25.00,25.20,25.10,25.00,25.10,24.90,25.10,24.90,25.10,25.20,25.70,25.80,25.90,25.90,26.10,26.20,25.70,26.20,25.90,25.80,26.00,25.70,25.80,26.00,25.80,26.10,26.10,26.30,26.20,26.10,26.30,26.20,26.20,26.30,26.40,26.20,26.20,26.40,26.40,26.40,26.40,26.30,26.40,26.40,26.70,26.40,26.10,26.50,26.40,26.40,26.50,26.40,26.60,26.60,26.60,26.60,26.80,26.60,26.70,26.70,26.70,26.60,26.70,26.60,26.70,26.50,26.70,26.60,26.60,26.80,26.70,26.70,26.60,26.60,26.60,26.60,26.70,26.80,26.90,26.70,26.90,27.00,26.90,26.80,26.70,26.90,27.00,27.00,26.90,27.00,26.90,26.60,26.30,26.20,26.10,26.00,25.70,26.20,26.40,26.10,26.20,26.40,26.60,26.50,26.60,26.60,26.80,26.40,26.50,26.60,26.70,26.70,26.60,26.70,26.70,26.70,26.70,26.70,26.70,26.50,26.50,26.50,26.50,26.40,26.40,26.40,26.30,26.20,26.30,26.30,26.30,26.40,26.20,26.20,26.40,26.50,26.30,26.40,26.30,26.40,26.60,26.60,26.30,26.50,26.40,26.30,26.30,26.20,26.40,26.40,26.40,26.40,26.20,26.40,26.40,26.10,26.10,26.40,26.50,26.60,26.20,26.20,26.10,26.30,26.30,26.30,26.30,26.20,26.20,26.10,26.20,26.10,26.10,26.50,26.40,26.20,26.20,26.20,26.20,26.20,26.20,26.20,26.30,26.30,26.20,26.40,26.20,26.00,26.20,26.20,26.00,26.00,26.00,26.10,26.00,26.20
25.40,25.50,25.50,25.50,25.60,25.60,25.60,25.80,25.80,25.80,25.90,25.90,25.70,25.80,25.90,26.10,26.10,26.10,26.40,26.30,26.20,26.40,26.20,26.20,26.30,26.50,26.30,26.10,26.10,26.10,26.20,26.20,26.40,26.60,26.20,26.20,26.20,26.10,26.20,26.00,25.90,25.90,25.90,26.10,26.20,25.90,25.90,25.80,25.60,25.70,25.70,25.80,25.80,25.80,25.40,25.70,25.70,25.60,25.50,25.60,25.60,25.50,25.80,25.60,25.40,25.60,25.70,25.60,25.80,25.80,25.70,25.70,25.60,25.60,25.60,25.60,25.80,25.90,25.70,25.60,25.80,25.80,25.70,25.60,25.50,25.50,25.60,25.60,25.50,25.60,25.60,25.50,25.70,25.70,25.70,25.90,25.60,25.80,25.80,25.80,25.80,25.80,25.90,25.90,26.10,25.90,25.90,25.90,25.90,26.00,26.00,26.20,26.10,26.20,26.20,26.20,26.40,26.30,26.30,26.30,26.20,26.20,26.30,26.20,26.40,26.20,26.20,26.20,26.10,26.20,26.30,26.30,26.20,26.30,26.40,26.30,26.30,26.60,26.50,26.60,26.70,26.60,26.50,25.90,25.80,25.80,25.60,25.80,25.50,25.50,25.40,25.70,25.80,25.80,25.50,25.30,25.30,25.20,25.40,25.40,25.50,25.30,25.20,25.30,25.20,25.10,25.10,25.20,24.90,24.90,25.10,25.10,25.10,25.00,25.20,25.30,25.00,25.00,25.10,25.10,25.30,25.20,25.10,25.20,25.20,25.20,25.10,25.30,24.90,25.20,25.20,25.10,25.10,25.10,25.10,25.10,25.40,25.60,25.90,26.00,26.10,26.20,25.90,25.80,25.90,25.80,25.80,26.00,25.90,26.10,26.00,26.10,26.00,26.30,26.10,26.20,26.20,26.20,26.20,26.20,26.20,26.20,26.40,26.30,26.20,26.20,26.20,26.40,26.30,26.40,26.40,26.20,26.30,26.30,26.40,26.30,26.60,26.40,26.40,26.30,26.40,26.60,26.70,26.50,26.60,26.50,26.70,26.70,26.70,26.70,26.80,26.40,26.60,26.60,26.70,26.70,26.70,26.70,26.70,26.80,26.90,26.80,26.80,26.80,26.80,26.70,26.90,26.70,26.90,26.80,26.70,26.80,27.00,26.90,26.70,27.00,27.00,26.60,26.30,26.20,26.10,25.90,25.90,26.20,26.30,26.40,26.40,26.20,26.50,26.40,26.40,26.60,26.60,26.60,26.40,26.70,26.60,26.70,26.60,26.50,26.60,26.60,26.70,26.60,26.60,26.70,26.60,26.60,26.60,26.60,26.60,26.50,26.50,26.40,26.20,26.20,26.20,26.30,26.60,26.60,26.50,26.40,26.60,26.20,26.20,26.20,26.30,26.20,26.20,26.50,26.40,26.30,26.20,26.20,26.40,26.40,26.40,26.30,26.20,26.20,26.20,25.90,26.20,26.20,26.30,26.60,26.10,26.20,26.20,26.30,26.30,26.20,26.30,26.20,26.20,26.20,26.30,26.30,26.20,26.40,26.30,26.20,26.20,26.20,26.30,26.10,26.20,26.40,26.40,26.30,26.40,26.30,26.30,26.00,26.20,26.30,26.20,26.20,26.10,26.20,26.20,26.10
25.60,25.60,25.70,25.70,25.60,25.60,25.60,25.50,25.40,25.50,25.80,25.70,25.80,26.00,26.10,26.10,26.20,26.20,26.10,26.20,26.30,26.30,26.10,26.00,26.00,25.90,25.90,26.20,26.10,26.20,26.40,26.20,26.20,26.10,26.10,26.20,26.20,26.10,26.10,26.00,26.00,26.00,25.90,26.10,26.10,25.80,25.80,25.60,25.80,25.90,25.70,25.80,25.80,25.70,25.50,25.90,25.70,25.60,25.50,25.40,25.60,25.50,25.80,25.70,25.60,25.60,25.80,25.70,25.80,25.70,25.70,25.60,25.60,25.60,25.50,25.80,25.80,25.80,25.70,25.60,25.70,25.80,25.80,25.60,25.60,25.60,25.60,25.60,25.50,25.50,25.60,25.50,25.80,25.80,25.80,26.10,25.70,25.80,25.80,25.90,25.90,25.80,25.90,25.90,25.90,25.90,26.00,25.90,25.80,25.90,26.00,26.20,26.20,26.20,26.20,26.20,26.30,26.10,26.40,26.50,26.50,26.20,26.20,26.40,26.30,26.30,26.40,26.40,26.30,26.30,26.40,26.10,26.20,26.10,26.10,26.60,26.30,26.30,26.40,26.60,26.60,26.70,26.70,26.10,25.80,25.80,26.00,25.90,25.70,25.70,25.40,25.20,25.50,25.50,25.20,25.60,25.20,25.50,25.50,25.40,25.40,25.30,25.30,25.20,25.40,25.10,25.10,25.10,24.90,24.90,25.10,25.20,25.10,25.10,25.00,24.90,24.90,25.10,25.20,24.90,25.40,25.10,25.00,25.00,25.00,25.00,25.20,25.10,25.20,25.20,25.20,25.10,25.10,25.10,24.80,25.10,25.20,25.30,25.50,25.60,25.90,26.10,26.00,25.70,25.90,25.90,26.10,25.90,25.90,25.80,25.90,26.10,26.10,26.10,26.20,26.20,26.20,26.20,26.20,26.00,26.20,26.30,26.40,26.40,26.20,26.30,26.20,26.40,26.30,26.40,26.40,26.20,26.30,26.60,26.50,26.40,26.60,26.50,26.60,26.40,26.50,26.60,26.60,26.40,26.50,26.50,26.60,26.50,26.60,26.60,26.70,26.70,26.60,26.60,26.60,26.70,26.70,26.60,26.80,26.50,26.60,26.80,26.70,26.80,26.80,26.80,26.70,26.70,26.60,26.90,26.70,26.90,26.70,26.90,26.80,26.80,26.70,26.40,26.20,26.10,25.90,26.10,26.10,25.90,26.20,26.40,26.40,26.40,26.40,26.60,26.60,26.40,26.70,26.70,26.60,26.70,26.70,26.70,26.60,26.60,26.60,26.70,26.80,26.80,26.70,26.60,26.70,26.50,26.60,26.50,26.40,26.40,26.40,26.50,26.40,26.30,26.20,26.30,26.30,26.20,26.40,26.30,26.70,26.10,26.20,26.30,26.40,26.60,26.40,26.40,26.30,26.20,26.10,26.60,26.50,26.20,26.10,26.20,26.20,26.20,26.10,26.30,26.40,26.40,26.10,26.50,26.30,26.10,25.90,26.10,26.20,26.20,26.10,26.20,26.20,26.40,26.40,26.30,26.10,26.20,26.20,26.20,26.20,26.20,26.40,26.40,26.30,26.40,26.40,26.40,26.40,26.30,26.10,26.10,26.00,26.10,26.10,26.10,26.20,26.20,26.20,26.10
25.60,25.80,25.80,25.60,25.50,25.70,25.60,25.60,25.50,25.60,25.80,25.90,26.10,26.10,26.00,26.00,26.10,26.00,25.90,26.20,26.20,26.10,25.90,26.00,26.10,26.00,26.10,26.10,26.00,26.20,26.40,26.00,26.10,26.20,26.20,26.10,26.10,26.10,26.10,26.10,26.00,25.90,26.10,26.10,25.90,25.90,25.90,25.80,25.60,25.60,25.70,25.60,25.70,25.60,25.50,25.60,25.50,25.40,25.40,25.50,25.60,25.80,25.90,25.80,25.60,25.60,25.60,25.80,25.90,25.90,25.80,25.80,25.80,25.70,25.70,25.80,25.60,25.60,25.70,25.80,25.40,25.40,25.50,25.60,25.60,25.60,25.60,25.50,25.60,25.60,25.60,25.60,25.70,25.80,25.90,25.90,25.70,25.80,25.80,25.80,25.80,25.90,26.10,26.10,26.10,26.10,26.10,26.10,26.20,26.10,26.20,26.40,26.10,26.30,26.40,26.20,26.20,26.40,26.20,26.20,26.50,26.20,26.40,26.20,26.20,26.50,26.40,26.50,26.50,26.30,26.40,26.40,26.40,26.30,26.40,26.60,26.50,26.40,26.60,26.60,26.70,26.70,26.60,26.20,25.90,25.90,25.90,26.20,25.90,25.40,25.40,25.40,25.50,25.50,25.60,25.60,25.50,25.40,25.40,25.40,25.30,25.40,25.30,25.20,25.40,25.10,25.00,24.90,25.00,25.00,24.80,25.20,25.00,25.00,25.00,25.10,24.90,24.90,25.10,25.10,24.90,25.00,25.10,25.10,24.80,25.00,25.00,25.10,25.10,25.00,24.90,25.00,25.10,25.10,24.90,25.30,24.90,25.00,25.50,25.50,25.80,26.10,25.70,26.20,25.90,25.80,26.10,26.10,25.90,26.10,25.90,26.00,26.10,26.10,26.10,26.30,26.20,26.20,26.20,26.30,26.30,26.30,26.20,26.40,26.20,26.20,26.20,26.40,26.50,26.60,26.50,26.40,26.40,26.50,26.20,26.40,26.60,26.50,26.70,26.50,26.50,26.60,26.60,26.40,26.50,26.40,26.60,26.40,26.50,26.50,26.70,26.60,26.40,26.40,26.60,26.70,26.60,26.70,26.70,26.60,26.90,26.70,26.50,26.60,26.90,26.70,26.70,26.70,26.70,26.90,26.80,26.70,26.70,26.90,26.90,26.90,26.70,26.50,26.20,26.10,26.00,25.90,26.10,26.20,26.10,26.20,26.30,26.50,26.60,26.60,26.70,26.70,26.70,26.80,26.70,26.70,26.80,26.70,26.50,26.60,26.60,26.40,26.40,26.70,26.80,26.50,26.80,26.50,26.50,26.70,26.80,26.80,26.60,26.40,26.60,26.40,26.40,26.20,26.20,26.20,26.40,26.30,26.60,26.30,26.10,26.20,26.20,26.30,26.40,26.30,26.20,26.30,26.30,26.30,26.20,26.30,26.20,26.20,26.20,26.10,26.30,26.40,26.40,26.40,26.20,26.40,26.30,26.10,26.20,26.40,26.40,26.20,26.10,26.20,26.30,26.40,26.30,26.20,26.00,26.10,26.20,26.20,26.20,26.20,26.00,26.20,26.40,26.20,26.30,26.40,26.40,26.20,26.10,26.30,26.20,26.10,26.10,26.10,26.10,26.10,26.10,26.10
25.60,25.70,25.80,25.70,25.70,25.80,25.80,25.70,25.70,25.80,25.80,25.60,25.70,25.80,25.90,25.90,26.20,26.00,25.90,26.10,26.10,26.00,25.90,26.10,26.20,26.00,26.20,26.20,25.90,26.10,26.10,25.90,26.10,26.20,26.20,26.20,26.20,26.20,26.20,25.90,25.80,25.90,26.20,25.80,25.80,25.90,25.90,25.70,25.60,25.50,25.50,25.40,25.60,25.50,25.50,25.60,25.50,25.60,25.60,25.60,25.70,25.90,25.90,25.60,26.00,25.80,25.60,25.70,25.90,25.90,25.80,25.80,25.60,25.50,25.60,25.80,25.80,25.80,25.70,25.80,25.60,25.80,25.80,25.80,25.60,25.70,25.50,25.50,25.60,25.60,25.60,25.60,25.60,25.80,25.80,25.80,25.80,25.70,25.70,25.80,25.90,25.90,25.90,26.10,26.10,25.90,26.20,26.10,26.40,26.20,26.20,26.30,26.10,26.40,26.40,26.40,26.40,26.30,26.40,26.60,26.50,26.40,26.30,26.50,26.60,26.50,26.50,26.40,26.70,26.30,26.30,26.50,26.50,26.40,26.10,26.60,26.40,26.30,26.50,26.60,26.60,26.60,26.60,26.50,26.10,25.90,25.60,25.80,26.10,25.90,25.50,25.20,25.40,25.50,25.30,25.50,25.40,25.40,25.20,25.30,25.30,25.40,25.40,25.30,25.20,25.20,25.10,24.80,24.90,24.90,25.00,25.10,24.80,25.20,25.10,25.10,25.00,25.00,25.00,25.00,24.90,25.10,25.00,24.90,24.90,25.20,25.10,25.10,24.90,25.10,25.10,25.20,24.90,25.10,25.30,25.20,25.10,25.10,24.90,25.10,25.40,25.90,25.90,26.10,25.80,25.80,25.90,25.60,25.90,26.10,26.20,26.20,26.20,26.20,26.20,26.20,26.20,26.10,26.30,26.40,26.30,26.30,26.20,26.40,26.20,26.10,26.30,26.30,26.20,26.40,26.40,26.10,26.40,26.40,26.50,26.60,26.40,26.40,26.60,26.50,26.40,26.60,26.60,26.40,26.60,26.40,26.60,26.40,26.40,26.40,26.40,26.40,26.40,26.40,26.60,26.60,26.60,26.70,26.70,26.70,26.70,26.60,26.40,26.90,26.80,26.70,26.70,26.70,26.80,26.80,26.70,27.30,26.60,26.70,26.60,26.90,26.70,26.50,26.20,26.00,26.10,26.10,25.90,25.90,26.20,26.40,26.40,26.60,26.70,26.70,26.60,26.60,26.60,26.70,26.70,26.60,26.70,26.70,26.60,26.60,26.60,26.30,26.70,26.60,26.70,26.60,26.60,26.50,26.60,26.50,26.50,26.70,26.50,26.50,26.60,26.50,26.30,26.40,26.50,26.30,26.60,26.40,26.50,26.40,26.40,26.40,26.30,26.50,26.40,26.30,26.30,26.10,26.30,26.30,26.40,26.50,26.40,26.20,26.20,26.40,26.40,26.20,26.20,26.20,26.30,26.40,26.40,26.40,26.40,26.30,26.20,26.20,26.20,26.20,26.10,26.10,26.10,26.20,26.10,26.20,26.40,26.20,26.20,26.20,26.20,26.20,26.40,26.20,26.20,26.20,26.20,26.10,25.90,26.00,26.10,26.20,26.20,26.10,26.20,26.20,26.20,26.20
25.60,25.60,25.60,25.80,25.90,25.80,25.60,25.60,25.80,25.90,25.90,25.80,25.90,25.90,25.90,26.10,26.00,26.00,26.00,26.10,26.10,26.10,25.90,26.10,26.10,26.10,26.20,26.10,25.90,26.00,26.10,26.10,26.10,26.10,26.10,26.10,26.20,26.20,26.20,25.80,25.80,25.80,25.80,25.80,25.90,25.90,25.80,25.80,25.60,25.70,25.70,25.70,25.60,25.60,25.60,25.60,25.50,25.40,25.70,25.80,25.80,25.80,25.80,25.60,25.80,25.70,25.70,25.60,25.60,25.80,25.60,25.60,25.50,25.60,25.50,25.50,25.80,25.90,25.70,25.70,25.70,25.80,25.80,25.80,25.80,25.60,25.60,25.60,25.60,25.80,25.90,25.80,25.90,25.80,25.80,25.90,25.90,25.90,25.90,25.80,25.80,25.90,26.00,26.10,26.00,26.10,26.10,26.10,26.10,26.20,26.20,26.40,26.30,26.30,26.40,26.60,26.40,26.20,26.60,26.60,26.30,26.70,26.60,26.40,26.40,26.50,26.40,26.20,26.70,26.40,26.60,26.50,26.40,26.40,26.60,26.50,26.40,26.50,26.40,26.60,26.40,26.60,26.60,26.50,26.40,26.00,25.90,25.80,25.90,25.90,25.50,25.60,25.50,25.60,25.40,25.40,25.30,25.50,25.30,25.50,25.20,25.40,25.20,25.40,25.20,25.30,25.00,24.70,25.10,25.00,25.00,25.30,25.00,25.00,25.20,25.00,25.10,24.90,25.10,25.20,24.90,25.10,25.00,25.10,25.00,25.00,24.90,25.30,25.10,25.20,25.40,25.10,25.10,25.10,25.20,25.10,24.90,24.90,25.00,25.10,25.30,25.60,25.90,26.20,26.10,25.80,25.90,25.60,25.90,25.80,26.10,26.20,26.20,26.20,26.20,26.20,26.20,26.30,26.40,26.40,26.40,26.30,26.30,26.20,26.30,26.20,26.30,26.20,26.30,26.40,26.40,26.40,26.10,26.40,26.40,26.20,26.20,26.40,26.50,26.40,26.40,26.50,26.50,26.50,26.60,26.60,26.60,26.60,26.70,26.40,26.60,26.70,26.60,26.60,26.60,26.60,26.40,26.70,26.70,26.60,26.60,26.60,26.60,26.90,26.60,26.60,26.60,26.80,26.70,26.70,26.60,26.70,26.90,26.70,26.70,26.70,26.60,26.40,26.10,26.20,26.10,26.20,25.90,26.10,26.30,26.50,26.40,26.60,26.70,26.70,26.70,26.80,26.80,27.00,26.80,26.70,26.60,26.60,26.60,26.90,26.50,26.90,26.60,26.70,26.60,26.60,26.60,26.40,26.60,26.70,26.60,26.50,26.40,26.70,26.60,26.50,26.40,26.40,26.60,26.50,26.60,26.60,26.60,26.50,26.40,26.20,26.40,26.40,26.30,26.20,26.40,26.30,26.20,26.10,26.10,26.50,26.40,26.40,26.40,26.30,26.20,26.20,26.20,26.40,26.30,26.40,26.50,26.20,26.40,26.40,26.20,26.20,26.20,26.20,26.20,26.20,26.20,26.30,26.40,26.40,26.50,26.40,26.40,26.40,26.20,26.10,26.20,26.20,26.20,26.20,26.20,26.10,26.20,26.10,26.00,26.10,26.20,26.20,26.30,26.30,26.30,26.20
25.80,25.60,25.80,25.80,25.60,25.40,25.90,25.80,25.60,25.80,25.80,25.70,25.80,25.80,25.90,25.80,25.70,26.10,25.90,25.80,26.00,26.10,26.20,26.00,26.10,25.90,25.90,25.90,25.90,25.90,26.10,26.10,26.00,26.10,26.00,25.90,25.90,26.00,25.90,25.80,25.80,25.90,25.80,25.80,25.80,25.80,25.90,25.80,25.60,25.60,25.50,25.50,25.50,25.50,25.60,25.60,25.40,25.50,25.50,25.60,25.60,25.70,25.80,25.60,25.80,25.80,25.70,25.60,25.60,25.80,25.60,25.40,25.60,25.50,25.70,25.70,25.60,25.70,25.80,25.80,25.90,25.70,25.80,25.80,25.80,25.60,25.80,25.60,25.60,25.80,25.70,25.70,25.70,25.60,25.70,25.90,25.90,25.90,25.90,25.90,25.90,25.90,26.00,26.00,26.00,26.20,25.90,26.00,26.00,26.30,26.20,26.30,26.40,26.60,26.60,26.60,26.50,26.50,26.60,26.50,26.50,26.60,26.50,26.60,26.50,26.50,26.60,26.50,26.60,26.60,26.70,26.80,26.60,26.40,26.40,26.60,26.40,26.60,26.40,26.70,26.40,26.50,26.50,26.60,26.60,26.20,26.10,25.80,25.70,25.60,25.60,25.80,25.60,25.70,25.60,25.50,25.30,25.40,25.50,25.40,25.30,25.20,25.20,25.50,25.40,25.10,25.20,25.00,25.00,25.00,25.00,24.90,24.90,25.00,25.00,25.10,25.10,25.10,25.20,25.20,25.50,25.10,25.10,25.10,24.90,25.10,25.20,25.30,24.90,25.10,25.20,25.10,25.10,25.10,25.20,25.10,25.00,25.10,24.90,25.10,25.00,25.20,25.50,25.80,25.90,25.90,25.90,25.80,25.90,25.60,25.90,25.90,26.10,26.10,26.20,26.20,26.40,26.40,26.40,26.40,26.40,26.20,26.30,26.10,26.40,26.40,26.40,26.10,26.30,26.30,26.40,26.20,26.20,26.30,26.20,26.30,26.50,26.30,26.40,26.50,26.60,26.50,26.40,26.40,26.60,26.50,26.40,26.40,26.40,26.80,26.70,26.60,26.60,26.60,26.60,26.50,26.60,26.70,26.60,26.80,26.70,26.40,26.70,26.60,26.80,26.60,26.70,26.90,26.80,26.70,26.70,27.00,26.80,26.50,26.90,26.70,26.40,26.30,26.10,26.40,26.10,26.00,25.90,26.30,26.20,26.40,26.40,26.60,26.60,26.60,26.70,26.80,26.60,26.80,26.90,26.80,26.70,26.50,26.80,26.90,26.60,26.90,26.50,26.70,26.60,26.60,26.60,26.60,26.50,26.60,26.70,26.40,26.60,26.70,26.70,26.60,26.60,26.60,26.70,26.60,26.40,26.30,26.40,26.40,26.40,26.50,26.40,26.20,26.10,26.00,26.50,26.30,26.50,26.50,26.20,26.20,26.30,26.20,26.30,26.40,26.50,26.40,26.30,26.40,26.40,26.40,26.50,26.30,26.30,26.40,26.30,26.30,26.40,26.60,26.20,26.30,26.50,26.40,26.50,26.60,26.10,26.10,26.20,26.30,26.20,26.20,26.20,26.20,26.20,26.20,26.40,26.40,26.30,26.30,26.20,26.30,26.40,26.20,26.20,26.20,26.30,26.20
25.90,25.90,25.80,25.80,25.60,25.60,25.80,25.60,25.60,25.50,25.50,25.60,25.80,25.80,25.70,25.60,25.70,25.90,25.80,25.80,25.90,25.90,25.90,25.60,25.80,25.80,25.80,26.00,26.10,26.20,26.10,26.00,26.00,26.10,26.00,26.00,26.10,25.90,25.90,25.90,25.90,26.00,25.90,25.80,25.90,25.70,25.60,25.70,25.60,25.50,25.50,25.50,25.50,25.50,25.60,25.50,25.50,25.60,25.60,25.70,25.80,25.80,25.80,25.80,25.90,25.90,25.80,25.70,25.60,25.60,25.60,25.50,25.60,25.50,25.70,25.60,25.70,25.80,25.80,25.90,25.80,25.60,25.70,25.50,25.40,25.60,25.80,25.70,25.50,25.80,25.80,25.70,25.60,25.80,25.80,25.80,25.90,26.00,26.00,25.90,25.90,25.90,26.00,26.20,26.10,26.10,26.10,26.10,26.00,26.10,26.40,26.60,26.60,26.40,26.40,26.50,26.60,26.60,26.50,26.60,26.70,26.70,26.60,26.60,26.70,26.70,26.70,26.90,26.70,26.80,26.90,26.70,26.90,26.90,26.60,26.60,26.60,26.70,26.70,26.70,26.60,26.50,26.40,26.60,26.50,26.40,26.40,26.10,25.70,25.90,25.90,25.50,25.50,25.50,25.60,25.50,25.40,25.20,25.40,25.20,25.30,25.20,25.30,25.40,25.20,25.20,25.10,25.10,24.90,24.90,25.00,24.90,24.80,25.10,25.00,24.90,25.00,25.30,25.10,24.90,25.20,25.10,25.00,24.90,24.90,25.10,25.10,25.20,25.10,25.10,25.10,25.10,25.00,25.10,25.10,25.20,25.20,25.10,24.90,25.20,25.10,25.20,25.20,25.40,25.80,26.00,25.60,25.70,25.80,25.90,25.90,25.90,26.10,26.20,26.10,26.20,26.10,26.00,26.20,26.20,26.30,26.40,26.30,26.30,26.30,26.20,26.40,26.20,26.30,26.40,26.40,26.30,26.40,26.40,26.30,26.20,26.30,26.40,26.40,26.40,26.50,26.40,26.40,26.40,26.60,26.40,26.40,26.60,26.60,26.60,26.40,26.70,26.60,26.60,26.60,26.50,26.60,26.60,26.60,26.40,26.50,26.40,26.70,26.70,26.90,26.70,26.70,26.80,26.70,26.70,26.80,26.60,26.60,26.50,26.50,26.60,26.30,26.10,26.10,26.20,25.90,25.90,25.90,26.20,26.20,26.40,26.40,26.60,26.70,26.70,26.50,26.70,26.60,26.70,26.80,26.70,26.70,26.70,26.70,26.40,26.70,26.70,26.60,26.60,26.70,26.70,26.80,26.80,26.90,26.70,26.70,26.50,26.70,26.70,26.60,26.60,26.60,26.50,26.80,26.60,26.60,26.70,26.70,26.30,26.40,26.60,26.50,26.30,26.10,26.40,26.40,26.60,26.50,26.50,26.20,26.20,26.40,26.60,26.50,26.40,26.50,26.60,26.40,26.40,26.40,26.30,26.30,26.30,26.30,26.30,26.30,26.30,26.40,26.60,26.40,26.30,26.60,26.40,26.30,26.10,26.00,26.10,26.20,26.30,26.30,26.20,26.30,26.40,26.40,26.40,26.40,26.50,26.40,26.20,26.30,26.20,26.20,26.20,26.20,26.20,26.20,26.20
26.30,26.00,25.90,25.90,25.80,25.80,25.60,25.50,25.50,25.60,25.60,25.60,25.80,25.80,25.80,25.60,25.70,25.80,26.00,26.00,25.90,25.80,25.80,25.90,26.00,26.00,25.90,26.00,26.10,26.10,25.90,25.90,26.10,26.10,26.10,26.10,26.10,26.00,26.10,26.10,26.00,26.20,26.00,25.90,25.80,25.80,25.60,25.60,25.60,25.60,25.50,25.50,25.50,25.40,25.60,25.60,25.70,25.70,25.60,25.70,25.80,25.80,25.80,25.90,25.90,25.80,25.60,25.80,25.80,25.70,25.60,25.60,25.50,25.50,25.50,25.60,25.70,25.70,25.70,25.80,25.70,25.70,25.80,25.50,25.50,25.50,25.60,25.70,25.80,25.80,25.70,25.50,25.80,26.00,26.10,25.70,26.00,26.10,26.10,26.00,26.10,26.00,25.80,26.10,26.10,26.10,26.20,26.20,26.30,26.50,26.20,26.30,26.50,26.50,26.40,26.60,26.60,26.70,26.70,26.70,26.90,26.70,26.70,26.70,27.10,27.00,26.90,27.00,26.70,26.90,27.00,26.90,26.80,27.10,26.80,26.80,26.70,26.90,26.90,26.50,26.70,26.60,26.40,26.60,26.40,26.40,26.30,26.20,25.80,25.50,25.50,25.60,25.50,25.60,25.60,25.60,25.60,25.50,25.30,25.20,25.20,25.30,25.20,25.30,25.20,25.20,25.00,24.90,25.10,24.90,24.80,25.00,25.00,24.90,25.10,25.10,25.00,25.10,25.10,25.00,25.10,25.10,24.90,24.90,25.10,25.10,25.20,25.20,25.10,25.10,25.10,25.00,25.20,25.10,25.10,25.40,25.10,24.90,24.90,24.90,24.90,25.10,25.10,25.20,25.50,25.60,26.10,26.00,26.00,25.90,25.90,25.70,25.90,26.10,26.20,26.30,26.20,26.20,26.40,26.30,26.10,26.40,26.10,26.20,26.30,26.20,26.20,26.30,26.20,26.40,26.20,26.40,26.30,26.20,26.30,26.20,26.40,26.30,26.40,26.50,26.30,26.40,26.30,26.40,26.60,26.40,26.40,26.40,26.60,26.40,26.30,26.40,26.40,26.40,26.50,26.60,26.50,26.70,26.70,26.60,26.60,26.60,26.70,26.60,26.70,26.60,26.60,26.70,26.80,26.70,26.70,26.70,26.60,26.60,26.50,26.40,26.20,26.10,26.00,26.20,25.70,25.80,26.00,26.30,26.30,26.40,26.20,26.60,26.40,26.70,26.70,26.70,26.70,26.90,26.70,26.60,26.90,26.60,26.90,26.60,26.80,26.70,26.70,26.70,26.80,26.90,26.70,26.80,26.70,26.70,26.70,26.60,26.60,26.70,26.90,26.70,26.50,26.50,26.70,26.60,26.70,26.60,26.50,26.50,26.40,26.40,26.60,26.50,26.40,26.60,26.50,26.60,26.60,26.40,26.10,26.10,26.20,26.20,26.50,26.40,26.40,26.50,26.10,26.40,26.40,26.30,26.30,26.30,26.30,26.30,26.30,26.20,26.20,26.50,26.40,26.40,26.40,26.40,26.30,26.20,26.20,26.10,26.20,26.20,26.30,26.20,26.20,26.20,26.30,26.40,26.40,26.30,26.20,26.10,26.10,26.10,26.10,26.20,26.20,26.20,26.20,26.20
26.00,25.80,25.80,25.80,25.90,25.70,25.60,25.60,25.60,25.60,25.60,25.60,25.70,25.80,25.80,25.60,25.70,25.70,25.90,25.80,25.70,25.70,25.80,25.90,25.70,25.80,25.90,25.90,25.90,25.90,25.90,25.90,25.90,25.90,26.10,26.10,26.10,26.00,25.90,25.90,25.80,26.00,25.90,25.90,25.90,25.50,25.70,25.70,25.60,25.60,25.50,25.50,25.60,25.60,25.60,25.80,25.80,25.80,25.60,25.80,25.80,25.80,25.80,25.80,25.90,25.60,25.60,25.60,25.70,25.80,25.60,25.50,25.50,25.60,25.80,25.80,25.60,25.60,25.80,25.80,25.70,25.70,25.90,25.90,25.80,25.60,25.60,25.60,25.90,25.80,25.90,25.70,26.00,25.90,25.70,25.90,26.00,26.00,26.10,25.90,26.10,26.00,25.90,26.40,26.10,26.10,26.20,26.20,26.20,26.30,26.60,26.50,26.40,26.60,26.60,26.80,26.70,26.70,26.70,26.60,26.70,26.70,26.70,26.70,26.90,27.00,26.90,27.00,26.80,27.00,27.00,26.80,26.90,26.80,26.70,26.90,27.00,26.90,26.90,26.50,26.70,26.70,26.60,26.40,26.20,26.30,25.90,26.10,25.80,25.80,25.50,25.80,25.70,25.80,25.70,25.60,25.50,25.50,25.40,25.20,25.20,25.20,25.20,25.20,25.40,25.10,25.10,24.90,25.10,25.10,25.00,25.10,24.90,25.00,25.10,24.90,25.00,24.90,25.00,25.20,25.30,25.20,25.20,25.20,24.90,25.20,25.10,25.30,25.10,25.30,25.20,25.20,25.30,25.10,25.30,25.10,25.10,24.90,25.10,24.90,25.20,25.10,25.20,25.10,25.10,25.40,26.00,25.80,26.00,25.60,25.70,25.90,25.90,25.90,26.10,26.10,26.20,26.20,26.30,26.20,26.10,26.30,26.10,26.10,26.30,26.20,26.10,26.20,26.30,26.40,26.40,26.30,26.20,26.50,26.40,26.40,26.20,26.20,26.30,26.40,26.40,26.40,26.40,26.40,26.60,26.50,26.40,26.40,26.50,26.40,26.30,26.40,26.40,26.50,26.40,26.50,26.70,26.70,26.40,26.60,26.60,26.50,26.60,26.40,26.60,26.50,26.60,26.60,26.70,26.70,26.60,26.70,26.70,26.70,26.60,26.40,26.10,26.10,26.10,26.00,26.20,26.20,26.10,26.30,26.40,26.40,26.40,26.60,26.40,26.40,26.80,26.70,26.70,26.80,26.70,26.70,26.70,26.80,26.70,26.70,26.70,26.70,26.70,26.70,26.70,26.70,26.60,26.70,26.80,26.70,26.70,26.60,26.60,26.60,26.70,26.70,26.60,26.60,26.60,26.60,26.60,26.60,26.60,26.40,26.50,26.40,26.50,26.60,26.60,26.40,26.40,26.40,26.40,26.40,26.20,26.40,26.40,26.30,26.40,26.40,26.40,26.40,26.40,26.30,26.10,26.10,26.40,26.30,26.20,26.20,26.40,26.40,26.20,26.40,26.40,26.20,26.40,26.60,26.60,26.10,26.20,26.20,26.30,26.20,26.20,26.20,26.20,26.20,26.20,26.20,26.30,26.20,26.20,26.20,26.20,26.20,26.10,26.10,26.10,26.20,26.20,26.20
26.00,25.90,25.90,25.90,25.90,25.80,25.70,25.70,25.80,25.90,25.70,25.70,25.80,25.70,25.70,25.80,25.80,25.70,25.80,25.80,25.70,25.70,25.90,25.90,25.90,25.90,25.90,25.90,25.90,26.00,25.90,25.90,25.90,25.90,25.80,26.00,26.00,25.90,25.90,25.90,26.00,26.00,26.00,25.90,25.90,25.50,25.80,25.70,25.60,25.60,25.40,25.60,25.60,25.60,25.60,25.70,25.90,25.80,25.80,25.90,25.80,25.90,25.90,25.90,25.80,25.60,25.70,25.70,25.80,25.70,25.70,25.70,25.60,25.80,25.80,25.70,25.60,25.70,25.60,25.60,25.60,25.70,25.80,25.70,25.60,25.60,25.80,25.80,25.80,25.80,25.90,25.70,25.90,25.80,25.90,26.10,26.00,25.90,25.90,25.90,25.90,25.80,26.20,26.30,25.90,26.20,26.20,26.20,26.20,26.20,26.50,26.60,26.60,26.60,26.60,26.70,26.70,26.80,26.80,26.60,26.70,26.70,26.50,26.60,26.70,26.90,26.80,26.90,26.90,26.90,26.90,27.10,26.90,26.80,26.90,26.90,27.00,26.90,26.90,26.90,26.90,26.90,26.60,26.30,26.10,26.00,25.90,25.90,26.20,26.00,25.90,25.80,25.90,25.70,25.90,25.70,25.50,25.50,25.30,25.40,25.10,25.10,25.20,25.10,25.10,25.10,25.20,25.10,25.20,25.00,24.90,24.90,25.10,24.90,25.10,25.00,25.20,24.90,24.90,25.20,24.90,25.10,25.10,25.10,25.10,25.30,25.10,25.10,25.10,25.10,25.10,25.20,25.20,25.20,25.10,25.30,25.10,25.10,25.20,24.90,25.10,25.10,25.10,25.10,25.10,25.20,25.50,25.50,26.00,25.80,25.90,25.80,25.90,25.90,26.10,26.20,26.20,26.10,26.20,26.20,26.10,26.20,26.20,26.20,26.30,26.40,26.20,26.20,26.40,26.10,26.20,26.40,26.50,26.40,26.40,26.20,26.60,26.40,26.40,26.40,26.30,26.40,26.40,26.30,26.40,26.40,26.40,26.40,26.60,26.60,26.60,26.50,26.60,26.60,26.50,26.40,26.70,26.60,26.40,26.60,26.60,26.70,26.70,26.60,26.60,26.60,26.60,26.80,26.70,26.70,26.80,26.60,26.70,26.60,26.40,26.40,26.10,26.10,26.00,26.10,25.90,26.00,26.40,26.40,26.40,26.60,26.60,26.60,26.60,26.40,26.50,26.60,26.70,26.70,26.80,26.70,26.90,26.80,26.70,26.90,26.90,26.70,26.70,26.90,26.70,26.60,26.70,26.80,26.70,26.70,26.60,26.40,26.60,26.70,26.60,26.70,26.50,26.60,26.60,26.70,26.60,26.60,26.70,26.50,26.60,26.50,26.60,26.60,26.70,26.60,26.50,26.50,26.30,26.40,26.50,26.40,26.20,26.50,26.50,26.40,26.40,26.40,26.40,26.40,26.40,26.10,26.20,26.30,26.30,26.40,26.30,26.30,26.20,26.30,26.30,26.00,26.30,26.40,26.30,26.30,26.20,26.20,26.20,26.20,26.20,26.30,26.40,26.30,26.30,26.30,26.40,26.50,26.50,26.40,26.40,26.50,26.10,26.10,26.10,26.20,26.20,26.20
26.10,25.90,25.70,25.60,25.60,25.60,25.70,25.80,25.90,25.90,25.50,25.60,25.80,25.90,26.00,26.00,25.80,25.80,25.70,25.80,25.80,25.60,25.80,25.90,25.90,25.90,25.80,25.70,26.30,26.10,25.90,25.90,26.00,26.10,26.00,25.90,25.90,25.90,25.90,26.00,25.90,25.80,25.80,25.80,25.80,25.70,25.60,25.50,25.60,25.60,25.40,25.80,25.70,25.60,25.60,25.80,25.60,25.80,25.90,25.80,25.80,25.80,25.80,25.80,25.80,25.70,25.70,25.60,25.60,25.50,25.60,25.60,25.60,25.70,25.80,25.60,25.80,25.70,25.80,25.80,25.60,25.70,25.80,25.80,25.80,25.80,25.80,26.00,25.80,25.80,25.70,25.80,25.90,25.90,25.90,26.00,25.90,25.90,26.10,25.90,26.10,26.10,26.30,26.20,26.20,26.20,26.30,26.20,26.10,26.30,26.30,26.50,26.40,26.60,26.70,26.70,26.80,26.80,26.80,26.60,26.60,26.70,26.80,26.80,26.70,26.90,26.90,26.90,26.90,27.00,26.90,27.20,26.90,27.00,27.00,27.20,27.20,27.00,27.20,27.10,27.20,26.90,26.50,26.20,26.30,26.00,26.10,26.30,25.90,25.90,25.90,26.00,25.90,25.70,25.90,25.60,25.50,25.40,25.20,25.40,25.20,25.20,25.30,25.10,25.10,25.00,25.20,25.10,25.10,25.10,24.90,25.00,24.90,25.00,24.80,25.20,25.00,25.10,25.10,25.00,25.20,25.10,25.20,25.10,25.10,25.10,25.20,25.20,25.10,25.20,25.20,25.20,25.10,25.20,25.20,25.20,25.10,25.10,25.10,24.90,25.20,25.10,25.10,25.20,25.20,25.00,25.20,25.80,25.90,25.90,25.90,25.80,25.90,26.10,26.10,26.20,26.00,26.20,26.20,26.40,26.10,26.20,26.20,26.30,26.30,26.30,26.20,26.20,26.20,26.20,26.20,26.30,26.40,26.40,26.20,26.20,26.60,26.40,26.40,26.30,26.20,26.50,26.30,26.30,26.40,26.30,26.40,26.60,26.60,26.60,26.60,26.70,26.60,26.60,26.40,26.60,26.60,26.40,26.40,26.40,26.60,26.40,26.60,26.60,26.70,26.60,26.50,26.70,26.70,26.40,26.60,26.60,26.60,26.40,26.30,26.20,26.10,26.00,26.00,26.00,26.00,25.80,26.20,26.50,26.30,26.50,26.40,26.60,26.40,26.70,26.90,26.80,26.60,26.90,26.70,26.60,26.70,26.90,26.90,26.80,26.80,26.80,26.70,26.70,26.70,27.00,26.70,26.70,26.60,26.70,26.70,26.80,26.70,26.60,26.60,26.70,26.40,26.60,26.60,26.60,26.60,26.60,26.60,26.60,26.60,26.60,26.60,26.40,26.60,26.50,26.50,26.60,26.50,26.60,26.50,26.40,26.40,26.40,26.50,26.50,26.40,26.30,26.20,26.20,26.40,26.20,26.30,26.40,26.50,26.40,26.30,26.20,26.20,26.20,26.20,26.30,26.20,26.20,26.20,26.40,26.50,26.40,26.40,26.40,26.20,26.30,26.40,26.40,26.40,26.40,26.20,26.40,26.60,26.60,26.60,26.60,26.20,26.10,26.20,26.20,26.20,26.30
25.60,25.50,25.60,25.50,25.50,25.60,25.50,25.40,25.60,25.60,25.50,25.80,25.90,26.10,26.00,25.90,25.80,25.80,25.70,25.90,25.90,25.80,25.80,25.80,25.70,25.90,25.80,25.90,26.10,26.00,25.90,25.80,26.00,25.90,25.80,25.50,25.80,25.90,25.90,25.90,25.80,25.80,25.80,25.90,25.90,25.80,25.60,25.60,25.80,25.80,25.60,25.70,25.80,25.70,25.60,25.60,25.70,25.80,25.80,25.80,25.80,25.80,25.70,25.80,25.80,25.60,25.60,25.60,25.60,25.50,25.60,25.50,25.50,25.60,25.70,25.80,25.60,25.70,25.50,25.80,25.50,25.70,25.80,25.80,25.90,25.90,25.80,25.90,25.90,25.90,25.70,25.80,25.80,25.90,25.90,25.80,25.80,26.10,26.10,26.10,26.10,25.90,26.20,26.40,26.40,26.20,26.20,26.10,26.20,26.30,26.20,26.40,26.60,26.60,26.50,26.60,26.70,26.60,26.70,26.70,26.90,26.80,26.90,26.70,26.70,26.90,26.90,27.00,27.00,27.10,26.90,27.30,27.10,27.10,27.30,27.20,27.10,27.10,27.20,27.30,27.10,26.90,26.40,26.10,26.20,26.10,26.10,26.00,26.00,25.90,26.20,26.20,26.00,25.80,25.90,25.60,25.50,25.40,25.20,25.20,25.30,25.40,25.30,25.10,25.10,25.10,25.20,25.00,24.80,24.90,24.90,24.80,24.90,24.90,25.10,25.10,24.90,25.00,24.80,24.90,25.10,25.00,24.80,25.20,24.90,25.10,25.10,25.20,25.10,25.20,25.10,25.00,25.10,25.10,25.20,25.10,25.40,25.00,24.90,25.10,25.10,25.10,25.20,25.20,25.10,24.90,25.20,25.70,25.80,26.10,25.80,25.90,26.00,25.90,26.10,25.90,26.00,26.10,26.10,26.40,26.20,26.20,26.20,26.20,26.10,26.10,26.30,26.30,26.10,26.20,26.20,26.20,26.30,26.50,26.00,26.20,26.20,26.20,26.40,26.20,26.40,26.50,26.40,26.50,26.20,26.40,26.60,26.30,26.30,26.40,26.60,26.60,26.40,26.60,26.50,26.40,26.60,26.40,26.60,26.30,26.70,26.40,26.60,26.70,26.70,26.60,26.50,26.60,26.70,26.80,26.70,26.60,26.40,26.30,26.20,26.20,25.90,25.90,26.00,26.00,25.90,26.00,26.20,26.40,26.30,26.30,26.10,26.60,26.70,26.60,26.70,26.70,26.70,26.90,26.70,26.80,26.90,26.80,26.70,26.80,26.80,26.70,26.50,26.90,26.60,26.70,26.80,26.70,26.70,26.70,26.90,26.70,26.60,26.70,26.60,26.90,26.60,26.60,26.70,26.70,26.70,26.70,26.70,26.60,26.60,26.60,26.70,26.70,26.60,26.60,26.40,26.60,26.50,26.40,26.40,26.40,26.50,26.40,26.20,26.40,26.60,26.30,26.20,26.10,26.50,26.20,26.20,26.20,26.30,26.40,26.40,26.30,26.20,26.30,26.40,26.30,26.40,26.30,26.20,26.40,26.50,26.40,26.40,26.40,26.40,26.40,26.40,26.40,26.20,26.10,26.20,26.30,26.50,26.50,26.60,26.40,26.30,26.20,26.40,26.30,26.20,26.20
25.50,25.60,25.60,25.60,25.60,25.70,25.60,25.60,25.50,25.60,25.80,25.70,25.80,25.80,25.70,25.80,25.80,25.80,25.80,25.90,25.80,25.70,25.80,25.80,25.80,25.80,25.90,25.80,25.70,25.90,25.80,25.60,25.90,26.00,26.00,25.70,25.90,25.90,25.80,25.80,25.80,25.80,25.90,25.90,25.90,25.80,25.60,25.60,25.70,25.60,25.60,25.60,25.80,25.70,25.60,25.60,25.70,25.90,25.80,25.70,25.80,25.80,25.60,25.50,25.60,25.80,25.80,25.80,25.90,25.60,25.80,25.80,25.80,25.80,25.80,25.80,25.70,25.80,25.80,25.90,25.90,25.90,25.90,25.90,25.90,25.90,25.80,25.90,25.90,25.90,25.80,25.80,25.90,25.90,25.80,25.90,26.10,26.00,26.10,26.10,26.10,26.10,26.00,25.90,26.00,26.10,26.30,26.30,26.20,26.40,26.50,26.40,26.70,26.70,26.70,26.70,26.60,26.60,26.70,26.90,26.80,26.90,26.90,26.70,26.90,26.90,26.90,27.00,27.10,27.30,27.10,27.10,27.20,27.00,27.30,27.40,27.30,27.10,27.30,27.30,27.20,26.70,26.30,26.10,26.10,26.20,26.10,26.00,26.20,25.90,26.10,26.10,26.20,26.10,25.90,25.80,25.60,25.40,25.20,25.20,25.20,25.40,25.20,25.20,25.20,25.20,25.10,24.90,25.10,25.10,25.00,24.80,24.90,25.00,25.00,25.00,25.10,25.10,25.00,25.10,25.00,25.10,25.40,25.10,25.00,25.10,25.20,25.10,25.40,25.20,25.10,25.20,25.10,25.10,25.10,25.20,25.10,25.10,25.10,25.10,25.20,25.20,25.10,25.10,25.00,25.10,25.50,25.60,25.80,26.00,26.10,25.80,25.80,25.90,26.00,26.10,26.20,26.20,26.10,26.20,26.30,26.20,26.00,26.20,26.10,26.20,26.20,26.20,26.10,26.10,26.30,26.40,26.40,26.20,26.30,26.40,26.20,26.20,26.40,26.30,26.40,26.40,26.40,26.40,26.30,26.40,26.40,26.40,26.40,26.20,26.50,26.30,26.50,26.50,26.70,26.40,26.40,26.50,26.40,26.20,26.30,26.60,26.50,26.60,26.60,26.60,26.60,26.60,26.80,26.60,26.60,26.50,26.40,26.20,26.20,26.20,26.00,26.00,25.90,26.10,26.10,26.00,26.30,26.40,26.40,26.50,26.50,26.40,26.40,26.60,26.70,26.70,26.60,26.90,26.90,26.70,26.80,26.80,26.70,26.70,26.90,27.00,26.80,26.70,26.70,26.60,26.90,26.70,26.70,26.60,26.60,26.70,26.60,26.70,26.60,26.90,26.90,26.70,26.60,26.70,26.70,26.70,26.70,26.80,26.70,26.50,26.60,26.70,26.70,26.60,26.60,26.70,26.70,26.50,26.40,26.60,26.50,26.50,26.50,26.40,26.30,26.20,26.20,26.30,26.70,26.60,26.40,26.40,26.20,26.30,26.40,26.30,26.30,26.30,26.40,26.40,26.40,26.40,26.40,26.20,26.00,26.20,26.30,26.40,26.40,26.40,26.40,26.30,26.20,26.20,26.20,26.30,26.40,26.40,26.30,26.40,26.30,26.10,26.40,26.40,26.20,26.40
25.50,25.40,25.50,25.60,25.70,25.80,25.60,25.60,25.60,25.60,25.60,25.40,25.60,25.80,25.80,25.90,25.90,25.80,25.80,25.90,25.60,25.80,25.80,25.90,25.90,25.80,25.90,25.80,25.70,25.90,26.00,26.00,25.90,26.10,25.90,25.60,25.80,25.60,25.60,25.80,25.80,25.80,25.70,25.70,25.80,25.50,25.40,25.60,25.80,25.70,25.60,25.60,25.60,25.80,25.70,25.60,25.80,25.60,25.60,25.90,26.00,25.90,25.80,25.80,25.70,25.60,25.70,25.90,25.90,25.60,25.80,25.60,25.90,25.80,25.70,25.80,25.80,25.70,25.80,25.90,25.80,26.00,25.80,25.80,25.70,25.80,25.80,25.80,25.60,25.80,25.90,25.90,26.00,25.90,25.80,25.90,26.00,26.10,26.10,26.10,26.10,26.10,26.00,26.00,25.90,26.10,26.30,26.40,26.40,26.50,26.60,26.60,26.60,26.60,26.90,26.70,26.60,26.70,26.80,26.90,26.90,27.00,26.90,27.00,27.00,27.00,27.00,27.10,27.10,27.20,27.20,27.10,27.00,27.10,27.30,27.30,27.20,27.40,27.40,27.10,27.10,26.30,26.20,26.20,26.10,25.80,26.10,25.80,26.10,26.20,26.10,25.90,26.20,26.10,26.10,25.80,25.80,25.50,25.20,25.40,25.10,25.20,25.10,25.20,25.20,25.10,24.90,25.10,25.40,25.30,24.90,24.80,24.90,24.80,25.00,24.90,25.20,24.90,24.90,24.90,25.10,25.30,25.10,25.10,25.20,25.00,24.80,24.90,25.20,25.30,24.90,24.90,25.10,25.10,25.10,25.20,25.10,25.10,25.20,25.00,25.10,25.20,25.20,25.00,25.10,25.20,25.20,25.60,25.80,26.20,26.10,25.90,25.90,25.90,25.80,25.90,26.10,26.20,26.10,25.90,26.20,26.10,26.10,26.20,26.20,26.20,26.40,26.40,26.20,26.10,26.20,26.00,26.20,26.30,26.10,26.20,26.10,26.30,26.40,26.40,26.40,26.40,26.30,26.30,26.40,26.50,26.40,26.20,26.40,26.40,26.30,26.30,26.60,26.40,26.50,26.40,26.40,26.40,26.70,26.10,26.60,26.60,26.60,26.80,26.50,26.50,26.50,26.60,26.40,26.50,26.20,26.20,26.20,26.10,26.20,25.90,25.90,26.00,26.20,26.20,26.20,26.20,26.40,26.40,26.40,26.50,26.50,26.60,26.60,26.60,26.70,26.70,26.60,26.50,26.70,26.90,26.70,26.60,26.60,26.70,26.70,26.80,26.60,26.40,26.90,26.70,26.80,26.70,26.60,26.60,26.60,26.90,26.90,26.60,26.60,26.80,26.60,26.50,26.70,26.80,26.60,26.60,26.50,26.50,26.60,26.50,26.20,26.60,26.70,26.70,26.70,26.70,26.60,26.60,26.60,26.60,26.50,26.60,26.60,26.20,26.40,26.40,26.30,26.50,26.60,26.50,26.30,26.20,26.30,26.30,26.40,26.40,26.50,26.50,26.20,26.30,26.50,26.10,26.10,26.20,26.40,26.20,26.20,26.30,26.20,26.20,26.10,26.10,26.10,26.20,26.40,26.50,26.30,26.20,26.30,26.40,26.40,26.20,26.20,26.40,26.20,26.20
25.40,25.50,25.70,25.70,25.60,25.50,25.60,25.50,25.50,25.50,25.60,25.60,25.80,25.80,25.80,25.80,25.80,25.80,25.80,25.80,25.80,25.80,25.80,26.20,25.90,25.80,25.90,25.80,25.80,26.00,25.90,25.80,25.90,26.00,25.80,25.60,25.80,25.90,25.90,25.80,25.70,25.60,25.70,25.70,25.80,25.70,25.70,25.80,25.80,25.60,25.70,25.80,25.80,25.90,25.70,25.80,25.90,25.80,25.80,25.80,25.90,25.80,25.70,25.90,25.70,25.70,25.80,25.80,25.80,25.60,25.80,25.60,25.60,25.80,25.80,25.80,25.80,25.80,25.60,25.60,26.10,25.90,25.80,25.70,25.70,25.80,25.80,25.80,25.90,25.90,25.80,26.00,26.00,25.90,25.90,25.90,26.10,26.10,26.30,26.20,26.10,26.10,26.20,26.20,26.20,26.40,26.40,26.40,26.60,26.50,26.60,26.60,26.50,26.70,26.70,26.70,26.60,26.80,26.90,26.90,27.00,26.90,27.10,27.20,27.00,27.00,27.00,27.10,27.00,27.30,27.30,27.30,27.10,27.40,27.30,27.40,27.40,27.40,27.30,27.30,27.10,26.20,26.20,26.10,26.00,26.10,26.10,26.20,25.80,25.90,26.10,26.10,25.80,25.90,26.10,26.10,25.80,25.40,25.50,25.40,25.30,25.10,25.20,25.10,25.20,25.10,25.10,25.10,25.10,24.90,25.20,25.20,24.90,25.10,24.90,25.00,25.10,25.10,24.90,25.00,25.10,25.10,25.10,25.10,25.10,25.10,25.20,25.10,25.10,25.20,25.10,25.10,25.10,25.30,25.10,25.20,25.10,25.10,25.10,25.10,25.30,25.10,25.20,25.20,25.10,25.30,25.20,25.70,25.90,25.80,25.80,26.20,26.00,25.80,25.90,25.90,26.10,26.20,26.20,25.90,26.10,26.10,26.10,26.20,26.20,26.40,26.20,26.40,26.20,26.40,26.20,26.10,26.20,26.20,26.20,26.40,26.30,26.60,26.40,26.40,26.40,26.50,26.30,26.40,26.60,26.60,26.40,26.50,26.40,26.40,26.40,26.50,26.40,26.40,26.40,26.50,26.70,26.50,26.50,26.40,26.60,26.60,26.50,26.70,26.60,26.50,26.50,26.40,26.50,26.40,26.40,26.20,26.10,26.10,26.10,25.90,25.80,25.80,25.80,25.90,26.00,26.30,26.40,26.50,26.50,26.50,26.60,26.70,26.70,26.60,26.60,26.60,26.50,26.60,26.60,26.70,26.80,26.70,26.50,26.90,26.80,26.80,26.70,26.60,26.90,26.70,26.70,26.90,26.80,26.60,26.70,26.80,26.70,26.70,26.60,26.70,26.70,26.70,26.60,26.60,26.70,26.70,26.70,26.80,26.70,26.70,26.50,26.60,26.70,26.40,26.60,26.70,26.60,26.50,26.60,26.40,26.60,26.60,26.70,26.40,26.60,26.60,26.60,26.30,26.30,26.30,26.30,26.10,26.20,26.40,26.30,26.40,26.50,26.60,26.30,26.20,26.20,26.20,26.20,26.10,26.30,26.30,26.20,26.20,26.30,26.30,26.20,26.20,26.20,26.10,26.20,26.20,26.30,26.30,26.40,26.40,26.30,26.40,26.40,26.30,26.40,26.30
25.50,25.60,25.80,25.90,25.60,25.40,25.50,25.40,25.50,25.70,25.60,25.50,25.60,25.60,25.70,25.70,25.80,25.80,25.90,25.90,25.90,25.80,25.90,25.90,25.80,25.90,26.00,25.90,25.90,26.00,26.00,26.20,26.20,25.90,25.80,25.80,25.80,25.90,25.90,25.90,25.80,25.80,25.80,25.80,25.90,26.10,26.00,25.80,25.70,25.70,25.90,25.90,25.80,25.90,25.80,25.90,25.80,25.70,25.80,25.80,25.80,25.60,25.80,25.90,25.90,25.60,25.90,25.90,25.70,25.80,25.80,25.70,26.00,25.50,25.90,25.80,25.80,25.80,25.60,25.60,25.80,25.90,25.80,25.90,25.80,25.90,25.80,25.70,25.70,25.90,25.80,26.10,26.00,26.00,25.90,26.00,26.00,25.90,25.80,25.90,26.10,26.20,26.30,26.40,26.20,26.50,26.30,26.20,26.50,26.40,26.60,26.60,26.70,26.70,26.70,26.80,26.90,27.00,26.90,27.00,26.90,26.90,27.00,27.10,27.10,27.20,27.10,27.20,27.30,27.30,27.20,27.10,27.30,27.20,27.40,27.10,27.10,27.40,27.40,27.40,27.00,26.40,26.10,26.10,26.00,26.10,26.10,26.00,25.80,25.90,26.10,26.10,26.20,26.00,26.10,26.10,25.90,25.60,25.80,25.40,25.40,25.20,25.30,25.10,25.10,25.20,25.10,25.20,25.40,25.10,24.90,25.20,24.80,25.00,25.00,25.10,24.90,24.90,25.00,24.80,25.10,25.20,25.20,25.20,25.10,25.10,25.10,25.10,25.10,25.20,25.10,25.20,25.10,25.10,24.90,25.10,25.10,25.00,25.10,25.20,25.10,25.20,25.10,25.20,25.30,25.20,25.40,25.80,26.10,25.90,25.90,25.90,25.60,25.80,26.00,25.80,26.30,26.20,26.10,26.10,26.10,26.20,26.10,26.30,26.20,26.30,26.30,26.40,26.20,26.00,26.20,26.20,26.30,26.20,26.40,26.40,26.20,26.50,26.40,26.40,26.40,26.40,26.40,26.20,26.20,26.40,26.50,26.20,26.20,26.40,26.60,26.40,26.20,26.40,26.60,26.40,26.60,26.50,26.40,26.20,26.70,26.60,26.60,26.40,26.60,26.30,26.20,26.40,26.60,26.40,26.20,26.10,25.80,25.90,25.90,26.00,26.10,25.90,25.90,25.90,26.00,26.20,26.30,26.40,26.40,26.40,26.40,26.70,26.80,26.60,26.60,26.60,26.70,26.60,26.60,26.70,26.70,26.70,26.60,26.90,27.10,26.60,26.70,26.70,26.70,26.80,26.70,26.70,26.60,26.70,26.70,26.70,26.60,26.70,26.80,26.70,26.60,26.70,26.60,26.40,26.70,26.70,26.70,26.70,26.80,26.80,26.60,26.60,26.60,26.50,26.50,26.60,26.60,26.50,26.50,26.40,26.40,26.50,26.60,26.50,26.60,26.70,26.60,26.60,26.60,26.40,26.30,26.20,26.20,26.20,26.40,26.40,26.40,26.50,26.40,26.40,26.30,26.30,26.30,26.20,26.20,26.30,26.40,26.20,26.20,26.30,26.30,26.30,26.20,26.20,26.20,26.40,26.40,26.40,26.40,26.40,26.20,26.50,26.50,26.30,26.30,26.30
25.70,25.70,25.80,25.90,25.60,25.70,25.60,25.70,25.80,25.80,25.60,25.60,25.80,25.90,25.90,25.70,25.60,25.60,25.80,25.80,25.90,25.80,25.70,25.60,25.90,25.90,25.90,25.90,25.90,26.00,25.90,26.10,26.00,25.80,26.00,25.90,25.80,26.00,25.80,25.80,26.00,25.90,25.90,25.90,25.80,25.80,25.80,25.80,25.70,25.90,25.90,25.90,25.90,25.90,25.60,25.80,25.80,25.80,25.80,25.60,25.90,25.80,25.80,25.80,25.90,25.60,25.80,25.90,25.90,25.80,25.80,25.70,25.80,25.80,25.80,25.60,25.60,25.80,25.80,25.80,25.80,25.80,25.80,26.00,25.80,25.80,25.80,25.80,25.80,25.50,25.70,26.10,26.00,25.90,25.90,26.00,26.10,26.00,26.10,26.20,26.20,26.20,26.30,26.20,26.20,26.40,26.50,26.40,26.60,26.40,26.40,26.60,26.70,26.70,26.70,26.90,27.00,26.90,27.00,26.90,26.90,27.00,26.90,26.90,27.00,27.10,27.00,27.10,27.30,27.10,27.10,27.00,27.30,27.10,27.00,27.10,27.20,27.30,27.30,27.30,27.00,26.60,26.20,26.20,26.10,26.10,25.90,26.10,26.10,26.20,26.00,26.10,26.20,26.10,26.10,26.10,25.90,25.80,25.60,25.40,25.40,25.30,25.30,25.30,25.10,25.10,25.20,25.20,25.00,25.00,24.90,25.20,24.90,24.90,24.90,25.20,24.90,25.20,24.90,24.60,25.20,25.10,24.90,25.20,25.10,24.90,25.20,25.10,24.90,25.20,25.20,25.10,25.20,25.00,24.90,25.00,25.20,25.40,25.30,25.30,25.10,25.20,25.10,25.10,24.90,25.20,25.40,25.90,26.20,26.20,26.20,25.80,25.70,25.80,25.60,25.90,26.10,26.00,26.00,26.10,26.20,26.20,26.20,26.20,26.30,26.20,26.20,26.20,26.10,25.90,26.10,26.10,26.20,26.20,26.20,26.50,26.30,26.50,26.30,26.40,26.40,26.50,26.50,26.40,26.30,26.40,26.20,26.40,26.60,26.40,26.50,26.40,26.40,26.30,26.50,26.60,26.60,26.40,26.30,26.50,26.50,26.30,26.60,26.40,26.50,26.40,26.60,26.30,26.40,26.20,26.10,26.00,25.80,25.90,25.90,26.00,25.90,25.80,25.80,25.80,26.10,26.20,26.30,26.40,26.60,26.70,26.70,26.50,26.60,26.70,26.50,26.60,26.70,26.40,26.60,26.70,26.70,26.70,26.60,26.50,26.90,26.90,26.70,26.60,26.60,26.60,27.00,27.00,26.40,26.70,26.60,26.60,26.70,26.60,26.60,26.60,26.70,26.60,26.60,26.60,26.60,26.70,26.60,26.60,26.80,26.70,26.60,26.40,26.60,26.70,26.60,26.70,26.70,26.60,26.50,26.60,26.70,26.70,26.50,26.60,26.60,26.60,26.50,26.50,26.60,26.60,26.40,26.40,26.40,26.40,26.40,26.30,26.20,26.40,26.50,26.60,26.10,26.20,26.20,26.30,26.20,26.20,26.40,26.30,26.20,26.40,26.40,26.40,26.20,26.20,26.30,26.60,26.40,26.30,26.30,26.30,26.30,26.30,26.40,26.20,26.20,26.20
25.80,25.90,25.80,25.80,25.80,25.70,25.60,25.80,25.80,25.60,25.80,25.80,25.60,25.80,25.80,25.60,25.50,25.60,25.80,25.80,25.80,25.80,25.70,25.80,26.00,25.90,25.90,25.90,25.80,25.80,25.70,26.00,25.90,25.90,25.80,25.80,25.90,26.10,25.70,25.80,25.60,25.60,25.80,25.80,25.90,25.70,25.80,25.80,25.80,25.90,25.80,25.90,25.90,25.90,26.00,25.60,25.80,25.80,25.80,25.60,25.60,25.60,25.60,25.60,25.60,25.60,25.70,25.80,25.60,25.60,25.60,25.80,25.70,25.90,25.80,25.60,26.10,25.90,25.90,25.90,25.80,25.80,25.90,25.90,25.80,25.80,25.90,26.10,25.80,25.80,25.70,25.90,25.80,25.90,26.00,25.80,26.00,26.20,26.10,26.20,26.30,26.10,26.30,26.40,26.20,26.50,26.60,26.40,26.60,26.50,26.50,26.70,26.90,26.80,26.80,26.90,26.90,26.70,27.10,26.90,26.90,27.10,26.90,27.00,27.00,27.10,27.20,27.20,27.10,27.10,27.10,27.10,27.40,27.40,27.00,27.30,27.20,27.00,27.30,27.30,26.80,26.60,26.40,26.20,26.20,26.00,25.90,26.20,26.10,26.10,25.90,26.20,26.20,26.00,26.20,26.20,26.10,25.90,25.60,25.50,25.40,25.30,25.20,25.20,25.20,25.20,25.20,25.10,25.10,25.20,24.90,25.00,25.00,25.10,24.80,24.80,25.00,24.90,25.20,25.10,25.10,25.20,25.10,25.10,25.30,25.20,25.30,25.20,24.90,24.90,25.10,25.10,25.10,25.20,25.20,25.20,24.90,25.10,25.20,24.80,25.20,25.10,25.20,25.20,25.10,25.10,25.40,26.00,26.20,26.00,25.90,25.90,26.10,25.80,25.60,25.80,25.80,26.10,26.10,26.10,26.20,26.20,26.20,26.10,26.20,26.20,26.10,26.10,26.20,26.10,26.20,26.50,26.40,26.40,26.10,26.40,26.00,26.50,26.20,26.30,26.30,26.40,26.50,26.40,26.30,26.20,26.20,26.40,26.50,26.40,26.40,26.40,26.60,26.20,26.40,26.60,26.60,26.60,26.50,26.40,26.40,26.40,26.60,26.40,26.40,26.40,26.50,26.60,26.30,26.20,26.10,25.90,25.90,26.10,26.20,25.70,26.00,26.00,26.00,26.00,26.20,26.10,26.40,26.10,26.20,26.20,26.60,26.50,26.50,26.80,26.40,26.20,26.50,26.50,26.70,26.60,26.80,26.60,26.60,26.70,26.60,26.60,26.70,26.70,26.60,26.60,26.70,26.70,26.60,26.60,26.60,26.60,26.70,26.70,26.60,26.70,26.80,26.60,26.60,26.70,26.70,26.60,26.60,26.60,26.80,26.70,26.70,26.70,26.80,26.90,26.70,26.60,26.70,26.60,26.70,26.70,26.60,26.60,26.60,26.60,26.80,26.60,26.60,26.50,26.50,26.70,26.60,26.60,26.60,26.50,26.40,26.40,26.20,26.20,26.40,26.40,26.40,26.30,26.30,26.30,26.40,26.60,26.40,26.40,26.40,26.40,26.40,26.20,26.30,26.30,26.40,26.60,26.60,26.20,26.10,26.10,26.40,26.40,26.30,26.20,26.30,26.40
25.80,25.80,25.80,25.80,25.80,25.70,25.70,25.90,25.80,25.80,25.90,25.70,25.60,25.80,25.80,25.90,25.80,25.80,25.90,25.70,25.80,25.80,25.90,26.00,25.90,25.90,25.90,25.80,25.80,25.80,25.80,25.80,25.90,25.90,25.90,26.00,25.90,25.90,25.90,25.80,25.80,25.80,26.10,26.10,26.00,25.80,25.80,25.90,26.10,26.10,25.70,25.90,25.90,25.90,26.00,25.70,25.80,25.80,25.80,25.80,25.90,25.80,25.90,25.70,25.60,25.60,25.80,25.80,25.70,25.60,25.90,25.90,25.80,25.90,25.90,25.80,25.80,25.60,25.90,25.80,25.80,25.70,25.60,25.90,26.10,25.90,25.90,26.10,25.90,26.00,25.70,26.00,25.90,26.00,26.10,25.90,26.20,26.20,26.10,26.20,26.20,26.10,26.30,26.60,26.50,26.50,26.40,26.60,26.60,26.60,26.60,26.60,26.70,26.70,27.00,27.00,27.00,27.10,26.90,27.00,27.00,27.10,27.10,27.00,26.90,27.40,27.20,27.30,27.10,27.30,27.20,27.30,27.40,27.50,27.40,27.40,27.40,27.10,27.30,27.30,26.90,26.70,26.40,26.20,26.10,25.90,26.20,26.10,26.20,26.20,26.10,26.20,26.10,26.10,26.20,26.10,25.90,26.10,25.70,25.50,25.50,25.40,25.30,25.20,25.20,25.20,25.10,25.20,25.30,25.30,24.90,24.80,25.10,25.10,24.90,24.90,25.00,25.20,25.10,24.90,25.20,25.00,25.10,25.00,25.10,25.00,25.20,25.20,25.30,25.20,25.20,25.20,25.40,25.10,25.10,25.20,25.10,25.00,25.10,24.90,25.10,24.90,25.10,24.80,25.10,25.10,25.30,25.80,26.00,26.00,26.00,25.70,25.90,25.90,25.80,25.90,25.80,26.10,26.20,26.20,26.30,26.30,26.10,26.20,26.10,26.30,26.00,26.40,26.20,26.20,26.30,26.20,26.20,26.20,26.20,26.40,25.90,26.30,26.20,26.20,26.20,26.10,26.30,26.30,26.40,26.40,26.30,26.40,26.40,26.40,26.30,26.30,26.40,26.30,26.40,26.40,26.10,26.20,26.30,26.40,26.40,26.60,26.70,26.50,26.50,26.50,26.60,26.30,26.20,26.10,26.10,26.00,25.80,25.80,25.90,25.80,26.00,25.90,26.10,26.40,26.30,26.10,26.60,26.60,26.40,26.40,26.60,26.50,26.60,26.70,26.50,26.40,26.50,26.60,26.60,26.60,26.70,26.60,26.50,26.70,26.70,26.70,26.60,26.70,26.70,26.70,26.90,26.80,26.70,26.60,26.70,26.70,26.60,26.60,26.60,26.50,26.70,26.70,26.70,26.60,26.60,26.90,26.60,26.80,26.80,26.70,26.60,26.70,26.70,26.60,26.70,26.60,26.40,26.60,26.70,26.70,26.70,26.50,26.60,26.60,26.60,26.60,26.60,26.60,26.50,26.60,26.50,26.40,26.70,26.40,26.40,26.60,26.40,26.30,26.20,26.20,26.40,26.60,26.50,26.30,26.10,26.20,26.40,26.40,26.40,26.40,26.30,26.20,26.30,26.30,26.20,26.50,26.50,26.40,26.40,26.30,26.40,26.40,26.30,26.30,26.20,26.10
25.70,25.70,25.80,25.80,25.80,25.80,25.90,25.70,25.60,25.60,25.70,25.60,25.60,25.60,25.80,25.80,25.80,25.90,25.90,25.70,25.70,25.70,26.00,25.90,25.80,25.80,25.80,25.80,25.80,25.90,25.90,25.70,25.80,26.00,26.20,25.90,25.80,25.90,26.00,25.90,25.90,25.90,25.90,26.00,25.90,25.80,25.80,25.90,26.00,26.00,26.10,25.90,25.90,26.00,26.00,25.70,25.90,25.80,25.80,25.90,25.90,25.80,25.90,25.80,25.60,25.70,25.90,25.60,25.90,25.80,25.80,25.70,25.80,25.80,25.70,25.60,25.70,25.80,25.70,25.80,25.80,25.90,25.90,25.80,25.90,26.00,25.90,25.80,25.90,25.90,25.80,25.80,26.00,26.10,26.10,26.10,25.90,26.30,26.10,25.90,26.10,26.10,26.40,26.40,26.50,26.40,26.40,26.40,26.40,26.60,26.50,26.70,26.80,27.00,27.00,26.90,26.90,27.00,26.90,27.10,27.00,27.10,27.10,27.00,27.10,27.30,27.00,27.20,27.30,27.20,27.30,27.30,27.30,27.50,27.40,27.30,27.20,27.30,27.20,27.30,26.70,26.50,26.40,26.20,26.20,25.80,26.20,26.00,26.20,26.00,26.00,26.10,26.20,26.20,26.10,26.20,26.30,26.10,25.80,25.80,25.70,25.50,25.30,25.30,25.10,25.10,25.10,25.20,25.20,25.10,24.90,25.30,25.20,25.20,24.90,24.80,24.90,25.00,25.10,25.10,24.90,25.20,25.10,25.20,25.20,24.90,24.90,25.20,24.90,25.00,25.10,25.30,25.10,25.20,25.20,25.30,25.10,25.10,25.20,25.00,25.10,24.90,25.20,24.90,24.90,25.10,25.30,25.60,25.90,26.20,26.10,26.10,26.20,25.90,25.60,25.90,25.70,26.00,25.90,26.10,26.40,26.20,26.10,26.20,26.20,26.00,26.20,26.10,26.00,26.10,26.10,26.30,26.00,26.20,26.30,26.10,26.10,26.10,26.20,26.40,26.50,26.40,26.10,26.40,26.40,26.40,26.40,26.40,26.30,26.40,26.40,26.30,26.40,26.40,26.10,26.60,26.20,26.40,26.40,26.40,26.50,26.40,26.70,26.40,26.40,26.60,26.50,26.30,26.20,26.20,26.00,26.00,26.00,25.80,25.80,25.80,26.10,26.10,26.10,26.40,26.30,26.10,26.60,26.30,26.20,26.40,26.60,26.40,26.60,26.60,26.20,26.40,26.70,26.50,26.60,26.60,26.60,26.70,26.60,26.70,26.70,26.60,26.70,26.60,26.60,26.90,26.70,26.90,26.60,26.60,26.60,26.60,26.60,26.60,26.80,26.40,26.70,26.70,26.60,26.50,26.60,26.70,26.80,26.70,26.90,26.90,26.70,26.70,26.80,26.70,26.60,26.70,26.70,26.50,26.40,26.60,26.80,26.40,26.40,26.50,26.70,26.70,26.70,26.70,26.40,26.50,26.70,26.70,26.70,26.50,26.30,26.40,26.20,26.20,26.20,26.30,26.30,26.40,26.40,26.50,26.40,26.20,26.30,26.50,26.40,26.30,26.30,26.40,26.40,26.30,26.10,26.10,26.40,26.40,26.40,26.30,26.40,26.30,26.20,26.30,26.40,26.30
25.70,25.70,25.70,25.80,25.80,25.80,25.60,25.50,25.60,25.60,25.60,25.60,25.60,25.50,25.70,25.80,25.70,25.90,25.90,25.60,25.60,25.80,25.90,25.80,25.80,25.80,25.80,25.80,25.90,25.90,26.00,26.10,25.80,26.20,26.20,25.80,25.80,25.70,25.80,26.00,26.10,26.00,25.90,25.80,25.80,25.80,25.80,25.90,25.90,26.00,25.90,25.80,25.90,26.00,25.90,25.80,25.80,25.70,25.70,25.80,25.90,25.60,25.60,25.80,25.60,25.60,25.70,25.70,25.80,25.70,25.80,25.80,25.80,25.70,25.70,25.80,25.70,25.80,25.80,25.80,25.90,25.90,25.90,26.00,25.90,25.80,25.70,25.70,25.90,25.90,25.90,26.00,26.00,26.20,26.20,26.10,25.80,26.20,26.00,26.20,26.40,26.20,26.50,26.30,26.50,26.50,26.50,26.50,26.40,26.60,26.80,26.90,26.90,27.00,27.00,27.10,27.00,27.10,27.10,27.10,27.00,27.10,27.10,27.20,27.20,27.10,27.30,27.30,27.20,27.10,27.30,27.20,27.20,27.40,27.30,27.20,27.30,27.40,27.40,27.00,26.90,26.60,26.40,26.20,26.20,26.00,26.20,26.20,26.10,26.10,26.40,26.30,26.10,26.00,26.20,26.10,26.20,26.10,25.90,26.00,25.90,25.60,25.40,25.40,25.20,25.20,25.10,25.20,25.20,25.10,25.20,25.10,24.90,25.20,25.20,24.80,24.80,25.10,25.00,25.10,25.20,25.10,25.10,25.10,24.90,25.20,25.10,25.00,24.90,25.10,25.10,25.40,25.30,25.40,25.20,25.00,25.10,25.10,25.20,25.10,25.00,25.10,25.10,25.10,25.00,25.20,25.40,25.90,26.10,26.00,25.90,25.90,25.90,25.90,25.90,25.90,25.90,26.00,25.80,26.00,26.20,26.20,26.20,26.10,26.10,26.10,26.20,26.00,26.20,26.20,26.10,26.20,26.40,26.20,26.20,26.00,26.30,26.30,26.10,26.30,26.40,26.10,26.20,26.40,26.00,26.10,26.40,26.40,26.20,26.40,26.40,26.40,26.40,26.20,26.20,26.40,26.70,26.50,26.40,26.40,26.40,26.40,26.60,26.40,26.50,26.40,26.30,26.20,25.90,26.20,25.90,26.00,26.00,25.90,25.80,25.90,25.90,26.10,26.10,26.20,26.30,26.40,26.70,26.30,26.40,26.30,26.40,26.50,26.40,26.60,26.60,26.40,26.60,26.60,26.50,26.60,26.60,26.40,26.50,26.60,26.60,26.60,26.60,26.60,26.60,26.40,26.70,26.80,26.60,26.60,26.60,26.60,26.40,26.50,26.80,26.50,26.60,26.80,26.80,26.60,26.70,26.70,26.80,26.70,26.60,26.70,26.90,26.70,26.80,26.90,26.70,26.40,26.70,26.70,26.50,26.60,26.70,26.70,26.50,26.60,26.70,26.70,26.70,26.80,26.60,26.40,26.30,26.60,26.70,26.60,26.40,26.40,26.50,26.40,26.40,26.40,26.40,26.40,26.40,26.40,26.40,26.50,26.40,26.40,26.40,26.40,26.40,26.50,26.50,26.40,26.40,26.40,26.40,26.40,26.40,26.40,26.30,26.40,26.30,26.20,26.30,26.30
25.80,25.70,25.60,25.70,25.70,25.60,25.60,25.60,25.60,25.60,25.60,25.60,25.60,25.70,25.70,25.70,25.70,25.80,25.50,25.50,25.80,25.90,25.80,25.90,25.80,25.60,25.90,25.90,25.90,25.90,26.00,25.90,25.90,26.10,25.90,25.90,25.80,25.70,25.80,25.90,26.00,25.90,25.90,25.90,25.80,25.90,26.00,26.00,25.90,25.90,25.90,25.80,25.80,25.90,25.80,25.80,25.70,25.50,25.70,25.90,25.70,25.70,25.60,25.70,25.80,25.80,25.80,25.90,25.60,25.80,25.60,25.90,25.60,25.70,25.80,25.90,25.90,25.90,25.80,25.80,26.00,25.80,25.90,25.80,26.00,26.10,25.90,25.90,26.00,25.90,25.90,25.90,25.90,25.90,26.10,26.20,26.10,26.20,26.20,26.20,26.30,26.70,26.60,26.40,26.70,26.70,26.80,26.70,26.80,26.70,26.40,26.70,26.90,26.90,27.00,27.10,27.00,27.10,27.10,27.10,27.10,27.10,27.10,27.30,27.40,27.00,27.10,27.00,27.30,27.30,27.20,27.20,27.30,27.40,27.40,27.30,27.30,27.40,27.50,27.30,27.10,26.60,26.40,26.20,26.20,26.30,26.10,26.20,26.10,26.00,26.00,26.10,26.20,26.20,26.30,25.90,26.20,26.40,26.10,25.90,26.10,25.80,25.60,25.50,25.30,25.20,25.10,25.10,25.20,25.30,25.10,25.10,25.10,24.90,25.10,25.00,25.00,25.10,24.90,25.20,25.00,25.10,24.80,25.30,24.90,25.00,25.10,24.90,24.90,24.90,25.10,25.10,25.10,25.10,25.10,25.10,25.10,25.20,25.20,25.00,25.10,25.10,25.00,25.00,25.20,25.20,25.40,25.80,26.00,26.10,26.10,26.10,25.80,26.00,25.90,25.80,26.10,26.10,25.80,26.00,26.30,26.30,26.00,26.20,26.10,26.20,26.40,26.50,26.20,26.20,26.30,26.30,26.20,26.10,26.20,26.20,26.20,26.30,26.10,26.40,26.30,26.20,26.50,26.40,26.40,26.40,26.20,26.40,26.40,26.40,26.40,26.40,26.50,26.40,26.30,26.40,26.20,26.40,26.50,26.40,26.30,26.40,26.60,26.40,26.40,26.30,26.30,26.10,26.00,26.00,25.90,25.90,25.90,25.80,25.70,25.80,26.00,26.10,26.20,26.20,26.30,26.50,26.50,26.40,26.40,26.40,26.40,26.60,26.50,26.70,26.60,26.60,26.60,26.60,26.40,26.40,26.40,26.40,26.60,26.90,26.60,26.60,26.40,26.30,26.60,26.70,26.70,26.70,26.60,26.70,26.90,26.60,26.60,26.70,26.80,26.70,26.60,26.60,26.60,27.00,26.60,26.70,26.70,26.70,26.70,26.50,26.90,26.80,26.70,26.70,26.70,26.60,26.60,26.70,26.60,26.70,26.70,26.60,26.40,26.60,26.70,26.70,26.60,26.70,26.70,26.60,26.40,26.50,26.60,26.70,26.30,26.50,26.60,26.60,26.60,26.50,26.50,26.60,26.50,26.40,26.20,26.40,26.50,26.30,26.20,26.30,26.40,26.60,26.60,26.20,26.20,26.40,26.40,26.40,26.50,26.60,26.60,26.40,26.30,26.20,26.20,26.20
25.90,25.80,25.60,25.60,25.70,25.80,25.50,25.60,25.70,25.60,25.60,25.80,25.90,25.90,25.80,25.80,25.70,25.60,25.60,25.70,25.60,25.70,25.80,25.90,25.80,25.90,25.90,25.90,25.90,25.90,25.90,25.90,26.00,25.90,26.10,26.00,25.90,25.80,25.80,25.70,25.70,25.90,25.90,25.90,25.80,25.80,25.80,25.80,25.90,25.90,25.90,25.80,25.80,26.00,25.90,25.80,25.70,25.80,25.70,25.90,25.90,25.80,25.80,25.80,25.90,25.70,25.90,25.80,25.70,25.80,25.60,25.80,25.80,25.80,25.80,25.90,26.00,25.90,25.80,25.60,25.80,25.90,25.90,25.70,26.00,26.20,26.10,26.10,26.10,26.10,26.00,26.20,26.40,26.30,26.20,26.40,26.30,26.20,26.20,26.20,26.20,26.40,26.50,26.60,26.70,26.70,26.70,26.50,26.60,26.70,26.90,26.80,26.80,26.90,26.90,27.10,27.00,27.00,27.00,26.90,27.00,26.90,27.10,27.20,27.40,27.10,27.40,27.00,27.10,27.10,27.30,27.20,27.50,27.30,27.50,27.50,27.60,27.60,27.40,27.50,27.40,26.70,26.40,26.30,26.20,26.20,26.10,26.20,26.20,26.20,26.20,26.30,26.20,26.20,26.20,26.20,26.20,25.90,25.90,25.90,26.10,26.00,25.80,25.60,25.50,25.30,25.10,25.20,25.20,25.10,25.10,25.20,25.20,25.10,25.20,24.90,25.00,25.00,24.90,25.00,25.20,25.10,24.90,24.90,24.80,25.00,25.10,25.20,25.10,25.10,25.10,25.00,25.10,25.10,25.10,25.10,25.20,25.30,25.30,25.10,25.10,25.00,25.20,24.90,25.10,25.20,25.60,25.80,26.00,26.10,26.20,26.20,25.90,26.00,25.90,25.80,26.00,25.90,25.90,25.90,26.20,26.30,26.00,26.10,26.20,26.20,26.10,26.00,26.20,26.10,26.10,26.20,26.20,26.20,26.30,26.40,26.10,26.10,26.30,26.30,26.40,26.40,26.20,26.60,26.10,26.20,26.20,26.40,26.40,26.40,26.20,26.50,26.40,26.40,26.40,26.40,26.30,26.50,26.60,26.40,26.20,26.50,26.50,26.40,26.20,26.20,25.90,25.90,25.90,25.90,25.90,25.80,25.70,25.80,25.90,26.10,26.10,26.20,26.40,26.50,26.40,26.50,26.50,26.40,26.40,26.40,26.50,26.60,26.60,26.70,26.50,26.30,26.60,26.50,26.40,26.50,26.40,26.40,26.50,26.80,26.60,26.60,26.50,26.40,26.30,26.60,26.70,26.60,26.60,26.40,26.50,26.40,26.60,26.70,26.70,26.90,26.90,26.90,26.60,26.90,26.60,26.70,26.80,26.90,26.80,26.80,26.90,26.90,26.70,26.50,26.80,26.70,26.70,26.70,26.60,26.70,26.70,26.70,26.50,26.70,26.70,26.70,26.40,26.80,26.80,26.70,26.60,26.60,26.70,26.70,26.60,26.60,26.60,26.60,26.60,26.60,26.50,26.40,26.50,26.40,26.30,26.40,26.60,26.40,26.30,26.20,26.20,26.30,26.30,26.30,26.20,26.40,26.40,26.40,26.50,26.40,26.50,26.40,26.40,26.20,26.20,26.40
25.80,25.60,25.60,25.60,25.80,25.80,25.70,25.80,25.70,25.70,25.80,25.90,25.90,25.80,25.50,25.70,25.80,25.70,25.80,25.80,25.60,25.60,25.60,25.60,25.90,25.90,25.80,25.90,25.80,25.80,25.80,26.00,25.90,25.60,25.90,25.90,25.90,25.90,25.90,25.90,26.00,25.70,25.70,25.80,25.90,25.80,25.80,25.80,25.70,26.00,25.80,25.80,25.80,25.80,25.90,25.80,25.90,25.90,25.80,25.70,25.90,25.90,25.90,25.80,25.80,25.80,25.80,25.80,25.80,25.80,25.60,25.70,26.00,26.20,25.80,25.90,25.80,25.80,26.10,26.10,25.80,25.90,25.90,25.80,25.90,26.10,25.90,25.90,26.20,26.20,25.90,26.10,26.20,26.20,26.30,26.30,26.40,26.30,26.20,26.40,26.50,26.50,26.60,26.50,26.60,26.70,26.60,26.50,26.50,26.70,26.80,26.80,26.90,26.90,26.90,26.90,27.00,26.90,26.70,26.80,27.00,27.10,27.10,27.30,27.30,27.30,27.30,27.10,27.10,27.20,27.40,27.40,27.60,27.60,27.40,27.60,27.50,27.50,27.10,27.10,27.00,26.80,26.50,26.40,26.40,26.20,26.20,26.20,26.20,26.20,26.10,26.20,26.20,26.30,26.10,26.10,26.20,26.10,26.10,26.10,26.00,26.30,26.10,25.90,25.70,25.50,25.40,25.30,25.20,25.00,25.20,25.10,25.40,25.40,25.40,25.10,25.20,25.10,25.10,24.80,24.90,25.10,25.10,25.10,25.00,25.10,25.20,25.20,25.20,25.20,25.10,24.90,25.20,25.20,25.20,25.30,25.30,25.30,25.10,24.60,24.90,25.10,25.10,24.90,25.10,25.40,25.80,26.30,26.40,25.80,26.00,26.20,25.90,26.10,25.90,26.00,25.90,25.80,25.90,25.80,26.00,26.10,26.20,26.20,26.30,26.20,26.10,26.40,26.10,26.10,26.20,26.40,26.20,26.20,26.20,26.40,26.10,26.20,26.40,26.30,26.40,26.50,26.20,26.50,26.30,26.40,26.20,26.40,26.40,26.20,26.40,26.60,26.30,26.30,26.30,26.50,26.40,26.50,26.40,26.40,26.40,26.40,26.40,26.40,26.30,25.90,25.80,25.90,26.00,25.80,25.90,25.80,25.60,25.90,25.90,26.10,26.10,26.10,26.40,26.20,26.10,26.30,26.50,26.50,26.40,26.40,26.30,26.40,26.40,26.40,26.40,26.40,26.40,26.50,26.40,26.60,26.40,26.60,26.50,26.60,26.60,26.70,26.70,26.70,26.60,26.50,26.60,26.70,26.70,26.40,26.90,26.60,26.60,26.60,26.60,26.60,26.80,27.00,26.60,26.60,26.60,26.70,26.80,26.70,26.70,26.70,26.80,26.90,26.80,26.80,26.70,26.70,26.70,26.80,26.70,26.60,26.60,26.70,26.60,26.70,26.60,26.40,26.60,26.60,26.60,26.60,26.60,26.70,26.70,26.70,26.60,26.60,26.70,26.40,26.40,26.60,26.60,26.50,26.40,26.40,26.40,26.40,26.50,26.40,26.30,26.20,26.20,26.30,26.30,26.40,26.40,26.30,26.30,26.30,26.30,26.40,26.40,26.40,26.40,26.30,26.40,26.40
25.70,25.60,25.60,25.60,25.70,25.80,25.80,25.80,25.80,25.70,25.80,25.90,25.90,25.70,25.60,25.80,25.80,25.80,25.90,25.80,25.70,25.60,25.80,26.00,25.80,25.80,25.80,25.90,25.80,25.80,25.90,26.10,25.80,25.60,25.80,25.60,25.80,25.90,25.90,25.90,25.80,25.80,26.00,26.00,25.90,25.80,25.90,25.90,25.90,26.00,25.80,25.80,25.90,26.10,26.00,25.90,26.00,25.90,25.90,25.60,25.60,25.80,25.70,25.70,25.70,25.80,25.80,25.80,25.90,25.80,25.80,25.80,25.90,25.90,25.80,25.80,25.60,25.90,26.10,25.90,25.90,25.80,25.90,25.90,25.90,26.00,26.10,26.10,26.10,26.40,25.90,26.20,26.10,26.30,26.10,26.20,26.40,26.40,26.20,26.50,26.30,26.50,26.60,26.60,26.40,26.70,26.60,26.60,26.70,26.90,26.70,26.70,26.90,26.90,26.90,26.90,27.10,27.10,27.20,27.20,27.00,27.10,27.20,27.30,27.40,27.40,27.20,26.90,26.90,26.80,27.30,27.20,27.60,27.70,27.50,27.60,27.60,27.60,27.50,27.30,27.40,27.00,26.60,26.40,26.40,26.50,26.40,26.40,26.20,26.20,26.00,26.20,26.20,26.30,26.30,26.50,26.40,26.20,26.20,26.20,26.30,26.40,26.20,26.10,26.10,25.50,25.50,25.50,25.20,25.20,25.20,25.30,25.40,25.20,25.10,25.30,25.20,25.10,24.90,25.00,25.10,25.00,25.20,25.10,25.00,25.00,25.00,24.90,25.10,25.20,25.20,25.40,25.10,25.10,25.20,24.90,25.10,25.00,25.10,25.10,25.30,25.00,25.10,25.10,25.20,25.40,25.90,26.40,26.40,26.10,26.10,26.20,26.10,26.00,25.80,25.90,25.90,25.90,25.90,25.90,26.00,26.00,26.10,26.40,26.20,26.00,26.20,26.00,26.10,26.00,26.10,26.20,26.30,26.20,26.20,26.20,26.20,26.30,26.20,26.30,26.20,26.10,26.20,26.30,26.30,26.20,26.30,26.30,26.40,26.20,26.40,26.40,26.30,26.20,26.20,26.50,26.40,26.40,26.20,26.40,26.40,26.60,26.30,26.20,26.00,26.00,25.80,25.90,25.90,25.70,25.80,25.80,25.70,26.10,26.20,25.90,26.20,26.10,26.30,26.30,26.40,26.40,26.30,26.40,26.40,26.50,26.60,26.50,26.40,26.50,26.30,26.30,26.40,26.50,26.50,26.60,26.40,26.60,26.30,26.50,26.60,26.70,26.70,26.60,26.60,26.50,26.50,26.70,26.40,26.70,26.60,26.60,26.60,26.60,26.60,26.70,26.60,26.70,26.40,26.50,26.60,26.60,26.40,26.70,26.80,26.70,26.50,26.50,26.90,26.90,26.70,26.60,26.70,26.80,26.80,26.70,26.60,26.70,26.60,26.70,26.60,26.60,26.70,26.60,26.60,26.40,26.50,26.60,26.60,26.70,26.60,26.60,26.40,26.60,26.60,26.40,26.70,26.70,26.60,26.70,26.60,26.50,26.40,26.40,26.40,26.30,26.20,26.20,26.40,26.40,26.40,26.40,26.50,26.60,26.50,26.40,26.40,26.40,26.40,26.40,26.40,26.40
25.70,25.80,25.80,25.80,25.70,25.70,25.70,25.80,25.80,25.80,25.80,25.80,25.80,25.90,25.80,25.80,25.80,25.80,25.80,25.80,25.80,25.60,25.80,25.70,25.90,25.90,25.90,26.00,25.80,26.10,26.10,25.90,25.80,25.70,25.70,25.80,25.80,25.80,25.80,25.80,25.80,25.90,25.60,25.80,25.80,25.80,26.00,25.90,25.90,25.90,25.50,25.90,26.00,26.00,26.00,25.80,25.60,25.80,25.80,25.60,25.50,25.80,25.90,25.80,25.80,25.90,25.80,25.60,25.90,26.00,25.90,25.90,25.90,26.10,25.80,25.80,25.70,25.90,25.90,26.00,25.90,25.90,26.00,26.00,26.10,25.90,26.10,25.90,25.90,26.10,26.20,26.10,26.10,26.30,26.20,26.10,26.20,26.20,26.40,26.40,26.40,26.40,26.60,26.70,26.20,26.70,26.70,26.70,26.90,26.90,26.70,26.90,26.90,26.90,27.00,27.00,27.00,27.10,27.20,27.20,27.10,27.30,27.20,27.20,27.30,27.40,27.30,27.10,27.30,27.20,27.10,27.00,27.60,27.50,27.60,27.80,27.60,27.60,27.70,27.40,27.10,26.90,26.70,26.80,26.30,26.60,26.40,26.40,26.10,26.10,26.20,26.30,26.30,26.20,26.30,26.20,26.20,26.40,26.50,26.40,26.50,26.40,26.40,26.30,26.20,25.80,25.80,25.60,25.40,25.50,25.20,25.40,25.30,25.20,25.10,25.10,25.10,25.10,25.20,25.20,25.10,25.10,25.10,25.10,25.00,24.90,24.90,25.20,25.10,25.40,25.20,24.80,25.10,25.10,25.10,25.00,25.00,25.20,25.00,25.10,25.10,25.00,25.10,25.10,25.40,25.30,26.10,26.40,26.40,26.20,26.20,26.20,26.20,26.00,26.00,25.90,25.90,25.90,25.90,25.90,25.90,26.10,26.20,26.40,26.20,26.10,26.20,26.40,26.10,26.10,26.10,26.20,26.30,26.20,26.20,26.20,26.20,26.40,26.10,26.60,26.40,26.30,26.40,26.30,26.20,26.20,26.40,26.20,26.20,26.40,26.50,26.30,26.20,26.40,26.20,26.30,26.40,26.50,26.20,26.40,26.20,26.40,26.10,26.10,25.80,25.80,25.80,25.80,25.80,25.80,25.80,25.80,25.60,25.90,26.30,25.90,26.10,26.20,26.10,26.10,26.40,26.40,26.30,26.40,26.40,26.40,26.40,26.50,26.30,26.40,26.40,26.20,26.20,26.30,26.20,26.40,26.40,26.60,26.20,26.40,26.50,26.40,26.40,26.60,26.50,26.50,26.50,26.70,26.40,26.60,26.60,26.60,26.60,26.70,26.70,26.50,26.90,26.70,26.40,26.30,26.50,26.90,26.60,26.70,26.70,26.90,26.90,26.80,26.70,26.60,26.70,26.50,26.90,26.70,26.70,26.70,26.60,26.80,26.60,26.50,26.70,26.60,26.60,26.60,26.60,26.60,26.60,26.70,26.70,26.70,26.60,26.40,26.60,26.70,26.70,26.40,26.50,26.50,26.30,26.60,26.70,26.60,26.50,26.40,26.20,26.60,26.60,26.40,26.40,26.40,26.30,26.20,26.40,26.70,26.50,26.40,26.40,26.40,26.40,26.50,26.40,26.30
26.00,26.00,25.80,25.80,25.80,25.80,25.80,25.60,25.80,25.70,25.80,25.70,25.50,25.80,25.80,25.80,25.70,25.80,25.80,25.90,25.90,25.80,25.80,25.80,25.80,25.80,25.90,26.10,26.00,26.10,26.10,25.80,25.80,25.80,25.80,25.90,25.90,25.90,25.80,25.80,25.90,25.90,25.80,25.90,25.90,25.90,26.10,25.90,26.00,25.80,25.70,26.10,25.90,25.80,25.80,25.80,25.80,25.80,25.80,25.80,25.80,25.80,25.40,25.60,25.80,25.90,25.60,26.00,25.80,25.90,25.80,25.80,25.90,26.00,25.80,25.90,25.90,25.90,25.90,25.90,25.80,26.00,26.10,26.10,26.20,25.90,26.00,26.00,26.00,26.10,26.10,25.90,26.20,26.10,26.20,26.40,26.30,26.20,26.60,26.40,26.40,26.40,26.70,26.80,26.60,26.80,26.70,26.80,27.00,26.50,27.00,27.00,27.00,26.80,27.00,27.00,27.10,27.20,27.20,27.10,27.20,27.30,27.20,27.40,27.30,27.40,27.30,27.20,27.30,27.30,27.60,27.40,27.60,27.60,27.70,27.80,27.60,27.60,27.60,27.30,27.30,27.20,27.00,26.80,26.40,26.30,26.40,26.40,26.40,26.30,26.40,26.50,26.50,26.40,26.60,26.40,26.40,26.30,26.40,26.30,26.70,26.50,26.40,26.30,26.30,26.20,26.00,25.70,25.60,25.60,25.20,25.40,25.20,25.10,25.30,25.40,25.10,25.30,25.10,25.20,25.20,25.20,25.20,25.10,25.10,25.10,24.90,25.10,25.10,25.00,25.20,24.80,25.20,25.20,25.00,25.20,25.00,25.10,25.10,25.20,25.30,25.40,25.40,25.20,25.10,25.50,25.90,26.30,26.40,26.20,26.20,26.20,26.10,26.20,25.90,25.90,25.90,26.10,25.80,25.90,25.70,26.00,26.20,26.20,26.30,26.20,26.20,26.20,26.10,26.10,26.20,26.40,26.20,26.10,26.20,26.40,26.30,26.40,26.20,26.20,26.20,26.20,26.30,26.20,26.20,26.20,26.10,26.30,26.20,26.20,26.60,26.30,26.20,26.40,26.40,26.40,26.40,26.40,26.20,26.20,26.20,26.10,26.00,25.50,25.80,25.80,25.80,25.80,25.90,25.80,25.80,25.90,25.80,25.90,26.20,26.20,26.00,26.10,26.50,26.10,26.60,26.40,26.50,26.30,26.30,26.20,26.20,26.10,26.20,26.40,26.40,26.20,26.20,26.60,26.40,26.60,26.30,26.40,26.40,26.30,26.40,26.50,26.50,26.50,26.50,26.40,26.40,26.40,26.70,26.70,26.60,26.70,26.80,26.70,26.90,26.70,26.90,26.90,26.70,26.60,26.90,26.70,26.90,26.80,26.70,26.70,26.60,26.80,26.60,26.60,26.60,26.60,26.70,26.70,26.70,26.70,26.60,26.60,26.70,26.70,26.60,26.60,26.60,26.40,26.40,26.70,26.60,26.60,26.60,26.70,26.60,26.40,26.70,26.70,26.60,26.50,26.50,26.60,26.60,26.60,26.60,26.60,26.60,26.60,26.40,26.50,26.70,26.60,26.50,26.50,26.20,26.30,26.30,26.70,26.50,26.10,26.20,26.20,26.30,26.40,26.50,26.20
25.80,25.80,25.80,25.80,25.90,25.60,25.60,25.70,25.60,25.60,25.80,25.60,25.60,25.80,25.70,25.60,25.70,25.80,25.80,25.80,25.60,25.80,25.90,25.80,25.80,25.80,25.80,25.90,26.00,26.00,25.90,25.80,26.10,26.00,26.00,26.00,25.90,26.00,26.10,25.90,25.90,25.90,25.90,25.80,26.10,26.10,26.10,25.90,25.90,25.80,26.00,26.10,25.60,25.80,25.90,25.90,25.80,25.70,25.90,26.00,25.80,25.80,25.60,25.90,25.90,25.70,25.80,26.00,26.00,25.90,25.80,25.80,25.90,25.90,26.00,25.80,25.80,25.90,25.80,25.90,25.90,26.10,26.10,26.20,26.10,25.90,25.90,26.20,26.10,26.20,26.20,26.00,26.20,26.10,26.20,26.40,26.30,26.40,26.60,26.40,26.50,26.60,26.60,26.70,26.60,26.90,26.70,26.90,27.00,26.70,26.90,26.90,27.00,27.00,27.00,27.00,27.30,27.10,27.20,27.30,27.20,27.00,27.00,27.10,27.30,27.30,27.30,27.30,27.20,27.40,27.10,27.40,27.70,27.60,27.40,27.50,27.60,27.70,27.40,27.30,27.50,27.10,27.10,26.90,26.70,26.50,26.60,26.40,26.60,26.40,26.50,26.50,26.50,26.30,26.60,26.40,26.70,26.60,26.70,26.60,26.70,26.70,26.50,26.30,26.40,26.40,26.10,26.00,25.70,25.70,25.40,25.40,25.20,25.10,25.30,25.30,25.20,25.20,25.10,25.10,25.10,25.10,24.90,25.20,24.90,24.90,25.10,24.90,25.10,25.10,24.90,25.00,25.10,24.90,24.90,25.00,25.10,25.10,24.90,25.10,25.00,25.10,25.10,25.20,25.10,25.60,26.10,26.40,26.20,26.40,26.20,26.20,26.10,26.20,25.90,25.90,26.00,26.00,25.70,25.90,26.00,25.90,26.20,26.20,26.40,26.20,26.30,26.10,26.10,26.10,26.10,26.20,26.20,26.10,26.20,26.20,26.20,26.30,26.20,26.10,26.20,26.20,26.40,26.20,26.40,26.10,26.20,26.50,26.20,26.40,26.40,26.40,26.20,26.40,26.20,26.50,26.30,26.20,26.10,26.10,26.10,26.00,25.80,25.80,25.60,25.80,25.80,25.70,25.60,25.60,25.80,26.00,26.10,25.90,26.20,26.40,26.20,26.20,26.40,26.40,26.60,26.30,26.40,26.40,26.10,26.20,26.40,26.30,26.10,26.40,26.40,26.60,26.50,26.30,26.20,26.30,26.40,26.40,26.40,26.60,26.50,26.40,26.50,26.40,26.50,26.40,26.40,26.60,26.60,26.60,26.60,26.40,26.60,26.60,26.70,26.60,26.70,26.80,26.80,26.70,26.70,26.90,26.80,26.90,26.90,26.70,26.80,26.90,26.70,26.60,26.70,26.70,26.90,26.80,26.80,26.60,26.80,26.70,26.60,26.70,26.60,26.60,26.60,26.70,26.60,26.40,26.60,26.40,26.50,26.50,26.40,26.70,26.70,26.70,26.50,26.70,26.70,26.60,26.70,26.70,26.50,26.50,26.50,26.50,26.60,26.60,26.60,26.60,26.60,26.50,26.40,26.30,26.30,26.50,26.60,26.40,26.60,26.50,26.30,26.40,26.50,26.40
25.60,25.60,25.60,25.80,25.80,25.60,25.70,25.70,25.90,25.90,25.80,25.80,25.80,25.80,25.60,25.70,25.80,25.80,25.80,25.60,25.80,25.80,25.60,25.80,25.90,25.80,25.80,25.80,25.80,25.70,25.80,25.90,26.00,25.90,25.90,25.80,26.00,26.00,25.90,25.90,25.90,25.90,25.90,25.90,25.90,25.90,25.90,25.60,25.90,26.00,26.10,26.00,25.80,25.90,25.90,25.80,25.80,25.60,25.80,25.70,25.60,25.70,25.90,25.80,26.00,25.90,25.90,25.80,26.00,25.70,25.70,25.90,25.90,25.90,25.90,25.90,26.00,25.90,25.90,26.10,26.00,26.20,26.10,26.00,26.10,26.00,26.10,26.10,26.10,26.30,26.40,26.30,26.40,26.20,26.30,26.20,26.30,26.30,26.30,26.70,26.70,26.60,26.60,26.70,26.90,26.70,26.60,26.90,26.90,26.90,26.90,27.20,27.00,26.90,27.00,27.00,27.30,27.10,27.10,27.30,27.40,27.30,27.40,27.40,27.30,27.30,27.40,27.30,27.20,27.40,27.60,27.60,27.50,27.60,27.70,27.40,27.50,27.60,27.50,27.40,27.30,27.40,27.10,27.00,26.80,26.50,26.40,26.60,26.40,26.40,26.60,26.60,26.60,26.60,26.60,26.40,26.60,26.60,26.50,26.70,26.50,26.60,26.70,26.60,26.60,26.60,26.40,26.40,26.00,26.00,25.60,25.50,25.40,25.30,25.50,25.30,25.40,25.20,25.10,25.40,25.30,25.10,25.00,25.40,24.90,24.90,25.10,25.10,25.10,25.10,25.20,24.90,25.10,25.10,25.10,25.10,25.10,25.10,25.10,25.10,25.20,25.20,25.40,25.20,25.40,25.60,26.10,26.20,26.40,26.30,26.20,26.20,26.10,26.10,26.10,25.90,25.90,25.80,25.90,25.80,25.90,26.00,25.80,26.00,26.00,26.10,26.10,25.90,26.10,26.30,26.10,26.10,26.10,26.10,26.10,26.10,26.20,26.10,26.10,26.20,26.20,26.20,26.20,26.20,26.40,26.20,26.40,26.60,26.10,26.30,26.40,26.40,26.50,26.40,26.20,26.40,26.40,26.30,26.20,26.10,25.90,25.90,25.90,25.70,25.50,25.80,25.80,25.60,25.60,25.80,25.90,25.90,26.10,26.10,26.10,26.20,26.30,26.50,26.20,26.20,26.50,26.20,26.20,26.40,26.30,26.30,26.30,26.20,26.20,26.60,26.60,26.50,26.30,26.40,26.20,26.20,26.30,26.50,26.40,26.30,26.40,26.20,26.40,26.40,26.50,26.70,26.70,26.60,26.50,26.40,26.40,26.40,26.60,26.60,26.60,26.60,26.50,26.60,26.60,26.60,26.60,26.90,26.80,26.70,26.70,26.90,26.80,26.90,26.80,26.50,26.50,26.70,26.80,26.80,26.80,26.60,26.60,26.50,26.50,26.70,26.60,26.60,26.60,26.60,26.60,26.50,26.40,26.40,26.60,26.70,26.70,26.70,26.70,26.60,26.60,26.50,26.50,26.60,26.60,26.80,26.80,26.60,26.50,26.60,26.60,26.70,26.60,26.60,26.60,26.40,26.40,26.40,26.10,26.40,26.70,26.20,26.40,26.60,26.50,26.30,26.10,26.30
25.70,25.80,25.80,25.80,25.80,25.80,25.80,25.80,25.90,25.90,26.00,26.00,25.90,25.80,25.90,25.90,25.80,26.00,25.70,25.60,25.80,25.60,25.70,25.80,25.80,25.80,26.00,26.00,25.90,25.90,25.80,25.80,25.90,25.80,25.80,26.00,26.10,25.80,25.90,26.00,25.90,26.00,26.10,25.90,25.90,26.10,25.90,25.90,26.10,26.20,26.10,25.90,25.60,25.60,25.70,25.80,25.80,25.80,25.60,25.90,25.80,25.90,26.10,25.90,25.90,26.00,25.70,25.80,25.90,25.90,25.90,25.90,26.10,25.90,25.90,26.00,26.10,26.10,26.00,26.00,25.90,26.10,25.90,25.90,25.90,26.00,26.00,26.00,26.10,26.20,26.20,26.20,26.20,26.20,26.30,26.40,26.50,26.60,26.40,26.50,26.60,26.50,26.70,26.70,26.80,26.80,26.80,26.90,26.90,26.80,26.90,27.10,27.10,26.80,27.00,26.90,27.20,27.10,27.00,27.10,27.30,27.00,27.10,27.20,27.20,27.30,27.20,27.40,27.40,27.60,27.60,27.60,27.50,27.70,27.70,27.60,27.40,27.60,27.60,27.40,27.30,27.30,27.10,26.90,27.10,26.90,26.80,26.60,26.60,26.60,26.70,26.70,26.80,26.70,26.70,26.50,26.70,26.70,26.70,26.70,26.70,27.00,26.80,26.80,26.80,26.70,26.60,26.50,26.40,26.30,26.00,25.80,25.30,25.50,25.50,25.30,25.40,25.10,25.10,25.30,25.20,25.20,25.00,25.10,25.20,25.20,25.20,24.90,25.20,25.10,25.30,25.20,25.10,25.10,24.90,25.10,25.10,24.90,25.10,25.10,24.90,25.10,25.20,25.20,25.30,25.60,26.20,26.20,26.40,26.20,26.30,26.20,26.20,26.10,26.20,25.90,25.90,25.80,26.00,25.90,25.90,25.90,25.80,26.10,25.90,26.10,26.10,25.90,26.10,26.40,26.40,26.20,26.20,26.40,26.20,26.10,26.20,26.00,26.10,25.90,26.20,26.10,26.10,26.20,26.20,26.30,26.30,26.30,26.30,26.40,26.40,26.30,26.40,26.20,26.20,26.40,26.40,26.40,25.90,25.80,25.80,25.80,25.80,25.60,25.60,25.80,25.70,25.60,25.70,25.90,26.10,26.10,26.10,26.20,26.10,26.20,26.20,26.30,26.30,26.20,26.20,26.20,26.20,26.20,26.20,26.50,26.30,26.40,26.20,26.40,26.40,26.20,26.30,26.40,26.40,26.30,26.30,26.20,26.40,26.70,26.70,26.30,26.60,26.40,26.40,26.60,26.50,26.50,26.50,26.40,26.80,26.40,26.70,26.60,26.40,26.60,26.60,26.70,26.60,26.60,26.60,26.70,26.80,26.90,26.70,26.80,26.80,26.90,26.90,26.80,26.70,26.80,26.90,26.80,26.70,26.50,26.60,26.70,26.60,26.70,26.60,26.70,26.80,26.90,26.70,26.60,26.40,26.60,26.70,26.80,26.70,26.70,26.60,26.60,26.80,26.80,26.60,26.60,26.60,26.50,26.60,26.70,26.60,26.60,26.60,26.60,26.60,26.60,26.40,26.50,26.40,26.50,26.50,26.60,26.70,26.40,26.20,26.40,26.20,26.20,26.20,26.30
25.90,25.80,25.80,25.80,25.70,25.70,25.70,25.80,25.90,25.80,25.60,25.60,25.80,26.00,26.10,25.80,25.80,25.90,25.90,25.80,25.80,25.70,25.80,25.80,25.80,26.00,26.20,25.90,26.00,26.10,25.70,25.90,25.90,25.70,25.80,25.70,25.80,25.90,26.00,25.90,25.80,25.80,25.80,25.80,26.00,26.10,25.90,25.90,25.90,26.10,25.90,25.90,25.80,25.80,26.10,25.90,25.90,25.90,25.60,25.60,25.70,25.90,25.90,25.80,25.80,25.90,26.10,26.10,26.00,25.90,25.80,25.80,26.10,26.20,26.00,26.10,26.10,25.90,26.00,26.00,25.90,25.90,26.00,25.90,26.10,26.20,26.10,26.10,26.10,26.10,26.20,26.20,26.10,26.10,26.40,26.40,26.40,26.50,26.40,26.60,26.70,26.70,26.70,26.60,26.80,26.70,26.60,26.80,26.90,26.90,26.90,27.00,27.00,27.10,27.00,26.90,27.10,26.90,27.00,27.10,27.10,27.10,27.30,27.10,27.10,27.10,27.20,27.30,27.30,27.40,27.60,27.40,27.30,27.30,27.40,27.80,27.50,27.60,27.60,27.40,27.30,27.20,27.00,27.10,27.10,27.10,27.00,26.70,26.60,26.90,26.80,26.70,26.90,26.60,26.90,26.80,27.00,26.80,27.00,26.90,26.70,26.70,26.50,26.70,26.70,26.40,26.60,26.60,26.70,26.60,26.20,25.90,25.50,25.50,25.40,25.40,25.20,25.20,25.10,25.10,25.20,25.20,25.00,25.20,25.10,25.10,25.20,25.00,25.10,25.10,25.00,25.10,25.00,24.90,24.90,25.10,25.10,24.90,25.20,25.20,25.10,25.10,25.10,25.20,25.30,25.70,26.20,26.20,26.20,26.20,26.40,26.20,26.20,26.10,26.10,25.90,26.00,26.10,25.80,25.90,25.90,25.80,25.80,25.80,26.10,26.10,26.10,26.00,26.10,26.20,26.40,26.20,26.20,26.40,26.10,26.00,26.10,26.40,26.20,26.40,26.40,26.10,26.20,26.20,26.20,26.10,26.10,26.40,26.10,26.20,26.10,26.20,26.20,26.10,26.10,26.20,26.10,25.80,25.70,25.60,25.80,25.70,25.60,25.70,25.60,25.80,25.80,25.60,25.90,25.90,26.10,26.20,26.10,26.20,26.20,26.20,26.30,26.20,26.20,26.20,26.10,26.10,26.30,26.40,26.40,26.40,26.20,26.40,26.40,26.40,26.40,26.30,26.30,26.30,26.40,26.40,26.20,26.20,26.10,26.60,26.60,26.40,26.60,26.40,26.20,26.50,26.40,26.40,26.40,26.30,26.20,26.40,26.80,26.60,26.40,26.30,26.50,26.40,26.60,26.60,26.50,26.60,26.60,26.60,26.70,26.60,26.70,26.80,26.60,26.60,26.70,26.70,26.90,27.00,26.80,26.70,26.70,26.80,26.80,26.70,26.70,26.70,26.90,26.90,26.90,26.60,26.40,26.50,26.60,26.80,26.70,26.70,26.70,26.60,26.70,26.90,26.80,26.70,26.60,26.70,26.60,26.60,26.70,26.60,26.40,26.40,26.60,26.60,26.60,26.60,26.60,26.60,26.60,26.60,26.60,26.50,26.40,26.70,26.70,26.40,26.30,26.30
25.60,25.60,25.60,25.80,25.80,25.80,25.60,25.90,25.90,25.80,25.60,25.60,25.80,25.90,26.00,25.80,25.80,25.80,25.70,25.80,25.90,25.70,25.80,25.90,25.80,25.90,26.10,26.00,26.00,25.90,25.80,26.00,25.80,25.60,25.90,26.00,26.00,25.90,25.90,25.80,25.80,25.90,25.80,25.80,25.90,26.00,26.10,25.90,25.80,25.90,26.10,25.80,25.80,25.90,25.90,25.80,25.90,25.90,25.80,25.80,25.80,25.90,25.80,25.70,26.00,25.70,26.10,26.00,25.90,25.80,25.80,25.90,25.90,26.10,26.10,26.20,25.90,26.00,26.20,26.10,26.00,25.90,26.10,25.90,26.20,26.10,26.20,26.20,26.20,26.20,26.40,26.40,26.30,26.40,26.40,26.20,26.50,26.60,26.40,26.60,26.70,26.70,26.70,26.70,26.90,26.80,26.70,26.80,26.90,27.00,27.00,27.00,27.00,27.00,27.30,27.00,27.10,26.90,27.20,27.30,27.10,27.20,27.30,27.10,27.30,27.10,27.10,27.30,27.20,27.40,27.40,27.50,27.60,27.40,27.60,27.50,27.60,27.50,27.60,27.40,27.30,27.30,27.10,27.10,27.20,27.00,26.90,27.00,26.80,27.00,26.90,26.70,26.90,26.70,26.90,26.80,26.90,26.90,26.70,26.90,27.00,27.00,26.90,26.80,26.80,26.70,26.70,26.60,26.80,26.80,26.60,26.10,25.70,25.60,25.50,25.40,25.20,25.30,25.20,25.20,25.20,25.30,25.10,25.00,25.20,25.10,25.10,25.10,25.00,25.20,24.90,25.20,25.10,24.90,24.90,25.00,25.20,25.00,25.00,25.20,25.00,25.20,25.10,25.20,25.50,26.20,26.40,26.20,26.20,26.20,26.30,26.10,26.10,26.00,26.00,25.90,26.00,26.20,25.80,26.00,25.90,26.00,25.90,25.90,26.00,25.90,26.20,26.20,26.10,26.20,26.20,26.10,26.10,26.20,26.20,25.90,26.20,26.10,26.20,26.20,26.20,26.30,26.30,26.20,26.10,26.00,26.10,26.50,26.20,26.10,26.20,26.20,26.10,26.10,26.00,25.80,25.60,25.60,25.80,25.50,25.60,25.70,25.70,25.70,25.50,25.80,25.90,25.40,25.90,26.10,26.10,26.30,26.10,26.20,26.20,26.40,26.40,26.20,26.20,26.30,26.30,26.30,26.30,26.20,26.30,26.40,26.20,26.20,26.30,26.20,26.10,26.10,26.20,26.40,26.10,26.30,26.30,26.40,26.20,26.60,26.40,26.30,26.30,26.40,26.40,26.40,26.40,26.30,26.20,26.40,26.50,26.40,26.70,26.60,26.30,26.20,26.20,26.40,26.60,26.60,26.40,26.20,26.40,26.80,26.70,26.60,26.50,26.60,26.60,26.70,26.70,26.70,26.70,26.60,26.70,26.70,26.70,26.90,26.90,26.90,26.90,26.70,26.90,27.00,26.90,26.60,26.70,26.60,26.60,26.70,26.80,26.80,26.70,26.70,26.70,26.70,26.60,26.70,26.70,26.70,26.60,26.50,26.70,26.60,26.40,26.60,26.60,26.70,26.70,26.70,26.50,26.70,26.60,26.60,26.60,26.50,26.20,26.60,26.70,26.60,26.40,26.40
25.90,26.10,25.90,25.80,25.90,25.90,25.90,25.60,25.60,25.80,25.70,25.80,25.80,25.80,25.80,25.80,25.80,25.80,25.70,25.80,25.80,25.60,25.80,25.80,25.70,25.90,25.90,26.00,25.80,25.80,25.70,25.80,25.60,25.80,26.10,26.00,25.90,25.80,25.90,25.90,25.90,26.00,25.90,25.90,25.90,25.90,26.10,25.90,25.90,25.80,25.80,25.50,25.80,26.00,26.10,25.80,26.10,26.00,25.90,25.90,26.10,25.90,25.80,25.90,25.90,25.80,26.00,26.10,26.10,25.80,25.90,25.90,25.90,25.80,26.00,26.20,26.00,26.10,26.10,26.10,26.00,26.10,26.10,26.10,26.10,26.20,26.00,26.30,26.20,26.50,26.40,26.40,26.40,26.30,26.40,26.60,26.60,26.50,26.50,26.60,26.50,26.70,26.80,26.70,26.90,26.90,26.90,26.90,27.00,27.00,26.90,27.00,27.10,26.90,27.10,26.80,27.00,27.00,27.20,27.30,27.10,27.20,27.30,27.30,27.10,27.20,27.30,27.20,27.30,27.40,27.40,27.60,27.50,27.40,27.60,27.50,27.40,27.50,27.40,27.30,27.40,27.40,27.40,27.30,27.40,27.10,27.10,27.30,26.90,26.90,26.90,26.90,26.90,26.80,27.00,26.90,27.10,26.70,26.60,26.90,26.90,26.90,27.00,27.10,27.00,26.70,26.70,26.60,26.70,26.60,26.80,26.40,26.10,25.90,25.80,25.40,25.30,25.40,25.30,25.20,25.20,25.20,25.20,25.20,25.20,25.10,25.10,25.30,25.20,25.20,24.90,25.20,25.10,25.00,25.10,25.20,25.10,25.10,25.10,25.10,24.90,25.10,25.20,25.20,25.80,26.60,26.50,26.10,26.10,26.00,26.20,26.10,26.20,26.00,26.00,26.10,26.00,26.10,26.00,25.90,25.90,25.70,25.90,26.20,25.90,26.00,26.20,26.10,26.10,26.20,26.40,26.20,26.20,26.10,25.90,26.20,26.10,26.10,26.20,26.10,26.10,26.40,26.20,26.40,26.50,26.20,26.10,26.20,26.10,26.10,26.00,26.10,26.00,25.90,25.90,25.80,25.50,25.80,25.80,25.50,25.50,25.60,25.60,25.70,25.70,25.70,25.70,25.80,25.90,26.00,26.10,26.10,26.00,26.20,26.40,26.50,26.30,26.30,26.30,26.20,26.20,26.00,26.20,26.20,26.30,26.40,26.30,26.20,26.30,26.30,26.10,26.20,26.20,26.40,26.20,26.20,26.70,26.40,26.40,26.40,26.30,26.30,26.30,26.40,26.60,26.50,26.40,26.60,26.30,26.40,26.50,26.50,26.60,26.70,26.60,26.60,26.60,26.30,26.60,26.60,26.50,26.60,26.60,26.60,26.60,26.70,26.80,26.70,26.80,26.80,26.80,26.70,26.70,26.60,26.70,26.90,26.70,26.70,26.70,26.60,26.80,26.70,26.70,26.80,27.00,26.80,26.70,26.70,26.70,26.70,26.70,26.70,26.60,26.70,26.80,26.50,26.40,26.50,26.70,26.70,26.60,26.40,26.60,26.60,26.40,26.60,26.70,26.80,26.50,26.40,26.60,26.60,26.70,26.50,26.60,26.70,26.60,26.50,26.50,26.60,26.50,26.30
25.90,25.90,25.80,25.90,26.10,26.10,26.10,25.90,26.10,25.90,25.90,25.90,25.70,25.80,25.80,25.80,25.80,25.80,25.70,25.80,25.80,25.80,25.80,25.80,25.80,25.80,25.90,25.90,25.80,25.70,25.60,25.80,25.90,25.90,25.90,26.10,25.90,25.90,25.90,25.90,26.00,26.00,25.90,26.10,26.10,25.90,25.90,26.00,25.90,25.90,25.80,25.60,25.90,26.10,26.10,26.00,25.80,25.80,25.80,25.90,26.00,25.90,26.00,26.00,26.00,25.90,25.90,26.10,26.10,26.00,25.90,26.00,26.00,26.00,26.10,26.20,26.20,26.10,26.10,26.00,26.10,26.20,26.30,26.10,26.10,26.30,26.20,26.10,26.10,26.30,26.30,26.40,26.60,26.30,26.30,26.20,26.30,26.50,26.60,26.50,26.70,26.80,26.80,26.90,26.90,26.90,26.90,26.90,26.90,26.90,27.00,27.00,27.10,27.00,27.00,27.10,27.00,27.10,27.00,27.10,27.10,27.30,27.30,27.40,27.30,27.20,27.40,27.40,27.30,27.30,27.50,27.40,27.60,27.40,27.60,27.60,27.60,27.40,27.60,27.50,27.40,27.40,27.40,27.30,27.10,27.20,27.00,27.20,27.00,26.90,27.10,27.00,27.00,26.90,27.00,27.10,27.10,26.90,26.80,27.00,26.90,26.90,27.00,26.80,26.80,26.70,26.60,26.60,26.50,26.40,26.40,26.40,26.40,26.10,25.90,25.60,25.40,25.40,25.30,25.20,25.20,25.20,25.20,25.20,25.20,25.20,25.20,25.20,25.10,25.00,24.90,25.10,25.10,25.10,25.20,25.30,24.90,25.20,25.10,25.10,25.10,25.10,25.30,25.30,26.10,26.30,26.40,26.00,25.90,25.90,26.10,26.10,26.10,26.10,26.00,25.90,26.10,26.00,26.20,26.10,25.80,25.90,26.00,26.00,26.00,26.10,26.10,26.10,26.20,26.10,26.10,26.20,26.20,26.40,26.30,26.20,26.30,26.20,26.00,26.10,26.10,26.20,26.10,26.10,25.90,26.20,26.10,26.20,26.20,26.10,26.20,25.80,25.90,25.80,25.70,25.60,25.60,25.60,25.80,25.60,25.50,25.50,25.50,25.50,25.70,25.90,26.00,25.90,25.80,26.10,25.90,26.00,26.00,26.10,26.00,26.10,26.20,26.20,26.50,26.20,26.40,26.30,26.40,26.40,26.20,26.40,26.30,26.30,26.10,26.20,26.20,26.20,26.40,26.30,26.20,26.10,26.40,26.40,26.40,26.40,26.20,26.40,26.40,26.40,26.40,26.60,26.50,26.60,26.40,26.40,26.40,26.50,26.50,26.60,26.60,26.40,26.60,26.50,26.40,26.60,26.40,26.60,26.60,26.50,26.40,26.60,26.80,26.80,26.80,26.90,26.90,26.70,26.70,26.60,26.70,26.90,26.70,26.70,26.70,26.60,26.70,26.70,26.70,26.60,26.80,26.70,26.70,26.60,26.90,26.80,26.70,26.80,26.70,26.70,26.90,26.60,26.60,26.60,26.60,26.60,26.60,26.70,26.70,26.70,26.40,26.40,26.50,26.50,26.60,26.60,26.60,26.60,26.60,26.60,26.60,26.60,26.70,26.60,26.40,26.50,26.50,26.40
25.80,25.90,25.80,25.60,25.60,25.90,26.10,25.90,25.80,25.90,26.10,25.80,25.70,25.90,25.80,25.80,25.80,25.70,25.70,25.80,25.80,25.80,25.90,25.90,25.90,25.80,26.00,26.00,26.10,25.80,25.80,25.90,26.10,25.90,25.90,26.10,25.90,25.90,25.90,25.90,25.80,25.80,25.90,26.00,26.00,26.00,25.80,25.80,26.10,25.90,25.80,25.80,25.60,25.90,26.00,26.00,26.10,25.70,25.90,25.90,25.90,25.90,25.90,25.90,25.90,25.90,25.90,26.10,25.90,25.90,26.00,26.10,26.10,26.10,26.20,25.90,26.10,26.10,26.00,25.90,26.10,26.20,26.20,26.20,26.20,26.20,26.20,26.10,26.10,26.00,26.30,26.20,26.40,26.10,26.40,26.40,26.60,26.60,26.60,26.60,26.70,26.70,26.70,26.90,26.90,26.90,27.00,27.00,26.90,27.30,26.80,27.10,27.00,27.10,26.90,27.00,27.10,27.30,27.40,27.30,27.30,27.30,27.20,27.30,27.30,27.00,27.60,27.40,27.30,27.40,27.40,27.50,27.40,27.30,27.40,27.60,27.40,27.60,27.40,27.60,27.30,27.40,27.30,27.30,27.30,27.20,27.30,27.20,27.30,27.20,27.00,27.20,27.00,27.00,27.00,27.10,27.00,27.00,27.00,27.10,27.10,27.00,26.90,26.90,26.90,26.70,26.70,26.60,26.60,26.60,26.40,26.30,26.40,26.40,26.00,25.70,25.50,25.30,25.30,25.20,25.20,25.20,25.30,25.00,25.40,25.20,25.40,25.10,25.20,25.00,24.90,25.00,25.20,25.20,25.20,25.20,24.90,25.30,25.10,25.10,25.10,25.10,25.20,25.50,26.10,26.10,26.10,26.10,25.90,26.10,26.20,26.00,26.10,26.10,26.30,25.80,25.80,26.10,26.20,26.10,25.60,25.90,25.80,25.80,26.10,26.10,25.90,26.10,26.10,25.90,25.90,26.10,26.20,26.00,26.10,26.20,26.20,26.20,26.10,26.10,26.10,26.20,26.20,26.10,26.30,26.40,26.20,25.90,26.10,25.90,26.00,25.60,25.60,25.60,25.80,25.70,25.80,25.60,25.70,25.60,25.50,25.70,25.50,25.70,25.80,25.80,25.90,26.10,26.10,26.20,26.10,26.20,26.20,26.00,26.00,26.10,26.30,26.20,26.20,26.20,26.20,26.20,26.30,26.30,26.30,26.20,26.40,26.40,26.30,26.20,26.30,26.10,26.30,26.40,26.20,26.20,26.30,26.40,26.30,26.40,26.40,26.40,26.30,26.40,26.40,26.50,26.30,26.70,26.40,26.40,26.40,26.60,26.70,26.70,26.60,26.30,26.50,26.60,26.70,26.60,26.30,26.50,26.60,26.60,26.60,26.60,26.70,26.70,26.80,26.70,26.60,26.60,26.60,26.60,26.60,26.70,26.70,26.80,26.80,26.60,26.70,26.70,26.60,26.60,26.70,26.70,26.70,26.70,26.80,26.90,26.80,27.00,26.90,26.90,27.00,26.60,26.40,26.70,26.60,26.60,26.60,26.70,26.70,26.70,26.60,26.70,26.90,26.60,26.60,26.60,26.60,26.60,26.70,26.60,26.60,26.70,26.60,26.60,26.70,26.60,26.60,26.50
26.00,25.90,25.60,25.70,25.80,25.90,25.70,25.40,25.80,25.90,25.90,25.60,25.80,26.10,25.80,25.80,25.70,25.60,25.80,25.80,25.80,25.80,25.90,25.90,25.90,25.80,25.90,25.90,26.00,25.80,25.90,26.10,26.20,25.90,25.80,25.80,25.90,25.90,25.90,26.00,25.90,26.00,25.90,25.90,26.10,25.90,25.90,26.00,25.90,25.90,25.90,25.80,25.90,25.80,25.90,26.10,26.20,25.80,25.50,25.80,25.90,25.80,26.00,25.90,25.90,25.90,26.10,26.10,26.10,25.90,26.10,26.10,26.10,26.10,26.10,25.90,25.90,25.80,25.90,26.00,26.10,26.10,26.10,26.20,26.10,26.20,26.10,26.20,26.40,26.30,26.30,26.10,26.30,26.20,26.40,26.40,26.40,26.70,26.50,26.60,26.60,26.70,26.80,26.70,26.90,27.00,27.10,27.00,27.10,27.00,26.90,27.00,27.10,27.10,27.00,27.10,27.10,27.30,27.30,27.10,27.10,27.40,27.00,27.30,27.10,27.30,27.00,27.30,27.40,27.30,27.30,27.50,27.30,27.30,27.40,27.30,27.30,27.30,27.50,27.60,27.50,27.40,27.30,27.30,27.30,27.30,27.20,27.20,27.00,27.30,27.30,27.10,26.80,27.00,27.00,27.00,27.00,26.90,26.90,27.10,27.00,26.70,26.70,26.90,26.60,26.50,26.50,26.40,26.20,26.40,26.20,26.10,26.30,26.40,26.40,26.10,25.80,25.40,25.30,25.30,25.30,25.20,25.40,25.10,25.40,25.20,25.50,25.20,25.40,25.10,25.00,25.10,25.20,25.10,25.10,25.00,24.90,25.20,25.10,25.00,25.00,25.10,25.30,25.80,26.10,26.10,26.00,25.80,25.90,26.00,25.70,26.10,26.10,26.10,26.10,26.10,26.00,26.10,25.90,26.00,25.70,25.80,25.70,25.80,25.90,26.10,25.90,26.00,26.10,26.00,26.20,26.20,26.20,26.10,26.20,26.00,26.20,26.10,26.20,26.10,26.10,26.10,26.20,26.10,26.00,26.00,25.80,25.70,25.80,25.80,25.60,25.60,25.50,25.60,25.60,25.80,25.50,25.50,25.60,25.50,25.50,25.80,25.70,25.80,25.90,25.80,25.90,26.00,26.20,26.10,26.10,26.00,26.20,26.20,26.00,26.10,26.40,26.30,26.10,26.40,26.30,26.20,26.20,26.20,26.10,26.00,26.10,26.40,26.40,26.40,26.30,26.10,26.00,26.20,26.30,26.30,26.40,26.40,26.40,26.40,26.40,26.40,26.30,26.40,26.60,26.30,26.30,26.30,26.40,26.40,26.40,26.40,26.20,26.60,26.40,26.40,26.40,26.50,26.50,26.60,26.40,26.50,26.60,26.60,26.50,26.80,26.60,26.70,26.60,26.70,26.60,26.60,26.50,26.50,26.70,26.70,26.70,26.70,26.70,26.70,26.60,26.60,26.70,26.70,26.70,26.70,26.60,26.70,26.70,26.70,26.70,26.90,26.80,26.60,26.80,26.70,26.40,26.70,26.60,26.60,26.70,26.70,26.70,26.60,26.60,26.60,26.70,26.60,26.50,26.50,26.40,26.40,26.60,26.60,26.60,26.70,26.70,26.60,26.50,26.60,26.60,26.60
25.80,25.70,25.60,25.70,25.80,25.90,25.70,25.60,25.70,25.80,25.80,25.60,25.80,25.90,25.80,25.70,25.60,25.80,25.90,25.90,25.70,25.80,26.00,25.90,25.90,25.90,25.70,25.90,25.90,25.90,25.80,26.00,26.10,25.90,25.80,25.80,25.80,25.80,25.90,26.10,25.90,26.10,26.20,26.10,25.90,25.90,25.90,26.10,26.20,25.90,25.80,25.80,25.90,25.80,25.90,26.10,26.10,25.90,26.10,25.90,25.90,26.00,26.10,25.90,25.80,26.00,26.10,26.20,26.20,25.90,26.10,26.10,25.90,25.90,26.00,26.00,25.90,25.90,25.90,26.30,26.20,26.10,26.10,26.00,26.20,26.20,26.20,26.30,26.30,26.40,26.40,26.20,26.40,26.40,26.40,26.30,26.50,26.40,26.70,26.70,26.70,26.80,26.90,26.80,26.90,27.00,27.00,26.90,27.00,26.90,26.90,26.90,26.90,27.00,27.10,27.00,27.10,27.20,27.10,27.20,27.30,27.40,27.00,27.40,27.20,27.30,27.30,27.60,27.40,27.20,27.40,27.30,27.30,27.30,27.40,27.30,27.30,27.50,27.30,27.20,27.50,27.20,27.30,27.30,27.10,27.30,27.20,27.30,27.10,27.20,27.10,27.30,27.00,27.10,27.00,27.10,27.30,27.00,26.70,27.00,26.90,26.70,26.70,26.70,26.70,26.60,26.50,26.40,26.60,26.40,26.20,26.10,26.10,26.10,26.30,26.10,26.10,25.60,25.40,25.30,25.20,25.20,25.20,25.30,25.20,24.90,25.40,25.10,25.20,25.10,25.10,25.20,25.00,25.10,25.10,24.90,25.10,25.10,25.10,25.20,24.90,25.10,25.40,25.70,26.20,26.10,26.10,26.00,25.90,25.80,25.90,26.10,26.20,26.30,26.10,26.00,25.90,26.00,25.90,26.10,25.90,25.70,25.60,25.80,25.70,25.90,25.90,25.90,26.20,26.20,25.90,25.70,26.20,26.10,26.10,26.10,26.20,26.20,26.10,26.20,26.10,26.10,25.60,25.80,25.70,25.70,25.60,25.60,25.60,25.60,25.60,25.50,25.50,25.60,25.50,25.60,25.50,25.50,25.50,25.50,25.50,25.90,25.80,25.70,25.90,26.00,26.00,26.00,26.10,26.10,26.00,26.10,26.10,26.20,26.10,26.20,26.20,26.10,26.30,26.10,26.20,26.10,26.20,26.20,26.10,26.10,26.40,26.40,26.30,26.40,26.20,26.40,26.20,26.30,26.40,26.40,26.30,26.30,26.20,26.20,26.40,26.60,26.40,26.30,26.40,26.40,26.30,26.20,26.20,26.40,26.40,26.60,26.20,26.60,26.40,26.30,26.40,26.40,26.50,26.70,26.60,26.60,26.60,26.60,26.70,26.70,26.70,26.70,26.90,26.80,26.80,26.60,26.40,26.10,26.60,26.70,26.70,26.60,26.60,26.70,26.70,26.60,26.70,26.70,26.60,26.60,26.80,26.80,26.70,26.60,26.40,26.70,27.00,26.70,26.60,26.60,26.50,26.60,26.60,26.60,26.70,26.80,26.70,26.80,26.70,26.60,26.60,26.60,26.40,26.50,26.50,26.40,26.40,26.50,26.60,26.40,26.40,26.60,26.40,26.40,26.50,26.50
25.90,25.90,25.80,25.50,25.70,25.80,25.60,25.70,25.80,25.80,25.80,25.80,25.90,25.90,25.70,25.70,25.80,25.80,25.90,25.90,25.80,26.00,26.00,25.80,25.90,25.90,25.80,25.80,25.90,26.00,25.60,25.90,25.90,25.90,25.80,25.90,26.00,26.00,26.00,25.90,25.80,26.00,26.00,25.90,25.90,26.00,26.00,26.10,26.10,25.60,25.80,25.90,25.90,26.00,26.10,26.00,25.90,26.10,26.20,26.20,26.10,25.90,25.90,26.00,25.90,26.00,25.90,26.10,26.10,26.10,26.10,26.10,26.00,25.90,26.10,26.00,26.10,26.20,26.10,26.40,26.40,26.20,26.10,26.10,26.10,26.10,26.20,26.20,26.20,26.40,26.40,26.40,26.40,26.40,26.40,26.60,26.40,26.40,26.60,26.70,26.90,26.90,26.70,26.90,26.60,26.60,26.70,26.70,26.80,27.00,27.00,27.20,27.20,27.20,27.10,27.10,27.10,27.50,27.30,27.30,26.90,27.00,27.20,27.40,27.30,27.30,27.30,27.50,27.40,26.90,27.00,27.10,27.10,27.30,27.40,27.30,27.30,27.30,27.30,27.30,27.10,27.20,27.30,27.40,27.30,27.40,27.30,27.30,27.20,27.20,27.30,27.30,27.10,27.10,27.10,27.10,27.10,27.10,26.80,27.10,26.90,26.70,26.90,26.60,26.70,26.40,26.40,26.20,26.10,25.90,26.20,26.10,26.20,26.10,25.90,26.10,26.10,25.60,25.60,25.40,25.30,25.40,25.10,25.30,25.30,25.10,25.40,25.20,25.10,25.20,25.10,25.10,25.00,25.20,25.20,25.10,25.20,25.20,25.00,25.10,24.90,25.10,25.60,25.90,26.10,26.10,26.10,26.00,26.20,25.90,26.10,26.00,25.90,25.90,26.10,26.10,26.10,26.10,25.80,25.90,25.90,25.60,25.60,25.70,25.70,25.80,25.90,25.90,26.10,25.90,26.20,25.90,26.00,26.10,26.00,26.10,26.10,26.20,26.20,26.10,26.00,25.90,25.80,25.40,25.50,25.60,25.50,25.50,25.50,25.50,25.60,25.50,25.50,25.50,25.50,25.50,25.60,25.60,25.50,25.50,25.40,25.50,25.90,26.00,25.80,26.00,26.10,26.10,25.90,26.10,26.00,26.20,26.20,26.20,26.20,26.20,26.30,26.20,26.20,26.10,26.20,26.10,26.20,26.20,26.30,26.50,26.20,26.30,26.30,26.30,26.20,26.20,26.40,26.20,26.40,26.40,26.30,26.30,26.60,26.40,26.40,26.50,26.40,26.20,26.40,26.60,26.40,26.20,26.40,26.40,26.70,26.30,26.40,26.50,26.60,26.60,26.70,26.40,26.40,26.60,26.70,26.60,26.60,26.50,26.70,26.70,26.70,26.70,26.70,26.80,26.70,26.70,26.60,26.80,26.60,26.70,26.70,26.50,26.70,26.70,26.70,26.60,26.70,26.60,26.70,26.80,26.70,26.80,26.80,26.50,26.50,26.40,26.70,26.70,26.70,26.60,26.40,26.50,26.60,26.60,26.60,26.60,26.70,26.70,26.70,26.70,26.60,26.60,26.60,26.60,26.60,26.60,26.40,26.50,26.60,26.70,26.60,26.50,26.40,26.40,26.40,26.40
25.80,25.60,25.60,25.80,25.80,25.70,25.80,25.90,25.90,25.70,25.80,25.90,25.90,25.80,25.70,25.60,25.60,25.50,25.80,25.80,25.80,25.90,25.80,25.80,25.90,25.90,25.90,25.90,26.00,25.90,25.70,26.00,26.10,26.10,25.90,26.10,26.10,26.00,26.10,25.90,25.90,25.90,25.90,25.90,25.90,26.00,26.10,26.10,25.90,25.70,25.90,25.90,26.10,26.10,26.10,26.10,26.10,26.10,26.10,26.10,25.90,25.90,26.10,26.20,26.00,26.10,26.10,26.00,26.10,26.10,26.10,26.00,26.20,26.20,26.10,26.10,26.20,26.20,26.10,26.10,26.10,26.20,26.10,26.10,26.30,26.40,26.60,26.40,26.30,26.40,26.60,26.50,26.40,26.40,26.40,26.60,26.50,26.60,26.60,26.60,26.80,26.70,26.60,26.90,26.90,26.90,26.70,26.70,26.80,27.00,27.00,27.10,27.00,27.10,27.20,27.40,27.10,27.60,27.30,27.40,27.10,27.10,27.60,27.40,27.20,27.30,27.30,27.50,27.30,27.10,27.10,27.20,27.10,27.40,27.20,27.40,27.30,27.20,27.30,27.30,27.40,27.30,27.30,27.50,27.30,27.40,27.40,27.10,27.10,27.10,27.10,27.00,27.00,27.00,27.00,27.10,26.90,26.90,26.90,27.00,26.70,26.60,26.80,26.50,26.40,26.30,26.30,25.90,25.90,26.00,26.10,25.90,25.90,26.00,25.90,25.90,25.80,25.60,25.60,25.60,25.40,25.20,25.20,25.30,25.10,25.10,25.50,25.40,25.40,25.20,25.20,25.10,25.00,25.20,25.40,25.10,25.10,25.10,25.20,25.00,25.10,25.10,25.50,25.80,26.10,26.00,26.20,26.10,26.00,25.70,25.90,25.90,26.00,25.90,25.90,26.00,26.20,26.00,25.80,25.80,25.60,25.50,25.60,25.60,25.90,25.80,25.80,25.90,26.10,26.10,26.10,25.90,25.90,26.00,26.00,25.90,25.90,25.90,25.90,25.80,25.60,25.80,25.60,25.40,25.60,25.60,25.60,25.40,25.50,25.50,25.50,25.40,25.90,25.50,25.70,25.50,25.60,25.70,25.80,25.80,25.90,25.80,25.90,26.10,25.80,25.80,26.10,26.10,25.90,26.10,26.10,26.20,26.20,26.20,26.10,26.20,26.10,26.10,26.20,26.10,26.20,26.10,26.30,26.40,26.40,26.60,26.30,26.10,26.20,26.30,26.30,26.20,26.20,26.30,26.20,26.50,26.40,26.30,26.40,26.40,26.40,26.30,26.40,26.40,26.20,26.30,26.40,26.20,26.40,25.90,26.50,26.40,26.40,26.40,26.40,26.40,26.60,26.40,26.40,26.50,26.40,26.30,26.50,26.40,26.50,26.40,26.40,26.60,26.50,26.70,26.60,26.40,26.40,26.90,26.80,26.70,26.70,26.60,26.70,26.70,26.70,26.70,26.70,26.80,26.90,26.90,26.70,26.70,26.90,26.60,26.60,26.60,26.50,26.50,26.60,26.70,26.70,26.60,26.50,26.70,26.70,26.80,26.80,26.70,26.70,26.90,26.80,26.70,26.70,26.60,26.60,26.60,26.70,26.70,26.70,26.60,26.60,26.60,26.60,26.60,26.50,26.40
25.50,25.50,25.70,25.90,25.80,25.80,26.10,26.00,25.90,25.90,25.90,25.90,26.00,25.80,25.80,25.80,25.90,25.90,25.80,25.80,25.80,26.00,25.80,25.60,25.60,25.90,25.90,25.90,25.90,25.90,25.90,25.90,25.90,25.80,25.60,26.00,26.00,26.00,26.10,25.90,25.90,25.90,25.90,25.90,26.00,26.00,25.90,25.80,25.80,25.90,26.10,25.90,26.00,26.00,26.00,25.90,25.90,25.80,25.80,25.90,26.10,25.90,25.90,25.90,26.10,26.20,26.00,26.10,26.10,26.10,26.10,26.20,26.20,25.90,26.40,26.20,26.20,26.20,26.10,26.10,26.10,26.20,26.10,26.10,26.30,26.40,26.50,26.20,26.40,26.50,26.60,26.40,26.30,26.60,26.60,26.60,26.70,26.60,26.50,26.60,26.70,26.50,26.60,26.80,26.90,26.90,26.70,26.70,26.90,27.10,26.90,27.10,27.10,27.00,27.30,27.30,27.20,27.30,27.30,27.40,27.30,27.40,27.30,27.40,27.20,27.20,27.40,27.40,27.40,27.20,27.20,27.30,27.30,27.20,27.30,27.50,27.50,27.30,27.30,27.30,27.20,27.30,27.30,27.10,27.00,27.30,27.30,27.00,27.00,27.20,27.10,27.10,26.90,26.80,26.80,26.80,26.70,26.70,26.70,26.50,26.60,26.40,26.50,26.40,26.20,26.20,26.10,26.10,26.00,25.80,26.00,25.80,25.80,25.60,26.00,26.00,25.80,25.60,25.60,25.80,25.60,25.50,25.20,25.20,25.30,25.60,25.40,25.10,25.00,25.20,24.90,25.10,24.90,25.10,25.20,25.20,25.00,25.00,25.10,25.10,25.30,25.10,25.60,25.50,25.80,25.80,25.80,25.60,25.90,25.90,26.00,25.80,25.80,25.70,25.90,25.80,26.20,25.80,25.70,25.80,25.50,25.50,25.60,25.40,25.80,25.60,25.40,25.80,25.90,25.90,25.90,25.90,25.80,25.70,25.80,25.60,25.50,25.50,25.30,25.30,25.30,25.40,25.40,25.40,25.40,25.40,25.50,25.40,25.40,25.30,25.40,25.60,25.50,25.50,25.70,25.70,25.50,25.60,25.80,25.80,25.80,25.90,25.80,26.10,25.90,25.70,26.10,26.20,25.70,26.10,26.20,26.10,26.10,26.20,26.20,26.20,26.10,26.10,26.20,26.10,26.20,26.10,26.00,26.00,26.20,26.40,26.40,26.20,26.20,26.20,26.40,26.40,26.20,26.20,26.40,26.40,26.20,26.20,26.20,26.40,26.40,26.40,26.50,26.40,26.30,26.20,26.10,26.10,26.20,26.20,26.30,26.40,26.40,26.20,26.20,26.40,26.40,26.50,26.50,26.50,26.50,26.60,26.60,26.50,26.60,26.60,26.50,26.60,26.50,26.60,26.60,26.60,26.70,26.80,26.80,26.90,26.60,26.60,26.60,26.70,26.70,26.70,26.90,26.90,26.70,26.70,26.70,26.60,26.60,26.60,26.60,26.70,26.70,26.70,26.80,26.90,26.80,26.70,26.40,26.60,26.70,26.70,26.80,26.70,26.70,26.70,26.70,26.70,26.70,26.70,26.60,26.70,26.70,26.60,26.70,26.60,26.40,26.60,26.60,26.60,26.60,26.50
25.90,25.60,25.90,25.90,25.90,26.00,26.00,26.00,26.00,25.90,25.90,25.90,25.90,25.90,25.80,25.90,25.90,25.60,25.50,25.80,25.90,26.00,25.70,25.80,25.80,25.90,25.90,25.90,26.00,25.90,25.90,25.80,25.80,25.80,25.90,26.30,26.10,26.10,26.10,26.10,26.10,26.00,26.00,26.10,26.10,26.10,25.90,26.00,26.00,26.00,26.00,25.60,25.90,26.00,25.90,25.90,25.90,25.80,25.80,26.00,26.20,25.90,26.10,26.10,26.20,26.10,26.10,26.40,26.10,26.10,26.20,26.20,26.00,25.90,26.10,26.20,25.90,26.20,26.20,26.20,26.40,26.20,26.10,26.20,26.30,26.40,26.40,26.30,26.20,26.50,26.40,26.50,26.40,26.60,26.50,26.70,26.60,26.50,26.60,26.70,26.90,26.90,26.80,26.90,26.90,26.80,26.90,27.20,27.00,27.10,26.90,27.30,27.10,27.10,27.30,27.30,27.30,27.30,27.40,27.20,27.30,27.30,27.30,27.30,27.30,27.30,27.40,27.30,27.50,27.20,27.20,27.50,27.40,27.40,27.40,27.40,27.60,27.30,27.30,27.10,27.30,27.30,27.40,27.00,27.00,27.10,27.10,27.00,27.00,27.10,27.10,27.10,27.00,26.90,26.60,27.00,26.70,26.60,26.60,26.60,26.70,26.30,26.40,26.20,26.20,26.20,25.90,26.10,25.90,25.80,25.90,25.70,25.70,25.40,25.50,25.50,25.60,25.60,25.30,25.40,25.40,25.40,25.50,25.40,25.20,25.20,25.40,25.20,25.30,25.30,25.20,25.30,25.10,25.20,25.00,25.20,24.80,25.10,24.90,25.00,25.00,25.50,25.40,25.60,25.50,25.70,25.60,25.50,25.60,25.70,25.80,25.60,25.70,25.60,25.60,25.60,25.90,25.60,25.60,25.60,25.60,25.60,25.50,25.50,25.60,25.50,25.40,25.60,25.70,25.60,25.70,25.80,25.60,25.40,25.40,25.40,25.40,25.30,25.50,25.00,25.40,25.50,25.20,25.40,25.20,25.30,25.30,25.50,25.40,25.40,25.50,25.40,25.50,25.60,25.60,25.80,25.50,25.70,25.80,25.90,26.00,26.10,26.00,26.10,26.00,26.00,25.90,26.10,25.90,25.80,26.20,26.20,26.00,26.10,26.20,26.10,26.20,26.10,26.10,26.10,26.10,26.20,26.20,26.20,26.10,26.20,26.20,26.60,26.30,26.20,26.30,26.40,26.30,26.10,26.10,25.90,26.40,26.30,26.20,26.20,26.40,26.40,26.50,26.60,26.40,26.30,26.20,26.60,26.50,26.40,26.30,26.20,26.20,26.30,26.40,26.40,26.40,26.50,26.50,26.50,26.40,26.70,26.60,26.70,26.60,26.50,26.60,26.60,26.60,26.60,26.40,26.60,26.60,26.70,26.70,26.50,26.60,26.50,26.50,26.60,26.40,26.60,26.70,26.70,26.60,26.60,26.60,26.70,26.70,26.70,26.70,26.60,26.70,26.70,26.80,26.70,26.90,26.80,26.70,26.60,26.60,26.70,26.70,26.60,26.60,26.60,26.60,26.70,26.70,26.60,26.60,26.60,26.70,26.50,26.50,26.40,26.60,26.70,26.70,26.40,26.60,26.70
26.00,26.00,25.90,25.90,25.90,25.90,25.90,26.00,25.80,25.80,25.90,25.90,25.90,25.90,26.00,26.00,25.70,25.70,25.80,25.70,25.80,25.80,25.90,25.80,25.80,25.90,25.90,25.90,26.00,25.90,25.80,25.70,25.80,25.90,26.00,26.10,26.20,26.10,26.10,26.30,26.00,26.10,26.10,26.10,26.10,25.90,25.90,25.90,26.10,26.00,25.90,25.90,25.90,25.90,25.90,25.90,25.90,25.90,25.90,26.00,25.90,25.80,26.10,26.00,26.10,26.20,26.40,26.40,26.20,26.10,26.10,26.10,26.00,26.10,26.20,26.10,26.10,26.20,26.20,26.20,26.20,26.20,26.40,26.50,26.40,26.40,26.40,26.20,26.40,26.40,26.40,26.60,26.30,26.50,26.40,26.60,26.60,26.60,26.60,26.50,26.70,26.80,26.70,26.70,26.90,26.90,27.00,27.00,27.00,27.30,26.90,27.10,27.30,27.40,27.40,27.30,27.30,27.60,27.30,27.20,27.30,27.20,27.30,27.30,27.30,27.10,27.20,27.20,27.50,27.30,27.20,27.30,27.30,27.10,27.30,27.60,27.40,27.30,27.30,27.20,27.20,27.10,27.30,27.20,27.30,27.30,27.20,27.20,27.10,27.00,27.00,27.10,27.00,26.90,26.60,26.90,26.60,26.60,26.40,26.40,26.20,26.40,25.90,26.40,26.30,26.00,25.70,25.80,25.70,25.80,25.80,25.60,25.60,25.40,25.60,25.40,25.50,25.60,25.40,25.40,25.30,25.40,25.50,25.40,25.40,25.20,25.30,25.60,25.20,25.20,24.90,25.20,25.10,25.10,25.10,25.10,24.80,25.10,25.10,25.20,25.20,25.40,25.30,25.20,25.20,25.50,25.30,25.40,25.40,25.40,25.40,25.60,25.50,25.40,25.40,25.50,25.40,25.60,25.50,25.60,25.60,25.30,25.40,25.40,25.50,25.50,25.20,25.30,25.50,25.40,25.40,25.40,25.40,25.20,25.10,25.20,25.20,25.20,25.50,25.10,25.30,25.50,25.30,25.40,25.40,25.40,25.40,25.60,25.20,25.40,25.40,25.50,25.50,25.60,25.50,25.70,25.60,25.60,25.80,25.80,25.90,26.10,26.10,26.10,26.10,26.10,25.90,26.10,26.00,25.90,26.10,26.20,25.90,26.10,25.90,26.10,26.10,26.10,26.10,26.00,26.00,26.00,26.20,26.30,26.10,26.30,26.00,26.10,26.10,26.10,26.40,26.20,26.40,26.00,26.10,26.20,26.40,26.30,26.40,26.20,26.20,26.30,26.30,26.50,26.30,26.40,26.40,26.40,26.40,26.50,26.50,26.40,26.40,26.20,26.40,26.40,26.50,26.40,26.50,26.50,26.30,26.60,26.40,26.40,26.60,26.60,26.60,26.60,26.60,26.60,26.60,26.50,26.50,26.50,26.60,26.70,26.60,26.60,26.40,26.70,26.60,26.60,26.70,26.60,26.60,26.70,26.80,26.70,26.80,26.80,26.80,26.80,26.70,26.70,26.70,26.60,26.60,26.90,26.80,26.70,26.70,26.70,26.70,26.70,26.70,26.70,26.60,26.60,26.60,26.60,26.60,26.60,26.60,26.60,26.50,26.50,26.70,26.70,26.70,26.60,26.40,26.40
25.90,25.90,25.70,25.80,25.80,25.90,25.90,26.10,25.80,25.80,25.60,25.90,25.90,25.90,25.80,25.70,25.70,25.90,25.80,25.80,25.80,25.90,26.20,25.80,25.80,25.70,26.00,25.90,25.90,25.90,25.90,25.90,25.80,26.10,26.00,26.10,26.10,26.10,26.10,26.20,26.00,26.00,25.90,25.80,25.80,25.80,25.90,26.10,25.80,26.10,26.20,26.10,25.90,26.10,26.00,26.00,26.10,26.10,25.90,26.10,26.00,25.90,26.00,26.10,26.10,26.00,26.10,26.20,26.20,26.10,26.20,26.20,26.20,26.40,26.20,26.10,26.30,26.40,26.10,26.20,26.20,26.20,26.30,26.30,26.40,26.50,26.30,26.40,26.40,26.40,26.40,26.30,26.20,26.50,26.40,26.60,26.60,26.70,26.40,26.40,26.80,26.70,26.70,26.70,27.00,27.00,26.70,27.00,27.00,26.80,27.10,27.20,27.20,27.50,27.30,27.20,27.10,27.10,27.30,27.30,27.10,27.20,27.40,27.30,27.30,27.50,27.00,27.20,27.50,27.40,27.30,27.30,27.40,27.50,27.10,27.70,27.30,27.60,27.60,27.30,27.10,27.40,27.30,27.40,27.20,27.10,27.20,27.10,27.10,27.00,27.10,27.20,27.00,26.80,26.70,26.80,26.60,26.40,26.40,26.40,26.30,26.10,25.90,26.10,26.20,25.90,25.60,25.60,25.70,25.70,25.80,25.40,25.50,25.50,25.50,25.40,25.40,25.50,25.60,25.40,25.40,25.50,25.40,25.50,25.10,25.20,25.30,25.50,25.20,25.00,24.90,25.10,25.00,25.20,25.20,25.10,24.90,25.10,25.10,25.20,25.20,25.10,25.00,25.10,25.10,25.10,25.30,25.10,25.20,25.10,25.10,25.40,25.10,25.20,25.20,25.30,25.10,25.30,25.20,25.10,25.10,25.10,24.90,25.20,25.10,24.90,25.10,25.10,25.30,25.20,25.10,25.00,25.40,25.30,25.10,25.30,25.10,25.30,25.20,25.20,25.20,25.40,25.30,25.40,25.40,25.50,25.60,25.50,25.50,25.60,25.50,25.50,25.50,25.60,25.80,25.90,25.90,25.70,25.90,26.10,25.80,26.00,25.90,25.90,26.00,25.90,25.80,25.90,25.90,25.90,25.90,26.00,26.20,26.30,26.10,26.10,26.10,26.20,26.10,26.00,26.00,26.10,26.10,26.20,26.00,26.60,26.30,26.10,26.10,26.20,26.40,26.40,26.60,26.20,26.30,26.40,26.30,26.20,26.20,26.20,26.10,26.10,26.10,26.20,26.10,26.50,26.40,26.30,26.20,26.30,26.40,26.20,26.40,26.40,26.20,26.20,26.20,26.30,26.40,26.50,26.40,26.20,26.40,26.50,26.50,26.60,26.50,26.60,26.70,26.70,26.60,26.50,26.50,26.40,26.60,26.60,26.60,26.60,26.60,26.70,26.70,26.70,26.70,26.70,26.70,26.60,26.70,26.70,26.70,26.70,26.90,26.90,26.90,26.70,26.60,26.60,26.80,26.90,26.90,26.90,26.90,26.80,26.70,26.60,26.70,26.70,26.70,26.60,26.60,26.70,26.60,26.60,26.40,26.50,26.50,26.50,26.60,26.70,26.40,26.40,26.40,26.60
25.90,25.90,25.80,25.90,25.90,25.80,26.00,26.10,25.90,25.80,25.80,25.90,25.90,25.80,25.80,25.90,25.90,25.80,25.80,25.80,25.80,26.00,26.00,25.80,25.70,25.80,26.10,26.00,25.90,25.80,26.00,25.90,25.90,25.90,26.10,26.20,26.10,26.20,26.10,26.10,25.90,25.90,25.90,26.00,25.90,25.80,26.10,26.00,25.80,26.10,26.00,25.90,26.00,26.10,26.10,25.90,25.90,26.10,26.10,26.10,26.10,26.10,26.10,26.10,26.10,26.10,26.20,26.20,26.10,26.10,26.20,26.20,26.20,26.20,26.20,26.30,26.20,26.20,26.20,26.30,26.30,26.20,26.20,26.20,26.20,26.20,26.40,26.40,26.20,26.30,26.10,26.40,26.40,26.60,26.50,26.40,26.70,26.70,26.70,26.60,26.90,26.70,26.70,27.10,26.70,27.00,26.60,27.00,27.10,27.00,27.30,27.30,27.00,27.40,27.20,27.30,27.30,27.20,27.20,27.10,27.10,27.30,27.40,27.40,27.40,27.50,27.40,27.40,27.60,27.40,27.30,27.30,27.40,27.50,27.30,27.40,27.50,27.50,27.30,27.20,27.20,27.30,27.10,27.30,27.10,27.20,27.20,27.10,27.10,27.00,27.30,27.00,27.00,26.70,26.80,26.60,26.60,26.40,26.30,26.20,26.20,26.10,26.00,26.00,25.90,25.60,25.90,25.50,25.50,25.40,25.60,25.20,25.50,25.50,25.50,25.40,25.30,25.50,25.50,25.30,25.40,25.40,25.30,25.40,25.20,25.40,25.30,25.30,25.20,25.10,25.00,25.20,25.10,25.10,25.10,25.10,25.00,24.90,25.10,25.20,25.10,25.10,24.80,25.10,24.90,25.00,25.40,25.00,25.20,25.00,25.10,25.20,25.10,25.20,25.10,25.00,25.00,25.10,25.10,24.80,25.20,25.00,24.90,25.10,25.10,25.00,25.00,25.20,25.10,25.20,25.00,25.00,25.10,25.10,24.80,25.20,25.20,25.10,25.20,25.30,25.10,25.30,25.30,25.20,25.20,25.40,25.40,25.50,25.50,25.50,25.50,25.50,25.50,25.80,25.60,25.50,25.70,25.80,26.00,26.10,25.90,25.90,26.10,26.20,26.10,26.10,26.00,25.90,25.90,26.00,25.60,26.10,25.80,26.10,26.10,25.90,26.20,26.20,25.90,26.20,26.00,26.20,26.20,26.10,26.10,26.20,26.30,26.30,26.20,26.40,26.40,26.40,26.10,26.20,26.40,26.40,26.40,26.20,26.20,26.20,26.20,26.10,26.10,26.10,26.10,26.30,26.30,26.30,26.20,26.10,26.20,26.30,26.20,26.40,26.30,26.20,26.20,26.40,26.40,26.50,26.60,26.40,26.20,26.40,26.40,26.60,26.50,26.40,26.50,26.70,26.70,26.60,26.50,26.60,26.40,26.60,26.50,26.50,26.80,26.70,26.70,26.70,26.60,26.60,26.60,26.60,26.70,26.70,26.70,26.70,26.90,26.90,26.90,26.70,26.70,26.60,26.80,26.70,26.80,26.90,26.70,26.70,26.60,26.60,26.60,26.70,26.70,26.70,26.70,26.70,26.70,26.60,26.50,26.50,26.50,26.50,26.60,26.70,26.70,26.60,26.60,26.60
26.00,25.90,25.80,25.90,25.90,25.80,26.10,26.10,25.90,25.80,25.80,25.80,25.60,25.70,26.00,25.90,25.90,26.00,25.80,25.80,25.90,26.10,26.10,25.90,25.90,26.10,26.10,25.90,26.10,26.10,25.90,26.00,26.00,26.00,26.10,26.00,26.10,26.30,26.10,26.00,26.00,26.00,26.10,26.10,25.90,25.80,26.00,25.90,25.90,26.10,26.10,26.00,26.00,26.10,26.20,26.10,26.20,26.20,26.10,25.90,26.10,26.00,26.10,26.10,26.10,26.20,26.20,26.20,26.20,26.20,26.20,26.10,26.20,26.30,26.50,26.30,26.20,26.20,26.40,26.30,26.20,26.20,26.20,26.20,26.40,26.20,26.20,26.10,26.30,26.30,26.40,26.60,26.70,26.70,26.50,26.60,26.90,26.60,26.70,26.60,26.90,26.90,26.90,26.90,26.80,26.80,26.70,27.00,27.10,27.00,27.10,27.30,27.30,27.10,27.30,27.50,27.30,27.20,27.20,27.20,27.10,27.10,27.30,27.50,27.40,27.30,27.40,27.40,27.40,27.30,27.30,27.40,27.40,27.40,27.30,27.30,27.20,27.30,27.10,27.20,27.30,27.00,27.00,27.00,27.10,27.10,27.10,27.20,26.90,27.10,26.90,26.80,26.70,26.70,26.70,26.40,26.40,26.40,26.40,26.10,26.00,26.10,26.10,25.80,25.60,25.40,25.70,25.80,25.50,25.50,25.40,25.40,25.50,25.50,25.60,25.50,25.40,25.50,25.50,25.40,25.40,25.40,25.20,25.30,25.30,25.40,25.30,25.20,25.30,25.20,25.10,25.10,25.10,25.00,25.10,24.90,24.90,24.90,25.00,25.20,25.10,25.10,24.90,25.10,24.90,25.10,25.20,25.20,25.00,24.90,25.00,25.20,25.10,24.90,24.80,24.90,25.00,24.90,25.00,24.90,24.80,24.90,24.90,24.90,25.10,25.10,25.00,25.10,24.90,25.10,25.10,25.00,25.10,25.00,25.10,25.20,25.40,25.30,25.20,25.30,25.20,25.30,25.40,25.30,25.20,25.20,25.40,25.60,25.50,25.50,25.40,25.70,25.80,25.90,25.90,25.90,25.80,25.70,25.90,25.90,25.90,25.80,26.00,26.10,25.90,25.90,26.00,26.00,25.90,26.10,26.30,26.00,26.00,26.10,26.20,25.80,26.00,26.20,26.10,26.20,26.00,26.20,26.30,26.10,26.00,26.20,26.40,26.40,26.40,26.60,26.70,26.50,26.30,26.30,26.40,26.40,26.40,26.50,26.40,26.30,26.20,26.20,26.50,26.30,26.20,26.30,26.40,26.40,26.40,26.30,26.20,26.40,26.20,26.40,26.40,26.20,26.40,26.40,26.30,26.40,26.40,26.50,26.40,26.30,26.10,26.20,26.40,26.50,26.60,26.60,26.70,26.60,26.40,26.70,26.50,26.50,26.70,26.70,26.60,26.60,26.60,26.50,26.70,26.60,26.50,26.70,26.70,26.80,26.70,26.70,26.70,26.90,26.90,26.80,26.70,26.60,26.80,26.80,26.70,26.70,26.70,26.70,26.60,26.70,26.80,26.80,26.70,26.70,26.80,26.70,26.70,26.70,26.60,26.60,26.60,26.50,26.50,26.70,26.70,26.70,26.70,26.70
25.80,25.90,25.90,25.80,25.80,25.80,25.80,25.80,25.80,25.90,25.80,25.70,25.80,26.10,26.10,25.90,25.90,25.90,25.70,25.80,26.10,26.10,26.10,26.00,25.90,26.00,26.00,25.90,26.10,25.90,25.90,25.90,26.10,26.10,26.20,26.20,26.40,26.40,25.90,26.10,26.10,26.10,26.20,26.10,25.90,25.90,26.00,25.90,26.10,26.20,26.10,25.90,26.10,26.10,26.10,26.20,26.10,26.10,26.10,26.00,26.10,26.10,26.30,26.20,26.20,26.30,26.20,26.40,26.10,26.10,26.20,26.20,26.20,26.10,26.20,26.10,26.20,26.40,26.40,26.30,26.20,26.40,26.20,26.30,26.40,26.40,26.40,26.40,26.40,26.50,26.60,26.40,26.40,26.60,26.60,26.70,26.80,26.70,26.70,26.90,26.80,26.90,26.90,26.70,26.90,27.00,26.90,27.00,27.00,27.10,27.10,27.10,27.10,27.40,27.50,27.40,27.10,27.20,27.30,27.30,27.40,27.30,27.10,27.50,27.30,27.30,27.30,27.40,27.50,27.50,27.40,27.40,27.30,27.20,27.30,27.10,27.30,27.20,27.10,27.20,27.10,27.00,27.10,27.10,27.10,27.10,27.00,27.10,26.90,26.90,26.80,26.70,26.70,26.60,26.60,26.50,26.20,26.40,26.30,26.10,26.10,25.90,25.90,25.80,25.70,25.80,25.70,25.60,25.60,25.60,25.50,25.50,25.50,25.40,25.40,25.60,25.50,25.40,25.60,25.60,25.50,25.50,25.30,25.30,25.40,25.20,25.30,25.20,25.20,25.20,25.10,25.00,25.10,25.10,25.00,24.80,25.00,25.10,25.00,25.10,24.90,25.10,25.10,25.10,25.00,25.00,25.10,25.10,25.20,25.10,25.20,25.10,24.90,24.90,24.90,24.90,24.90,25.00,25.20,25.20,25.00,25.00,24.90,24.80,25.20,25.20,25.10,24.90,24.80,25.10,25.30,25.10,25.30,25.00,25.30,25.20,25.30,25.40,25.20,25.20,25.40,25.50,25.40,25.30,25.40,25.40,25.60,25.50,25.60,25.80,25.60,25.70,25.70,25.90,25.80,25.90,25.90,25.60,25.90,25.80,25.70,25.90,26.10,26.00,25.80,25.80,25.90,26.00,25.90,25.90,26.00,26.10,26.10,26.10,26.20,26.10,26.10,26.10,25.90,26.10,26.00,26.20,26.20,26.10,26.00,26.10,26.40,26.40,26.50,26.50,26.20,26.10,26.30,26.40,26.40,26.40,26.20,26.40,26.30,26.50,26.30,26.40,26.20,26.20,26.30,26.30,26.50,26.70,26.40,26.30,26.30,26.30,26.20,26.30,26.60,26.40,26.60,26.30,26.20,26.40,26.60,26.40,26.50,26.50,26.60,26.60,26.50,26.50,26.80,26.60,26.50,26.60,26.40,26.60,26.70,26.70,26.60,26.60,26.60,26.60,26.60,26.40,26.40,26.60,26.40,26.70,26.70,26.70,26.70,26.70,26.60,26.60,26.70,26.70,26.70,26.50,26.70,26.80,26.70,26.90,26.70,26.60,26.70,26.70,26.70,26.80,26.80,26.80,26.90,26.90,26.80,26.80,26.70,26.60,26.80,26.70,26.60,26.70,26.70,26.80,26.50,26.40
26.00,25.90,25.90,25.90,25.80,25.80,25.80,25.80,25.80,25.80,25.70,25.80,26.00,26.00,25.80,25.60,25.80,25.80,25.60,25.80,25.80,25.90,26.10,25.90,25.80,26.00,25.90,25.80,26.10,25.90,26.00,26.10,26.10,26.10,26.20,26.10,26.00,25.90,25.70,25.90,26.00,26.10,26.10,25.80,25.90,26.00,26.10,26.00,26.10,26.10,26.10,26.20,25.90,25.90,26.00,26.10,25.90,26.10,26.20,26.20,26.20,26.10,26.30,26.20,26.20,26.20,26.20,26.30,26.10,26.20,26.30,26.30,26.20,26.10,26.40,26.00,26.30,26.50,26.40,26.20,26.20,26.30,26.20,26.40,26.40,26.40,26.40,26.40,26.40,26.60,26.50,26.50,26.50,26.40,26.60,26.60,26.70,26.70,26.80,26.80,26.80,26.90,26.70,26.80,26.90,27.00,27.10,27.20,27.00,27.10,27.00,27.00,27.20,27.30,27.30,27.30,27.00,27.30,27.30,27.10,27.30,27.30,27.20,27.20,27.10,27.20,27.10,27.10,27.30,27.10,27.30,27.30,26.80,27.00,27.20,27.10,27.30,27.10,27.00,26.90,27.00,27.00,27.00,27.20,27.10,27.10,27.00,26.90,26.90,26.70,26.80,26.70,26.50,26.40,26.40,26.60,26.40,26.30,26.20,26.00,26.10,25.80,25.80,25.70,25.70,25.70,25.90,25.50,25.40,25.40,25.60,25.50,25.50,25.40,25.40,25.50,25.40,25.20,25.50,25.40,25.60,25.30,25.30,25.20,25.20,25.20,25.20,25.40,25.10,25.20,25.10,25.00,25.10,25.10,24.90,24.90,25.10,25.20,25.00,25.10,24.90,25.00,25.00,24.90,25.00,25.00,25.10,25.10,25.20,25.10,25.10,24.90,24.80,25.00,24.90,24.90,24.80,25.10,25.20,25.10,25.10,25.00,24.90,25.00,25.20,25.10,25.20,25.10,25.00,25.20,25.10,25.20,25.20,25.10,25.30,25.10,25.30,25.20,25.40,25.40,25.40,25.30,25.70,25.40,25.50,25.60,25.60,25.60,25.70,25.80,25.80,25.80,25.90,25.90,25.90,25.90,25.90,25.80,25.80,25.80,25.90,25.80,26.10,25.90,25.80,25.70,25.90,26.10,25.90,25.70,25.80,25.90,25.90,25.90,26.00,26.20,26.20,26.20,26.10,25.90,25.90,26.10,26.20,26.20,26.20,26.20,26.20,26.20,26.10,26.10,26.10,26.10,26.30,26.40,26.20,26.40,26.20,26.30,26.20,26.60,26.20,26.40,26.40,26.20,26.20,26.40,26.30,26.30,26.40,26.20,26.40,26.30,26.20,26.20,26.40,26.50,26.50,26.40,26.40,26.30,26.40,26.40,26.40,26.40,26.30,26.40,26.60,26.40,26.60,26.60,26.40,26.60,26.40,26.40,26.50,26.60,26.50,26.60,26.60,26.40,26.60,26.50,26.50,26.60,26.60,26.40,26.40,26.60,26.70,26.70,26.60,26.50,26.50,26.60,26.70,26.50,26.70,26.90,26.70,26.80,26.80,26.40,26.60,26.70,26.90,26.80,26.90,27.00,26.80,26.90,26.90,26.80,26.80,26.60,26.70,26.70,26.60,26.60,26.70,26.90,26.80,26.70
26.10,25.90,25.90,25.90,25.80,25.80,25.80,25.90,25.90,25.90,25.90,26.00,26.00,25.90,25.90,25.80,25.80,25.70,25.80,25.80,25.90,25.80,25.90,25.90,25.90,26.10,25.80,25.80,26.10,25.90,25.90,25.90,26.10,26.10,26.10,25.90,26.00,26.00,25.90,25.60,26.10,26.10,26.00,26.10,26.10,26.10,26.20,26.00,26.00,26.10,26.30,26.20,25.90,25.90,26.00,26.10,25.90,26.10,26.20,26.10,26.10,26.20,26.20,26.20,26.30,26.20,26.10,26.20,26.20,26.20,26.20,26.20,26.10,26.20,26.30,26.40,26.20,26.10,26.10,26.20,26.20,26.20,26.10,26.20,26.30,26.40,26.30,26.40,26.60,26.30,26.50,26.50,26.40,26.40,26.40,26.60,26.70,26.80,26.70,26.70,26.90,26.70,26.70,26.80,26.90,27.00,26.90,26.90,27.00,27.00,27.00,27.10,27.10,27.10,27.00,27.00,27.30,27.10,27.30,27.00,27.20,27.30,27.40,27.10,27.00,27.00,27.00,27.10,27.20,27.10,27.10,27.00,27.10,27.00,27.00,27.10,27.10,27.10,27.10,27.20,27.00,27.30,27.40,27.10,27.00,27.00,27.00,26.90,26.90,26.60,26.70,26.70,26.40,26.30,26.20,26.30,26.40,26.20,26.10,25.90,25.90,25.70,25.70,25.60,25.60,25.60,25.90,25.60,25.50,25.80,25.40,25.30,25.50,25.60,25.60,25.60,25.40,25.40,25.60,25.40,25.60,25.30,25.20,25.20,25.30,25.30,25.10,25.40,25.10,25.20,25.10,25.10,25.00,25.00,24.90,24.90,25.20,25.20,24.90,25.10,25.10,25.10,25.00,24.90,25.00,24.70,24.60,24.90,25.10,25.00,24.90,25.20,25.20,25.20,25.20,25.20,24.80,24.90,25.20,25.10,25.10,25.10,24.90,25.10,25.10,25.10,25.10,25.20,24.80,25.10,25.20,25.20,25.30,25.20,25.20,25.20,25.40,25.20,25.40,25.40,25.50,25.40,25.60,25.60,25.60,25.70,25.80,25.70,25.70,25.80,25.80,26.00,25.80,25.70,25.80,25.90,25.80,25.90,25.90,25.80,26.10,26.10,26.10,26.00,25.90,25.60,25.80,25.90,25.90,25.90,25.80,25.80,25.80,25.80,26.00,26.10,26.10,26.10,26.20,26.00,25.90,26.20,26.20,26.20,26.20,26.20,26.30,26.20,26.10,26.20,26.20,26.10,26.40,26.20,26.20,26.40,26.20,26.20,26.30,26.40,26.50,26.40,26.30,26.30,26.20,26.30,26.20,26.40,26.30,26.20,26.20,26.40,26.40,26.40,26.40,26.30,26.30,26.20,26.30,26.40,26.30,26.40,26.60,26.60,26.60,26.40,26.50,26.50,26.50,26.50,26.30,26.60,26.50,26.30,26.20,26.60,26.50,26.60,26.70,26.40,26.60,26.60,26.60,26.80,26.70,26.60,26.60,26.70,26.60,26.60,26.60,26.60,26.60,26.40,26.60,26.60,26.70,26.90,26.80,26.70,26.50,26.40,26.40,26.60,26.90,26.90,26.80,26.70,26.80,26.70,26.90,26.90,26.80,26.60,26.60,26.60,26.50,26.50,26.50,26.60,26.70,26.70
25.80,25.90,25.90,26.00,25.90,25.80,25.80,26.10,26.00,26.00,25.90,25.90,25.90,25.90,25.90,25.90,25.80,25.90,25.90,25.90,25.90,25.90,25.80,25.90,26.00,26.10,25.80,25.90,25.80,25.60,25.80,26.00,26.10,26.20,26.10,25.90,26.00,26.10,26.00,25.90,26.20,26.10,26.10,26.10,26.40,26.40,26.20,26.10,26.10,26.10,26.00,26.10,26.10,26.10,26.20,26.10,26.10,26.20,26.20,26.10,26.00,26.00,26.10,26.20,26.30,26.20,26.30,26.30,26.20,26.20,26.20,26.40,26.30,26.20,26.30,26.40,26.10,26.10,26.20,26.20,26.40,26.30,26.20,26.20,26.30,26.40,26.40,26.40,26.40,26.60,26.40,26.20,26.40,26.50,26.60,26.60,26.80,26.70,26.60,26.70,26.70,26.70,26.70,26.70,27.00,27.10,26.90,26.90,27.00,27.00,27.00,27.00,27.00,27.10,27.00,27.10,27.00,27.10,27.30,27.20,27.10,27.20,27.20,27.10,27.10,27.10,27.30,27.30,27.10,27.10,27.20,27.00,27.10,27.10,27.20,27.20,27.00,27.10,27.20,27.20,27.00,27.30,27.10,27.00,26.90,26.70,26.80,27.00,26.90,26.70,26.70,26.70,26.40,26.50,26.40,26.40,26.40,26.10,25.90,25.90,25.90,25.80,25.70,25.60,25.50,25.70,25.70,25.60,25.60,25.70,25.40,25.50,25.60,25.50,25.40,25.70,25.40,25.50,25.50,25.50,25.30,25.10,25.30,25.20,25.40,25.40,25.40,25.20,25.10,25.30,25.00,25.00,24.80,24.90,25.10,25.10,24.80,25.10,25.10,24.90,25.10,24.90,25.00,25.00,25.10,25.20,24.80,25.00,24.90,24.90,24.90,25.20,24.90,25.10,25.10,25.10,24.80,24.80,25.10,25.10,25.20,25.20,24.90,25.20,25.10,25.00,25.20,25.00,24.90,25.20,24.90,25.20,25.30,25.20,25.10,25.50,25.40,25.50,25.30,25.30,25.50,25.60,25.70,25.80,25.70,25.70,25.80,25.90,25.90,25.90,25.80,25.90,25.90,25.80,25.80,25.90,25.90,25.90,25.90,26.00,26.10,25.90,26.10,26.10,25.80,26.00,25.80,25.90,26.00,26.10,26.00,26.00,26.10,26.10,25.90,26.10,26.10,26.00,26.10,26.10,26.00,26.00,26.10,26.20,26.10,25.90,26.10,26.10,26.10,26.20,26.40,26.20,26.20,26.20,26.10,26.20,26.20,26.20,26.40,26.30,26.20,26.40,26.20,26.10,26.10,26.20,26.40,26.30,26.40,26.40,26.40,26.30,26.20,26.50,26.50,26.40,26.30,26.30,26.30,26.40,26.60,26.20,26.30,26.60,26.50,26.60,26.50,26.40,26.40,26.40,26.30,26.50,26.60,26.60,26.40,26.50,26.50,26.60,26.70,26.60,26.60,26.60,26.60,26.60,26.40,26.40,26.60,26.80,26.50,26.20,26.60,26.60,26.70,26.60,26.60,26.60,26.70,26.80,26.80,26.70,26.60,26.60,26.40,26.50,26.70,26.70,26.70,26.70,26.70,26.80,26.60,26.40,26.60,26.60,26.60,26.40,26.40,26.60,26.70,26.60,26.50,26.60
26.10,26.10,26.20,26.10,26.10,25.80,25.90,26.00,26.10,26.00,25.90,26.00,25.90,25.60,25.90,25.90,25.80,25.80,25.80,25.90,25.90,25.90,25.80,26.10,26.10,26.10,25.90,25.90,25.90,25.80,26.20,26.20,26.20,26.00,26.00,26.10,26.10,26.10,26.00,25.80,25.70,26.10,26.10,26.20,26.30,26.20,26.20,26.20,26.20,26.10,26.10,26.10,26.20,26.10,26.10,26.20,26.30,26.20,26.20,26.10,26.20,26.30,26.20,26.40,26.20,26.20,26.30,26.20,26.20,26.40,26.30,26.40,26.40,26.30,26.30,26.20,26.30,26.30,26.60,26.20,26.60,26.20,26.40,26.40,26.50,26.60,26.60,26.40,26.40,26.50,26.60,26.20,26.40,26.60,26.60,26.50,26.70,26.50,26.60,26.70,26.60,26.70,26.70,26.90,27.00,27.00,26.80,27.00,27.10,27.20,27.10,26.90,27.00,27.10,27.00,27.30,27.00,26.80,27.10,27.10,27.00,27.10,27.10,27.20,27.00,27.10,27.00,27.10,27.00,27.10,27.20,27.10,27.10,27.10,27.20,27.40,27.30,27.00,27.10,27.10,27.00,27.10,27.00,27.00,26.80,26.90,26.90,26.90,26.70,26.70,26.60,26.70,26.30,26.30,26.40,26.20,26.10,26.10,25.90,25.80,25.90,25.80,25.80,25.50,25.50,25.80,25.60,25.60,25.60,25.50,25.40,25.50,25.60,25.50,25.50,25.40,25.60,25.50,25.50,25.40,25.60,25.30,25.40,25.20,25.00,25.20,25.20,25.40,25.00,24.90,24.80,25.20,25.10,25.00,25.10,25.00,24.90,24.80,25.00,24.80,24.80,24.80,25.20,25.00,25.10,24.90,24.90,25.00,24.90,24.90,24.90,25.00,24.80,24.90,25.00,25.10,24.90,24.90,25.00,24.80,25.00,25.10,25.20,25.00,25.10,25.00,25.20,25.20,25.00,25.10,25.10,25.20,25.30,25.30,25.10,25.60,25.60,25.60,25.70,25.90,25.70,25.80,25.80,25.90,25.80,25.70,25.90,25.90,25.90,25.70,25.90,25.80,26.10,26.00,25.90,26.20,25.90,25.80,25.80,25.90,25.80,25.90,26.00,25.80,25.90,25.70,25.80,26.10,26.10,26.10,26.10,26.30,26.00,26.20,25.90,26.10,26.20,26.10,26.00,26.10,26.20,26.00,26.10,26.10,26.10,26.20,26.20,26.10,26.20,26.20,26.30,26.20,26.30,26.20,26.00,26.10,26.20,26.20,26.20,26.30,26.20,26.20,26.40,26.40,26.10,26.20,26.40,26.20,26.20,26.40,26.40,26.30,26.40,26.50,26.50,26.40,26.40,26.30,26.40,26.40,26.20,26.20,26.20,26.40,26.30,26.50,26.40,26.40,26.40,26.30,26.40,26.30,26.40,26.60,26.50,26.50,26.50,26.60,26.60,26.60,26.60,26.60,26.70,26.60,26.40,26.20,26.40,26.60,26.70,26.40,26.60,26.50,26.40,26.50,26.70,26.70,26.70,26.70,26.60,26.60,26.70,26.70,26.60,26.70,26.70,26.70,26.70,26.70,26.70,26.70,26.90,26.80,26.60,26.50,26.60,26.60,26.60,26.50,26.60,26.70,26.50,26.80
26.10,26.10,26.30,26.20,26.00,25.80,25.90,26.00,26.10,26.00,25.90,25.90,25.90,25.80,25.60,25.80,25.80,25.90,25.90,25.80,26.00,25.90,25.90,25.90,26.00,25.90,25.80,26.00,26.00,26.10,26.10,26.10,26.00,25.90,26.10,26.10,26.00,26.10,25.90,25.90,25.90,26.10,26.20,26.20,26.10,26.10,26.00,26.10,26.20,26.30,25.90,26.10,26.00,25.90,26.10,26.30,26.20,26.10,26.00,26.10,26.40,26.30,26.40,26.40,26.10,26.10,26.30,26.20,26.40,26.40,26.50,26.30,26.30,26.40,26.40,26.50,26.60,26.40,26.50,26.20,26.40,26.10,26.60,26.40,26.30,26.20,26.20,26.30,26.40,26.50,26.60,26.20,26.40,26.70,26.60,26.60,26.50,26.60,26.50,26.50,26.60,26.80,27.00,27.00,26.70,26.70,26.70,27.00,27.10,27.10,27.10,27.10,27.10,27.00,26.90,27.20,27.00,27.10,27.10,27.00,27.00,27.00,27.10,27.10,27.00,27.30,27.10,27.10,27.10,26.90,27.10,27.20,27.10,27.10,27.30,27.50,27.30,27.10,27.10,27.10,27.00,27.10,27.00,26.80,26.90,26.80,26.40,26.70,26.50,26.40,26.20,26.60,26.20,26.40,26.50,26.20,26.00,25.90,25.80,25.90,25.80,25.90,25.90,25.70,25.60,25.80,25.70,25.60,25.50,25.50,25.50,25.50,25.70,25.60,25.50,25.50,25.60,25.60,25.60,25.50,25.50,25.50,25.50,25.30,25.40,25.50,25.20,25.10,25.10,24.90,25.10,25.20,25.00,25.00,25.10,25.10,25.20,24.80,25.10,25.10,25.10,25.00,24.90,25.10,25.00,25.10,24.90,25.10,24.90,25.10,25.10,24.90,24.90,25.00,25.10,25.10,24.90,24.90,24.90,25.10,25.20,25.10,25.10,24.90,25.30,25.10,25.10,25.30,25.20,25.20,25.40,25.20,25.30,25.30,25.50,25.60,25.70,25.80,25.80,25.80,25.80,25.80,25.90,26.10,25.90,25.80,25.80,25.80,25.90,25.80,25.90,25.80,25.90,25.90,25.90,26.20,25.90,25.80,25.80,25.90,25.80,25.80,26.00,26.10,26.10,26.10,25.90,26.00,26.10,26.00,26.10,26.00,26.00,26.10,25.80,25.90,26.50,26.30,26.40,25.90,26.10,26.10,26.20,25.90,26.20,25.90,26.20,26.20,26.20,26.10,26.30,26.10,26.20,26.20,26.10,26.10,26.30,26.30,26.20,26.40,26.20,26.20,26.40,26.20,26.20,26.20,26.30,26.30,26.20,26.20,26.30,26.30,26.60,26.60,26.50,26.40,26.20,26.40,26.20,26.40,26.40,26.20,26.30,26.10,26.30,26.40,26.50,26.30,26.50,26.40,26.50,26.60,26.40,26.50,26.40,26.40,26.60,26.60,26.50,26.50,26.50,26.40,26.60,26.60,26.50,26.20,26.40,26.40,26.40,26.60,26.70,26.70,26.60,26.60,26.60,26.70,26.60,26.70,26.80,26.50,26.70,26.80,26.70,26.70,26.60,26.60,26.70,26.70,26.70,26.90,26.90,26.90,26.90,26.70,26.40,26.60,26.60,26.60,26.40,26.50,26.60,26.70
26.00,26.10,26.10,26.10,25.90,25.80,25.90,26.00,26.00,25.90,25.90,25.80,25.90,25.90,25.80,25.80,25.90,26.10,25.80,25.90,26.00,25.90,25.80,25.90,26.00,25.90,25.90,26.10,26.10,26.10,26.10,26.10,26.10,26.10,26.10,26.00,25.90,25.80,25.90,26.00,26.00,26.00,26.10,26.10,26.10,26.10,26.10,26.20,26.20,26.10,25.80,26.00,26.10,26.20,26.20,26.10,26.20,26.20,26.10,26.20,26.30,26.30,26.30,26.30,26.30,26.10,26.20,26.30,26.40,26.30,26.20,26.20,26.20,26.40,26.20,26.40,26.40,26.40,26.40,26.30,26.40,26.40,26.60,26.30,26.30,26.40,26.30,26.40,26.60,26.60,26.40,26.40,26.50,26.40,26.80,26.70,26.40,26.70,26.80,26.70,26.60,26.90,26.90,27.00,27.00,26.90,26.90,26.90,27.00,27.10,27.10,26.90,27.10,27.00,26.60,27.00,26.90,27.10,27.00,27.00,26.90,26.90,27.00,27.00,27.00,27.30,27.30,27.00,27.00,27.00,27.10,27.20,27.10,27.10,27.20,27.10,27.10,26.90,27.10,27.00,27.00,27.10,26.90,26.80,26.80,26.80,26.80,26.80,26.70,26.40,26.40,26.40,26.20,26.50,26.40,26.20,26.00,25.80,25.90,25.90,25.80,25.60,25.50,25.40,25.60,25.40,25.50,25.80,25.60,25.60,25.60,25.50,25.80,25.50,25.50,25.80,25.50,25.60,25.60,25.60,25.50,25.60,25.40,25.40,25.40,25.30,25.20,25.40,25.10,25.20,25.40,25.10,25.00,25.00,25.10,25.20,25.30,25.10,25.10,25.10,25.30,25.20,25.20,25.20,25.10,25.20,25.00,25.10,25.20,25.10,25.20,25.10,25.10,25.10,25.10,25.00,25.00,25.10,25.40,25.20,25.40,25.30,25.40,25.20,25.30,25.40,25.10,25.30,25.50,25.40,25.50,25.40,25.30,25.60,25.60,25.80,25.80,26.00,25.80,25.90,25.80,25.90,26.10,25.80,25.90,25.90,25.80,25.80,25.90,25.90,25.80,25.80,25.60,26.20,25.90,25.90,25.90,26.00,25.80,26.10,26.10,26.10,26.10,25.90,26.00,26.10,25.90,25.90,25.90,25.90,26.10,26.10,26.10,26.10,25.80,25.90,26.00,25.80,26.10,26.10,26.00,26.20,26.40,26.10,26.10,26.10,26.20,26.20,26.10,26.20,26.20,26.10,26.10,26.20,26.20,26.10,26.20,26.30,26.10,26.50,26.00,26.20,26.40,26.30,26.30,26.20,26.30,26.40,26.20,26.20,26.40,26.30,26.30,26.20,26.30,26.40,26.20,26.40,26.40,26.40,26.40,26.40,26.20,26.30,26.40,26.40,26.40,26.30,26.30,26.40,26.40,26.60,26.50,26.40,26.40,26.40,26.40,26.60,26.60,26.60,26.50,26.70,26.40,26.50,26.60,26.20,26.30,26.40,26.30,26.30,26.40,26.60,26.60,26.60,26.60,26.40,26.70,26.70,26.80,26.50,26.40,26.60,26.60,26.70,26.70,26.40,26.60,26.70,26.70,26.80,26.90,26.60,26.70,26.80,26.70,26.60,26.60,26.60,26.70,26.80,26.70,26.70
25.90,26.00,26.00,26.10,25.90,25.90,25.90,25.90,25.90,25.80,25.80,25.90,26.20,26.10,25.90,25.60,25.80,26.00,26.00,26.10,26.10,26.00,26.20,26.20,26.10,26.00,26.10,26.10,25.90,26.10,26.10,26.10,26.20,26.10,25.90,26.10,25.90,25.90,25.90,25.90,25.90,26.00,26.20,26.10,26.10,26.10,26.10,26.10,26.10,26.00,25.90,25.90,26.30,26.30,26.20,26.10,26.40,26.20,26.20,26.20,26.40,26.10,26.20,26.30,26.30,26.30,26.30,26.20,26.40,26.30,26.20,26.20,26.20,26.40,26.20,26.50,26.40,26.60,26.50,26.40,26.40,26.30,26.40,26.10,26.50,26.60,26.40,26.30,26.40,26.30,26.30,26.50,26.60,26.60,26.50,26.40,26.60,26.80,26.70,26.70,26.60,26.50,26.80,27.00,27.00,26.70,26.90,26.90,27.00,27.00,27.10,27.00,27.00,27.00,26.90,27.00,27.00,27.10,27.10,27.00,27.00,27.10,27.10,26.90,27.00,27.10,27.30,26.90,27.30,27.00,27.20,27.20,27.30,27.10,27.10,27.10,27.00,26.90,27.00,27.10,27.00,27.00,26.90,26.90,26.80,26.80,26.90,26.40,26.50,26.40,26.40,26.40,26.10,26.20,26.20,26.20,26.10,25.90,25.80,25.90,25.80,25.90,25.60,25.50,25.60,25.70,25.60,25.60,25.40,25.90,25.60,25.60,25.50,25.40,25.60,25.90,25.60,25.70,25.60,25.60,25.70,25.60,25.50,25.60,25.50,25.40,25.40,25.50,25.20,25.30,25.40,25.20,25.20,25.20,25.20,25.20,25.40,25.20,25.10,25.20,25.30,25.20,25.40,25.30,25.20,25.40,25.20,25.10,25.50,25.10,25.10,25.20,25.40,25.10,25.20,25.20,25.50,25.40,25.20,25.40,25.50,25.60,25.50,25.30,25.40,25.60,25.20,25.20,25.40,25.60,25.40,25.60,25.60,25.50,25.80,25.80,25.90,26.00,25.80,26.20,25.90,26.00,25.90,25.90,25.80,26.00,25.90,25.80,25.90,26.00,25.80,25.80,25.90,25.90,26.00,25.80,25.90,26.10,25.90,26.10,25.70,25.80,25.90,26.10,26.10,26.00,25.90,25.90,25.90,25.80,26.00,26.00,26.20,26.10,26.10,25.80,25.80,26.20,26.10,26.20,26.10,26.10,26.20,26.10,26.10,26.20,26.30,26.20,26.30,26.20,26.10,26.10,26.10,26.20,26.20,26.10,26.00,26.40,26.10,26.30,26.20,26.10,26.20,26.30,26.40,26.30,26.30,26.20,26.20,26.40,26.50,26.30,26.10,26.20,26.10,26.40,26.30,26.20,26.20,26.40,26.30,26.40,26.20,26.30,26.40,26.40,26.40,26.30,26.30,26.40,26.40,26.50,26.50,26.40,26.40,26.40,26.30,26.40,26.50,26.50,26.40,26.70,26.70,26.60,26.40,26.40,26.30,26.40,26.40,26.60,26.60,26.60,26.60,26.60,26.60,26.60,26.60,26.70,26.60,26.60,26.70,26.70,26.60,26.60,26.70,26.90,26.80,26.60,26.70,26.70,26.70,26.70,26.60,26.60,26.70,26.80,26.80,26.80,26.70,26.80,26.70,26.70
26.00,26.00,26.00,26.10,25.80,25.90,26.20,26.10,25.90,25.80,26.00,25.90,25.80,25.80,25.80,25.60,25.90,25.90,25.80,26.10,26.10,26.00,26.20,26.20,26.20,26.20,26.10,26.00,25.80,26.10,26.10,26.10,26.20,26.00,26.10,26.20,26.10,26.00,25.90,26.00,25.90,26.10,26.20,26.10,26.10,26.10,26.00,26.10,25.90,26.00,26.10,26.00,26.40,26.20,26.20,26.20,26.20,26.20,26.20,26.20,26.30,26.40,26.20,26.30,26.30,26.20,26.10,26.20,26.20,26.30,26.20,26.40,26.40,26.30,26.40,26.40,26.40,26.40,26.20,26.30,26.30,26.40,26.40,26.30,26.40,26.70,26.60,26.60,26.60,26.60,26.60,26.60,26.50,26.40,26.60,26.60,26.70,26.80,26.70,26.60,26.70,26.90,27.00,26.90,26.90,26.80,26.90,26.70,26.90,26.90,27.10,27.10,27.00,27.10,27.10,27.10,27.10,27.10,27.10,27.00,26.90,27.00,27.00,27.10,26.90,27.00,27.30,26.90,27.10,27.00,27.10,27.10,27.00,27.10,27.10,27.10,27.10,26.90,26.90,27.00,27.00,27.00,26.80,26.90,26.90,26.70,26.80,26.60,26.60,26.50,26.20,26.40,26.10,26.20,26.20,26.00,26.20,26.00,25.60,25.90,25.80,25.90,25.80,25.40,25.80,25.70,25.60,25.60,25.60,25.70,25.70,25.70,25.80,25.70,25.70,25.60,25.80,25.80,25.60,25.60,25.80,25.80,25.70,25.80,25.60,25.50,25.40,25.60,25.50,25.40,25.40,25.40,25.50,25.50,25.40,25.40,25.40,25.40,25.40,25.30,25.40,25.30,25.40,25.60,25.30,25.50,25.50,25.60,25.60,25.50,25.60,25.50,25.40,25.60,25.60,25.80,25.80,25.50,25.80,25.60,25.70,25.70,25.60,25.50,25.60,25.90,25.40,25.60,25.50,25.50,25.50,25.50,25.50,25.60,25.80,25.80,25.80,26.00,26.00,26.20,25.80,25.90,26.10,25.80,25.90,25.90,25.90,25.90,25.90,25.80,25.80,25.90,25.90,25.80,25.80,25.90,25.80,25.90,26.00,26.10,25.70,25.80,25.80,26.00,26.10,25.90,25.90,26.10,26.10,25.90,26.10,26.10,26.10,26.10,26.00,26.30,26.10,26.20,26.20,26.20,26.20,26.40,26.20,26.10,26.20,26.10,26.10,26.10,26.20,26.20,26.00,26.10,26.20,26.30,26.40,26.30,26.10,26.40,26.20,26.20,26.10,26.10,26.20,26.20,26.20,26.20,26.20,26.30,26.10,26.40,26.40,26.30,26.30,26.30,26.20,26.10,26.20,26.20,26.20,26.40,26.40,26.10,26.20,26.20,26.30,26.20,26.40,26.20,26.30,26.40,26.30,26.20,26.30,26.40,26.40,26.40,26.40,26.40,26.50,26.50,26.30,26.40,26.40,26.30,26.60,26.60,26.60,26.60,26.40,26.40,26.60,26.60,26.60,26.60,26.60,26.60,26.60,26.50,26.50,26.50,26.60,26.70,26.70,26.60,26.40,26.70,26.80,26.60,26.70,26.70,26.70,26.70,26.70,26.50,26.60,26.70,26.80,26.80,26.80,26.70,26.70,26.70
26.10,25.90,25.90,25.90,25.80,26.00,26.00,25.90,25.90,26.00,26.10,25.90,25.90,25.90,25.80,25.80,25.90,25.90,25.90,26.00,25.90,26.00,26.10,26.20,26.10,26.00,26.10,25.90,25.80,26.10,26.00,26.10,26.10,26.10,26.10,25.90,25.90,25.90,25.90,26.00,25.90,26.00,26.10,26.10,26.00,26.00,26.10,26.10,25.90,26.10,26.10,26.10,26.30,26.10,26.20,26.20,26.30,26.20,26.10,26.20,26.30,26.30,26.20,26.30,26.40,26.30,26.20,26.10,26.10,26.20,26.30,26.60,26.50,26.50,26.60,26.40,26.40,26.40,26.40,26.20,26.30,26.40,26.40,26.40,26.40,26.30,26.60,26.60,26.60,26.60,26.30,26.60,26.40,26.50,26.70,26.60,26.60,26.70,26.60,26.60,26.70,26.80,26.90,26.80,26.90,26.90,26.80,26.90,27.00,27.00,27.10,27.10,26.90,27.10,27.10,27.00,27.00,27.00,27.00,26.90,27.00,27.10,27.10,27.40,27.20,26.90,27.10,27.00,27.10,27.10,27.10,27.10,27.10,27.20,27.00,27.00,27.10,26.90,26.90,26.90,26.80,26.70,26.70,26.90,26.80,26.60,26.70,26.60,26.60,26.40,26.30,26.50,26.20,26.00,26.10,25.90,25.90,26.10,25.80,25.80,25.80,25.80,25.90,25.60,25.80,25.60,25.60,25.80,25.80,25.80,25.70,25.80,25.90,25.80,25.70,26.10,26.20,26.00,25.80,25.80,25.90,25.90,25.90,25.80,25.90,25.60,25.40,25.80,25.60,25.40,25.60,25.60,25.60,25.60,25.50,25.60,25.50,25.80,25.50,25.40,25.60,25.50,25.80,25.70,25.50,25.60,25.50,25.70,25.80,25.80,25.50,25.60,25.80,25.90,25.60,25.80,25.80,25.80,25.80,25.80,25.90,25.80,25.70,25.80,25.80,25.80,25.80,25.90,25.60,25.70,25.70,25.20,25.50,25.80,25.70,25.90,25.80,25.90,26.00,26.00,25.80,25.90,25.90,25.90,25.90,25.80,25.90,25.80,25.80,26.00,25.60,25.60,25.70,25.80,25.80,25.90,25.70,25.90,25.80,25.80,25.70,25.70,25.80,25.80,25.90,26.10,26.20,26.00,26.00,26.10,26.10,26.20,26.20,26.20,26.20,26.20,26.20,26.10,26.10,26.10,25.90,26.10,26.20,26.10,26.20,26.10,26.10,26.20,26.10,26.20,26.00,26.00,26.30,26.20,26.10,26.30,26.20,26.40,26.40,26.10,26.10,26.10,26.20,26.20,26.10,26.30,26.10,26.40,26.30,26.40,26.40,26.20,26.20,26.60,26.10,26.30,26.20,26.20,26.10,26.50,25.90,26.10,26.10,26.20,26.20,26.40,26.20,26.20,26.20,26.40,26.40,26.60,26.40,26.30,26.50,26.60,26.40,26.30,26.40,26.60,26.30,26.20,26.40,26.40,26.50,26.60,26.40,26.50,26.60,26.50,26.30,26.40,26.50,26.60,26.70,26.60,26.50,26.30,26.40,26.50,26.60,26.50,26.40,26.60,26.60,26.60,26.60,26.60,26.60,26.60,26.60,26.70,26.70,26.40,26.50,26.60,26.60,26.60,26.70,26.70,26.80,26.90
26.10,25.90,26.10,26.10,26.10,25.90,25.90,25.90,25.80,25.80,25.80,26.00,25.90,25.90,25.90,25.90,25.90,25.90,25.90,25.80,25.80,25.80,26.00,26.10,25.90,25.90,26.10,26.00,26.00,26.10,26.10,26.10,26.10,26.10,26.00,26.00,25.90,26.10,26.00,26.00,25.90,26.00,26.10,26.10,25.80,26.10,26.10,26.10,26.10,26.20,26.20,26.20,26.20,26.20,26.10,26.30,26.30,26.20,26.30,26.20,26.30,26.30,26.30,26.40,26.40,26.40,26.20,26.20,26.30,25.90,26.30,26.60,26.50,26.30,26.20,26.50,26.50,26.40,26.40,26.20,26.50,26.40,26.40,26.40,26.40,26.50,26.20,26.40,26.50,26.40,26.40,26.40,26.70,26.70,26.70,26.70,26.70,26.70,26.60,26.70,26.70,26.90,27.00,26.90,26.90,26.90,26.90,27.00,27.00,27.00,27.10,27.00,26.90,27.00,27.10,27.00,27.20,27.10,27.00,26.80,27.00,27.10,27.10,27.20,27.30,27.20,27.10,27.20,27.10,27.10,27.00,27.10,27.00,27.00,27.10,26.90,27.00,27.00,26.90,26.90,27.00,26.80,26.70,27.00,26.90,26.70,26.70,26.60,26.40,26.40,26.30,26.40,26.20,26.10,26.10,25.90,26.10,25.70,26.10,25.90,25.80,25.60,26.10,25.90,25.70,25.50,25.80,25.80,25.70,25.90,25.90,25.80,26.20,26.00,26.00,26.00,25.90,26.10,26.10,25.90,26.20,26.20,26.10,26.00,25.90,25.80,25.60,25.80,25.60,25.70,25.80,25.80,25.90,25.80,25.80,26.10,25.80,26.00,26.00,26.00,25.80,26.00,25.90,25.90,25.90,25.70,25.70,25.70,25.80,25.80,25.90,26.00,25.80,25.90,25.70,25.90,26.00,26.00,25.80,26.10,26.20,26.00,26.00,25.80,25.80,25.90,25.70,25.80,25.80,25.80,25.90,25.50,25.50,25.90,25.60,25.80,26.00,26.00,25.90,25.90,25.80,25.80,25.90,25.90,25.90,25.90,25.90,25.70,25.90,26.00,26.00,25.80,25.70,25.80,25.80,25.90,26.10,26.00,26.00,25.70,26.00,25.80,26.10,25.80,26.10,25.90,25.90,25.80,25.90,26.00,26.00,26.10,26.10,25.90,26.10,26.10,26.10,26.10,26.20,26.20,26.10,26.10,26.20,26.10,26.00,26.20,26.20,26.30,26.10,26.40,26.20,25.90,26.20,26.10,26.00,26.20,26.10,26.30,26.10,26.10,26.20,26.20,26.20,26.40,26.20,26.20,26.10,26.30,26.20,26.20,26.40,26.20,26.10,26.50,26.30,26.30,26.30,26.20,26.10,26.20,26.20,26.10,26.10,26.10,26.30,26.30,26.30,26.20,26.20,26.40,26.40,26.40,26.40,26.30,26.30,26.50,26.50,26.20,26.40,26.50,26.60,26.50,26.40,26.60,26.50,26.40,26.40,26.50,26.60,26.70,26.70,26.70,26.60,26.60,26.80,26.90,26.70,26.50,26.40,26.50,26.50,26.50,26.50,26.70,26.70,26.60,26.40,26.50,26.60,26.60,26.60,26.60,26.60,26.80,26.60,26.60,26.60,26.40,26.40,26.40,26.60,26.90
26.10,26.00,26.10,26.00,25.90,26.10,26.10,26.00,25.80,25.90,26.00,25.60,25.80,26.00,25.90,25.90,25.90,25.70,25.70,25.80,25.70,25.90,25.90,25.90,25.80,26.00,26.30,26.10,26.10,26.10,25.90,26.00,26.10,26.10,26.30,26.10,26.10,26.20,26.20,26.10,25.90,26.10,26.10,26.10,26.10,26.20,26.20,26.20,26.40,26.20,26.40,26.20,26.20,26.20,26.20,26.40,26.20,26.20,26.30,26.50,26.50,26.40,26.40,26.30,26.30,26.60,26.20,26.40,26.20,26.20,26.40,26.30,26.60,26.30,26.40,26.30,26.30,26.20,26.30,26.40,26.30,26.60,26.40,26.40,26.60,26.50,26.40,26.50,26.30,26.30,26.40,26.40,26.50,26.40,26.70,26.70,27.00,26.90,27.00,27.00,26.90,27.00,26.90,26.70,26.80,26.80,26.80,26.90,27.00,27.00,27.20,27.00,27.10,27.10,27.10,27.00,27.10,27.30,27.00,27.30,27.00,27.10,27.00,27.00,27.20,27.10,27.10,27.20,27.10,27.10,26.90,27.00,27.00,27.10,27.20,27.00,26.90,27.00,26.90,27.00,27.00,26.90,26.70,26.90,26.60,26.60,26.60,26.40,26.20,26.40,26.30,26.20,26.20,26.10,26.10,26.10,25.90,25.90,25.80,25.90,25.90,25.60,26.00,25.60,25.60,25.70,25.90,25.80,25.80,25.90,25.90,26.00,26.20,26.10,26.20,26.20,26.40,26.30,26.60,26.30,26.10,26.40,26.20,26.20,26.40,26.30,26.40,26.00,25.90,26.00,25.80,25.70,25.90,26.10,26.10,26.10,25.90,25.90,25.90,25.90,26.10,25.90,25.90,26.10,25.80,25.80,25.90,25.90,25.90,26.00,26.10,26.10,26.00,25.90,25.90,26.10,26.20,26.20,26.10,26.20,26.20,25.90,26.10,26.10,25.90,25.60,25.90,25.50,25.90,25.80,25.90,25.60,25.50,25.80,25.70,25.90,25.90,25.90,26.10,25.70,25.80,25.80,25.90,25.80,25.80,25.60,25.70,25.70,25.70,25.80,25.90,25.90,25.80,25.80,26.10,26.10,25.90,26.00,26.00,25.60,26.10,25.80,26.20,26.00,26.10,25.90,25.90,25.80,25.80,25.80,26.20,26.20,26.10,26.00,26.10,25.90,26.20,26.30,26.10,26.20,26.10,26.10,26.10,26.20,26.30,26.20,26.10,26.10,26.20,26.10,26.60,26.20,26.30,26.10,26.10,26.20,26.20,26.20,26.10,26.10,26.30,26.30,25.90,26.30,26.20,26.20,26.10,26.40,26.60,26.40,26.20,26.10,26.40,26.20,26.30,26.30,26.40,26.20,26.20,26.20,26.30,26.20,26.20,26.40,26.30,26.20,26.30,26.40,25.90,26.50,26.30,26.30,26.40,26.40,26.20,26.40,26.60,26.30,26.40,26.20,26.20,26.60,26.40,26.50,26.60,26.50,26.60,26.40,26.50,26.50,26.40,26.50,26.60,26.60,26.50,26.50,26.50,26.60,26.50,26.40,26.40,26.60,26.70,26.70,26.90,26.90,26.50,26.50,26.60,26.60,26.60,26.60,26.70,26.70,26.90,26.50,26.70,26.90,26.60,26.60,26.40,26.80
26.10,26.10,25.90,25.90,25.90,26.10,25.90,25.90,26.10,26.00,25.80,25.80,26.00,26.00,25.90,25.80,25.80,25.90,25.90,25.90,25.90,25.90,26.00,26.00,25.90,26.20,26.30,26.10,26.20,26.00,25.60,26.10,26.10,26.10,26.20,26.30,26.30,26.20,26.20,26.10,26.10,26.10,26.20,26.00,26.00,26.20,26.20,26.40,26.30,26.30,26.30,26.20,26.20,26.10,26.10,26.20,26.10,26.20,26.30,26.30,26.10,26.40,26.30,26.30,26.30,26.40,26.50,26.50,26.30,26.30,26.30,26.40,26.40,26.40,26.20,26.20,26.30,26.30,26.20,26.40,26.30,26.60,26.40,26.40,26.60,26.40,26.50,26.40,26.40,26.40,26.40,26.60,26.60,26.70,26.70,26.70,26.90,27.00,27.00,26.60,26.70,26.90,26.90,26.80,26.80,26.90,26.70,26.80,27.00,27.10,27.10,26.80,27.00,27.10,27.20,26.90,27.00,27.30,27.00,27.00,27.10,27.10,27.00,27.00,27.10,27.30,27.00,26.90,27.10,27.40,27.10,27.00,27.00,27.10,27.20,27.00,27.00,27.00,26.90,27.00,26.70,26.90,26.70,26.70,26.60,26.60,26.60,26.40,26.50,26.40,26.30,26.20,26.20,26.10,26.00,25.90,25.90,25.90,25.60,25.80,25.80,25.90,25.60,25.50,25.80,25.80,25.90,25.90,26.00,25.90,26.10,26.10,26.20,26.20,26.30,26.30,26.40,26.40,26.20,26.20,26.40,26.50,26.50,26.40,26.50,26.60,26.40,26.20,26.20,26.00,25.90,25.90,25.90,26.00,26.10,26.00,26.20,26.10,26.00,26.10,26.10,26.10,25.90,26.20,26.00,25.90,25.80,26.00,26.20,26.00,26.20,26.20,26.20,26.00,25.90,26.30,26.30,26.10,25.90,25.90,26.30,26.10,26.10,26.00,25.90,25.80,25.90,25.60,25.90,25.60,25.80,25.50,25.30,25.60,25.40,25.60,25.60,25.80,25.90,25.80,25.80,25.90,25.90,25.70,25.60,25.80,25.80,25.80,25.80,25.70,25.60,25.90,25.80,25.80,26.00,26.00,25.90,25.90,25.90,25.80,25.80,25.90,25.60,26.20,26.00,25.90,26.00,25.90,25.70,26.00,25.90,26.20,26.10,26.10,26.20,25.90,26.00,26.20,26.20,26.00,26.10,26.20,26.10,26.30,26.20,26.30,26.00,26.00,26.40,25.90,26.40,26.30,26.20,26.30,26.20,26.10,26.20,26.20,26.10,26.30,26.30,26.40,25.90,26.20,26.20,26.20,26.20,26.20,26.50,26.50,26.20,26.40,26.30,26.30,26.20,26.40,26.20,26.40,26.40,26.30,26.30,26.40,26.10,26.30,26.30,26.20,26.10,26.20,26.30,26.20,26.20,26.10,26.20,26.20,26.30,26.30,26.40,26.20,26.20,26.40,26.20,26.60,26.60,26.60,26.60,26.50,26.70,26.70,26.50,26.70,26.50,26.30,26.40,26.70,26.70,26.50,26.40,26.40,26.60,26.70,26.60,26.40,26.70,26.60,26.40,26.60,26.60,26.60,26.70,26.70,26.60,26.60,26.70,26.70,26.70,26.70,26.80,26.90,26.70,26.70,26.60,26.70
26.10,26.10,25.90,25.90,25.90,25.90,25.90,25.90,25.70,25.70,25.80,25.90,26.00,25.90,25.90,25.60,25.80,26.00,26.00,26.10,26.10,26.10,26.10,26.10,26.10,26.20,26.20,26.10,26.10,25.90,26.10,26.20,26.20,26.10,26.20,26.20,26.10,26.20,26.20,26.10,26.10,26.10,26.20,25.90,26.10,26.20,26.10,26.20,26.20,26.10,26.00,26.20,26.10,26.00,26.10,26.20,26.20,26.20,26.10,26.20,26.20,26.40,26.30,26.30,26.30,26.20,26.30,26.10,26.40,26.40,26.40,26.40,26.40,26.40,26.20,26.30,26.50,26.50,26.50,26.40,26.40,26.50,26.20,26.30,26.60,26.50,26.60,26.40,26.40,26.40,26.60,26.70,26.60,26.60,26.60,26.50,26.60,26.90,26.80,26.60,27.00,27.10,26.90,26.80,26.90,26.90,27.00,27.10,26.90,27.10,27.00,26.90,26.90,27.10,27.10,27.10,27.00,27.30,27.00,27.00,27.10,27.10,27.10,27.10,27.20,27.30,27.10,27.20,27.30,27.10,26.90,27.10,26.90,27.00,27.10,27.00,27.00,27.00,26.90,27.10,26.60,26.90,26.70,26.80,26.70,26.70,26.70,26.60,26.80,26.40,26.50,26.40,26.40,26.10,26.00,25.90,25.90,26.10,25.80,25.80,25.90,25.80,25.70,25.60,25.80,25.90,26.00,26.10,26.00,26.10,26.20,26.10,26.20,26.40,26.40,26.30,26.30,26.40,26.20,26.30,26.40,26.60,26.30,26.20,26.40,26.50,26.30,26.20,26.20,26.10,25.90,25.90,25.90,26.10,26.10,25.90,26.10,26.20,25.90,26.10,26.10,25.90,26.10,26.20,26.10,26.10,25.80,26.00,26.40,26.10,26.20,26.20,26.20,26.00,25.90,25.90,26.10,26.20,26.20,26.20,26.10,25.90,26.00,26.00,25.80,25.90,25.80,25.80,25.90,25.60,25.80,25.60,25.80,25.70,25.40,25.70,25.60,25.80,25.80,25.90,25.80,25.80,25.60,26.00,25.90,25.80,25.80,25.80,25.90,25.80,25.50,25.80,25.90,26.00,26.10,25.90,25.90,25.90,25.80,25.90,25.90,25.80,25.70,26.00,25.90,26.00,26.10,25.80,26.10,26.00,25.80,26.10,26.10,26.20,25.90,25.90,25.90,26.10,26.20,26.00,25.90,26.20,26.10,26.10,26.10,26.20,26.10,26.40,26.00,26.10,26.30,26.30,26.10,26.10,26.20,26.10,26.10,26.10,26.20,26.10,26.30,26.20,26.10,26.10,26.20,26.20,26.20,26.30,26.30,26.40,26.30,26.30,26.20,26.20,26.30,26.10,26.20,26.30,26.40,26.40,26.20,26.20,26.20,26.40,26.20,26.20,26.10,26.20,26.30,26.20,26.10,26.30,26.50,26.40,26.30,26.40,26.20,26.30,26.30,26.30,26.60,26.40,26.30,26.40,26.60,26.50,26.40,26.40,26.60,26.60,26.70,26.30,26.50,26.60,26.70,26.50,26.60,26.60,26.40,26.60,26.60,26.40,26.50,26.60,26.60,26.50,26.60,26.60,26.40,26.60,26.70,26.60,26.70,26.70,26.60,26.60,26.60,26.80,26.80,26.70,26.70,26.70
26.10,26.10,26.10,25.90,25.90,25.90,25.90,25.90,25.90,25.60,25.90,26.00,25.90,26.00,26.00,26.00,26.10,26.10,26.10,26.10,26.10,25.90,26.20,26.20,26.20,26.20,26.20,26.10,26.00,26.00,26.20,26.40,25.90,26.10,26.20,26.10,26.20,26.10,26.00,26.10,26.20,26.00,25.80,26.10,26.10,26.10,26.10,26.40,26.10,25.90,26.10,26.30,26.10,26.10,26.10,26.20,26.40,26.30,26.40,26.40,26.40,26.40,26.50,26.40,26.30,26.20,26.30,26.40,26.10,26.40,26.40,26.40,26.30,26.40,26.50,26.50,26.50,26.40,26.40,26.40,26.40,26.40,26.20,26.40,26.10,26.50,26.60,26.40,26.60,26.50,26.50,26.50,26.50,26.60,26.50,26.60,26.60,26.60,26.70,26.70,27.00,27.00,26.80,26.60,27.00,27.00,27.00,27.00,26.90,27.00,27.00,27.00,26.90,27.10,27.10,27.10,27.20,27.10,27.00,27.10,27.10,27.10,27.00,27.20,27.30,27.20,27.20,27.30,27.20,27.10,27.00,27.00,27.00,27.00,27.00,26.90,27.00,27.00,26.70,27.00,27.10,26.90,26.90,27.00,26.90,26.70,26.50,26.70,26.60,26.60,26.10,26.30,26.20,26.10,26.10,26.10,25.80,26.20,25.90,25.80,26.00,25.80,25.70,25.60,25.80,26.00,26.10,25.80,25.90,26.10,26.20,26.20,26.40,26.60,26.40,26.40,26.30,26.50,26.50,26.30,26.20,26.50,26.20,26.20,26.40,26.40,26.20,26.20,26.20,26.30,26.00,26.00,26.00,26.20,26.10,26.00,26.00,26.10,26.10,25.90,25.90,25.80,26.10,26.10,26.10,26.00,25.90,26.10,26.40,26.50,26.40,26.30,26.10,26.10,26.20,26.20,26.10,26.20,26.10,26.00,26.10,25.90,26.00,26.00,25.80,25.80,25.70,25.90,25.80,25.70,25.60,25.80,25.80,25.60,25.50,25.60,25.70,25.70,25.80,25.80,25.90,25.80,25.80,25.90,25.90,25.80,25.70,25.70,25.90,25.90,25.90,25.90,26.10,26.00,25.90,25.80,25.90,26.00,25.90,25.90,26.10,26.00,25.90,25.80,26.00,26.10,25.90,26.00,26.10,26.00,25.90,25.90,26.00,25.70,26.10,26.10,26.00,26.20,26.10,26.30,26.00,25.90,26.10,26.10,26.20,26.20,26.10,26.20,26.10,26.10,26.30,26.40,26.30,26.20,26.30,26.20,25.90,26.00,26.20,26.30,26.40,26.20,26.10,26.20,26.20,26.20,26.20,26.40,25.90,26.10,26.10,26.20,26.20,26.20,26.40,26.30,26.20,26.20,26.20,26.20,26.10,26.20,26.20,26.40,26.60,26.50,26.20,26.10,26.10,26.20,26.50,26.40,26.60,26.60,26.40,26.40,26.40,26.40,26.40,26.40,26.60,26.40,26.30,26.40,26.60,26.60,26.50,26.20,26.40,26.50,26.40,26.60,26.50,26.60,26.60,26.40,26.50,26.70,26.40,26.40,26.40,26.40,26.50,26.50,26.60,26.60,26.60,26.70,26.70,26.60,26.60,26.60,26.50,26.60,26.60,26.60,26.50,26.60,26.60,26.50,26.70,26.70
26.10,26.10,26.10,25.90,25.90,25.90,25.90,26.10,25.90,25.80,25.90,25.90,25.90,26.00,25.90,25.90,25.80,25.90,26.10,26.10,26.10,26.00,25.80,26.10,26.20,26.10,26.10,26.20,26.30,25.90,26.20,26.30,26.30,26.10,26.10,26.10,26.10,26.00,26.00,26.10,26.20,25.90,25.90,26.00,26.00,26.00,26.20,26.30,26.30,26.30,26.30,26.40,26.20,26.10,26.20,26.40,26.50,26.40,26.60,26.50,26.40,26.40,26.40,26.60,26.40,26.40,26.40,26.50,26.20,26.10,26.30,26.30,26.30,26.30,26.40,26.60,26.40,26.50,26.30,26.40,26.40,26.30,26.40,26.60,26.30,26.60,26.50,26.70,26.60,26.40,26.40,26.60,26.50,26.30,26.60,26.60,26.60,26.60,26.90,26.90,26.90,26.90,26.90,27.00,26.90,27.00,27.00,26.90,27.00,27.10,26.90,27.00,27.00,27.10,27.30,27.00,27.10,27.20,27.20,27.30,27.10,27.10,27.10,27.30,27.30,26.90,27.00,27.10,27.10,27.00,26.90,27.00,27.00,27.00,26.90,26.90,27.00,27.00,26.70,27.00,26.80,26.90,26.70,26.70,26.70,26.60,26.40,26.70,26.40,26.40,26.10,26.30,26.20,25.90,26.00,26.00,25.90,25.80,25.90,25.70,25.80,25.80,25.80,25.70,25.90,25.90,25.90,26.10,26.10,26.20,26.40,26.40,26.40,26.40,26.10,26.50,26.40,26.20,26.40,26.20,26.20,26.20,26.30,26.40,26.40,26.40,26.20,26.20,26.30,26.30,26.10,26.20,26.20,26.20,26.10,26.20,25.90,25.90,26.10,25.80,25.80,25.90,26.20,26.00,26.10,25.90,25.90,26.20,26.40,26.30,26.30,26.20,26.20,26.20,26.30,26.20,26.20,26.20,26.10,25.90,26.20,26.10,26.20,26.10,26.00,25.90,25.70,25.90,25.80,25.50,25.50,25.80,25.70,25.50,25.60,25.50,25.80,25.60,25.80,25.80,25.90,25.80,25.80,25.80,25.90,25.60,25.70,25.60,25.60,25.90,25.80,25.90,25.80,25.90,25.90,25.80,25.80,26.10,26.10,26.00,26.00,26.10,26.00,25.90,26.00,26.00,25.80,25.90,26.10,26.00,26.10,26.10,26.10,26.10,25.80,26.10,26.00,26.20,26.20,26.20,26.10,26.10,25.90,26.10,26.30,26.20,26.10,26.20,26.10,26.10,26.10,26.20,26.20,26.10,26.20,26.30,26.10,26.20,26.30,26.40,26.40,26.40,26.20,26.10,26.30,26.20,26.10,26.40,26.20,26.20,26.20,26.20,26.20,26.10,26.10,26.30,26.30,26.20,26.20,26.40,26.20,26.20,26.20,26.30,26.40,26.40,26.40,26.20,26.20,26.30,26.40,26.40,26.60,26.60,26.20,26.40,26.40,26.60,26.40,26.30,26.30,26.30,26.20,26.60,26.40,26.40,26.40,26.30,26.30,26.40,26.40,26.40,26.50,26.40,26.40,26.40,26.40,26.70,26.60,26.60,26.60,26.60,26.50,26.50,26.50,26.60,26.70,26.70,26.70,26.70,26.20,26.50,26.70,26.60,26.50,26.50,26.50,26.50,26.60,26.60,26.60,26.70
26.10,26.10,26.10,26.10,25.80,25.90,26.10,25.90,25.90,25.90,25.90,25.90,25.90,25.70,25.70,25.70,25.90,26.10,26.10,26.10,26.10,25.90,25.80,26.20,26.10,26.00,26.00,26.10,26.20,26.20,26.20,26.40,26.20,25.90,25.90,26.00,26.10,26.10,26.10,26.20,26.20,26.00,26.00,26.00,25.90,26.40,26.30,26.30,26.20,26.30,26.40,26.40,26.20,26.20,26.20,26.30,26.40,26.40,26.40,26.20,26.20,26.30,26.40,26.60,26.30,26.50,26.50,26.40,26.30,26.30,26.40,26.60,26.30,26.40,26.50,26.40,26.40,26.70,26.40,26.50,26.60,26.60,26.60,26.60,26.50,26.40,26.70,26.40,26.30,26.40,26.40,26.60,26.70,26.80,26.60,26.60,26.60,26.70,26.70,26.90,26.90,26.90,26.90,27.00,26.90,27.10,27.00,27.00,27.10,27.00,26.90,27.10,27.00,27.20,27.10,27.00,27.10,27.10,27.20,27.10,27.10,27.20,27.30,27.30,27.20,27.00,27.20,27.00,27.10,27.00,26.90,27.00,26.90,26.90,26.90,27.00,26.90,26.90,26.80,26.90,26.70,26.70,26.60,26.20,26.40,26.70,26.50,26.60,26.40,26.20,26.20,26.20,26.30,26.10,26.00,26.10,25.90,25.90,25.90,25.80,25.60,25.80,26.00,25.80,25.90,26.10,25.90,26.20,26.20,26.30,26.40,26.30,26.40,26.20,26.40,26.30,26.40,26.40,26.60,26.10,26.60,26.30,26.40,26.30,26.10,26.20,26.00,26.00,26.20,26.20,26.10,26.10,26.10,25.90,25.90,26.20,25.90,26.20,25.90,25.90,26.10,25.90,25.90,25.80,26.20,26.10,26.20,26.10,26.40,26.10,26.20,26.20,26.00,26.10,26.30,26.00,26.30,26.20,26.20,26.10,26.30,26.10,26.30,25.90,25.90,25.90,25.90,25.90,25.60,25.80,25.60,25.70,25.80,25.60,25.70,25.40,25.80,25.80,25.70,25.60,25.80,25.70,25.70,25.70,25.80,25.50,25.60,25.90,26.10,26.00,25.80,25.90,25.70,25.90,26.00,25.90,25.80,26.10,25.90,26.10,26.00,26.10,25.90,26.10,26.00,26.10,26.00,26.00,26.10,25.90,26.10,25.90,26.00,26.10,25.90,26.00,25.90,25.90,26.10,26.10,26.10,26.20,26.00,26.00,26.20,26.20,26.20,26.20,26.20,26.10,25.90,26.00,26.20,26.10,26.10,25.90,26.20,26.30,26.30,26.30,26.30,26.40,26.40,26.20,26.20,26.20,26.10,26.10,26.20,26.20,26.20,26.20,26.20,26.10,26.10,26.10,26.20,26.40,26.40,26.40,26.40,26.30,26.20,26.10,26.10,26.20,26.40,26.50,26.40,26.50,26.20,26.40,26.50,26.60,26.20,26.40,26.30,26.30,26.40,26.50,26.30,26.10,26.20,26.20,26.40,26.40,26.20,26.30,26.40,26.40,26.30,26.30,26.30,26.40,26.50,26.50,26.50,26.50,26.40,26.40,26.50,26.60,26.60,26.30,26.40,26.50,26.70,26.70,26.70,26.70,26.40,26.50,26.70,26.70,26.70,26.50,26.80,26.60,26.50,26.90,26.70,26.60
26.10,25.90,26.20,26.10,25.70,26.00,26.10,25.90,25.90,25.90,25.90,26.10,26.00,25.90,25.80,25.90,26.10,26.10,26.10,26.10,25.90,25.90,25.90,26.20,26.00,26.00,26.00,26.00,26.10,26.20,26.20,26.00,25.90,25.90,25.90,26.00,26.10,26.10,26.20,26.20,26.10,26.20,26.10,26.10,26.10,26.30,26.40,26.30,26.20,26.20,26.10,26.20,26.30,26.20,26.20,26.20,26.20,26.20,26.30,26.10,26.20,26.30,26.40,26.40,26.30,26.30,26.20,26.30,26.40,26.40,26.50,26.70,26.20,26.50,26.50,26.40,26.50,26.70,26.70,26.50,26.70,26.40,26.40,26.60,26.50,26.60,26.60,26.60,26.70,26.40,26.70,26.40,26.60,26.60,26.80,26.70,26.70,26.70,26.90,27.00,27.10,26.90,26.90,26.90,26.90,26.80,26.90,27.10,27.10,27.00,27.10,27.30,27.30,27.10,27.00,27.00,27.10,27.10,27.10,27.00,27.10,27.10,27.30,27.10,27.10,27.10,27.10,27.00,27.20,27.20,27.10,27.00,26.90,26.90,26.90,27.00,26.90,27.10,26.80,26.90,26.80,26.70,26.60,26.70,26.60,26.70,26.50,26.50,26.20,26.20,26.10,26.20,26.40,26.20,26.10,25.90,26.10,25.90,26.00,25.90,25.80,25.80,26.10,25.90,26.10,26.20,26.10,26.40,26.40,26.30,26.40,26.30,26.60,26.70,26.20,26.50,26.60,26.60,26.70,26.60,26.20,26.50,26.50,26.40,26.10,26.40,26.10,26.50,26.20,26.30,26.50,26.10,26.00,26.00,25.90,26.10,26.10,26.10,26.10,26.20,26.20,26.00,25.90,26.00,26.20,26.20,26.40,26.30,26.30,26.00,26.10,26.20,26.10,26.10,26.20,26.00,26.30,26.20,26.20,26.20,26.20,26.20,26.20,26.10,26.00,26.10,26.00,25.80,25.80,25.80,25.70,25.70,25.80,25.70,25.70,25.60,25.60,25.50,25.80,25.80,25.70,25.70,25.70,25.80,25.80,25.60,25.90,25.50,25.90,25.90,25.80,25.90,25.90,26.00,25.90,26.10,25.80,26.00,25.80,26.00,26.10,26.10,26.10,26.20,26.10,25.90,26.10,26.10,26.10,26.00,26.00,26.10,26.10,26.10,26.20,26.20,26.10,25.90,26.00,26.10,25.90,26.10,26.10,26.10,26.30,26.20,26.30,26.50,26.20,26.20,25.90,26.10,26.10,26.20,26.40,26.10,26.10,26.30,26.40,26.30,26.20,26.30,26.30,26.20,26.00,26.20,26.20,26.20,26.20,26.20,26.20,26.10,26.20,26.20,26.20,26.40,26.30,26.20,26.20,26.40,26.20,26.20,26.20,26.10,26.10,26.20,26.30,26.40,26.20,26.40,26.20,26.10,26.30,26.50,26.40,26.40,26.40,26.20,26.40,26.40,26.60,26.30,26.30,26.40,26.40,26.40,26.30,26.40,26.50,26.40,26.40,26.20,26.20,26.30,26.40,26.60,26.40,26.40,26.40,26.40,26.40,26.40,26.50,26.50,26.40,26.40,26.70,26.90,26.90,26.60,26.60,26.50,26.80,26.60,26.40,26.60,26.60,26.70,26.50,26.90,26.90,26.60
26.10,25.90,26.10,25.90,25.80,25.90,25.90,25.90,26.10,26.10,26.10,26.10,26.00,26.00,25.90,26.10,26.10,25.90,26.00,26.00,25.90,25.90,26.00,26.10,25.90,26.00,26.10,26.00,26.10,26.20,26.20,26.00,26.10,26.10,25.90,26.00,25.90,26.10,26.40,26.10,26.20,26.40,26.00,26.20,26.20,26.20,26.30,26.20,26.20,26.20,26.10,26.30,26.20,26.20,26.20,26.20,26.20,26.30,26.30,26.10,26.20,26.20,26.30,26.40,26.20,26.20,26.30,26.10,26.10,26.40,26.50,26.50,26.40,26.60,26.60,26.60,26.60,26.40,26.20,26.60,26.40,26.40,26.20,26.40,26.70,26.60,26.40,26.60,26.70,26.60,27.00,26.40,26.40,26.70,26.70,26.60,26.70,26.90,26.80,27.00,26.90,26.90,26.90,26.90,26.80,26.80,26.90,27.00,27.10,27.30,27.20,27.10,27.00,27.10,27.00,27.20,27.10,27.10,27.00,27.00,27.10,27.10,27.10,26.90,27.00,27.10,27.00,27.00,26.90,26.80,26.90,27.00,27.00,27.00,26.90,27.10,27.00,27.00,26.70,27.00,26.80,26.80,26.70,26.90,26.50,26.60,26.30,26.60,26.20,26.30,26.10,25.90,26.20,26.10,26.10,25.80,26.10,25.90,25.90,25.90,25.90,26.00,26.10,26.20,26.10,26.10,26.20,26.60,26.40,26.40,26.40,26.40,26.70,26.90,26.20,26.70,26.60,26.50,26.60,26.70,26.60,26.40,26.50,26.50,26.10,26.20,26.30,26.40,26.10,26.40,26.40,26.10,26.30,26.00,26.10,26.10,26.20,26.20,26.20,26.10,26.10,26.10,26.10,26.20,26.30,26.30,26.40,26.30,26.20,26.20,26.20,26.20,26.20,26.20,26.10,26.10,26.20,26.30,26.20,26.40,26.10,26.10,26.00,25.90,26.00,26.20,26.00,25.80,25.90,25.60,25.70,25.60,25.80,25.60,25.50,25.60,25.90,25.60,25.80,25.80,25.70,25.60,25.80,25.60,25.90,25.50,25.80,25.80,25.90,25.80,25.80,25.80,25.90,25.80,25.80,26.10,25.80,25.90,25.90,25.80,25.90,26.00,26.00,26.10,26.10,25.90,25.90,25.90,26.10,26.10,26.10,26.20,26.20,26.10,26.20,26.10,26.10,25.90,26.00,26.10,25.90,25.90,26.10,26.10,26.40,26.20,26.20,26.10,26.20,26.10,26.10,26.30,26.20,26.10,26.20,26.20,26.10,26.00,26.10,26.10,26.10,26.20,26.20,26.10,26.10,26.20,26.20,26.30,26.40,26.40,26.20,26.20,26.20,26.40,26.30,26.20,26.40,26.20,25.90,26.00,26.10,26.20,26.20,26.20,26.30,26.40,26.40,26.40,26.10,26.10,26.20,26.20,26.20,26.30,26.40,26.40,26.60,26.10,26.20,26.40,26.40,26.20,26.30,26.40,26.70,26.30,26.40,26.40,26.40,26.40,26.50,26.60,26.40,26.20,26.30,26.40,26.60,26.60,26.40,26.60,26.70,26.70,26.50,26.60,26.60,26.40,26.60,26.60,26.80,26.60,26.60,26.60,26.50,26.60,26.50,26.60,26.50,26.40,26.60,26.60,26.70,26.50
26.00,26.10,25.90,25.90,26.00,25.90,26.10,26.20,26.20,26.10,26.10,26.00,26.10,26.10,26.10,26.10,26.10,26.00,25.90,25.90,26.10,26.10,26.00,25.90,25.80,26.00,26.10,26.10,26.10,26.10,26.10,26.10,26.10,25.90,25.90,26.00,26.10,26.10,25.80,26.10,26.30,26.20,26.10,26.00,26.10,26.20,26.20,26.10,26.30,26.40,26.20,26.30,26.10,26.20,26.40,26.20,26.10,26.40,26.30,26.30,26.20,26.20,26.30,26.40,26.40,26.20,26.30,26.30,26.40,26.40,26.20,26.40,26.50,26.70,26.20,26.60,26.60,26.50,26.40,26.40,26.30,26.40,26.10,26.60,26.60,26.60,26.60,26.70,26.70,26.60,26.70,26.40,26.40,26.70,26.70,26.70,26.80,26.70,26.60,26.70,26.90,26.90,26.80,26.70,26.70,26.80,26.90,27.00,27.00,27.10,27.10,26.90,27.00,27.00,27.30,27.40,27.20,27.10,27.00,26.90,27.20,26.90,27.10,27.10,27.00,26.90,27.00,27.00,26.90,26.70,26.90,27.10,27.00,27.00,26.90,27.10,27.00,26.80,27.00,26.90,26.70,26.70,26.60,26.80,26.40,26.60,26.40,26.60,26.10,26.20,26.10,26.40,26.10,26.00,26.10,25.90,26.00,26.00,25.90,26.10,25.90,25.90,26.10,26.30,26.20,26.50,26.10,26.30,26.30,26.50,26.50,26.60,26.80,26.70,26.40,26.60,26.50,26.40,26.50,26.40,26.70,26.30,26.40,26.50,26.10,26.30,26.30,26.40,26.20,26.40,26.20,26.10,26.20,26.10,26.10,25.90,26.20,26.20,26.00,26.10,26.10,26.20,26.30,26.30,26.30,26.40,26.50,26.30,26.20,26.50,26.10,26.20,26.30,26.20,26.10,25.90,26.10,26.20,26.40,26.30,26.10,26.10,25.90,26.00,26.10,26.20,26.10,25.90,25.90,25.60,25.90,25.60,25.60,25.50,25.60,25.70,26.00,25.70,25.80,25.80,25.90,25.80,25.70,25.90,25.90,25.60,25.90,25.90,25.80,25.70,25.80,25.70,25.90,25.90,25.90,25.80,25.80,25.90,26.00,26.10,26.00,26.00,25.80,25.90,26.00,25.90,25.90,26.10,26.10,26.10,25.90,26.20,26.00,26.00,26.20,26.00,26.10,25.90,26.20,26.00,26.20,25.90,26.20,26.10,26.10,26.10,26.10,26.20,26.40,26.10,26.40,26.40,26.20,26.20,26.20,26.20,26.20,26.20,26.10,26.20,26.10,26.20,26.20,26.20,26.20,26.10,26.20,26.40,26.50,26.10,26.10,26.40,26.20,26.10,26.20,26.20,26.20,26.30,26.20,26.30,26.40,26.20,26.30,26.30,26.20,26.20,26.30,26.30,26.30,26.30,26.20,26.30,26.20,26.20,26.10,26.10,26.40,26.30,26.10,26.10,26.40,26.40,26.20,26.30,26.40,26.30,26.30,26.40,26.20,26.20,26.30,26.60,26.50,26.40,26.20,26.30,26.50,26.60,26.70,26.50,26.40,26.60,26.60,26.60,26.60,26.70,26.60,26.50,26.60,26.70,26.60,26.40,26.60,26.70,26.70,26.60,26.60,26.60,26.60,26.60,26.60,26.50
26.20,26.10,25.80,26.10,26.10,26.00,26.10,26.10,26.00,26.10,26.10,25.90,25.90,26.10,26.20,26.00,26.00,26.00,26.10,26.20,26.20,26.10,25.90,26.00,26.20,26.00,26.10,26.10,26.20,26.20,26.10,26.10,26.10,26.10,26.10,26.20,26.20,26.10,26.00,26.30,26.20,26.20,26.20,26.10,26.20,26.20,26.20,26.10,26.40,26.30,26.30,26.30,26.10,26.30,26.20,26.10,25.90,26.20,26.20,26.20,26.20,26.40,26.30,26.40,26.20,26.20,26.40,26.60,26.40,26.50,26.40,26.40,26.60,26.70,26.40,26.40,26.70,26.70,26.60,26.50,26.70,26.40,26.30,26.60,26.50,26.60,26.70,26.70,26.70,26.70,26.60,26.70,26.80,26.80,26.70,26.70,26.80,26.90,26.90,26.70,26.90,26.80,26.80,26.90,27.00,26.60,27.00,27.00,27.00,27.10,27.00,26.80,27.00,27.00,27.30,27.30,27.00,27.00,27.00,26.90,27.20,26.80,27.00,27.20,27.10,27.10,27.10,27.10,26.90,26.80,26.90,27.00,26.60,26.90,26.80,26.90,27.00,26.70,27.00,26.90,26.90,26.60,26.30,26.40,26.40,26.50,26.40,26.40,26.10,26.20,26.40,26.20,26.10,26.20,26.10,26.10,25.90,26.10,26.10,26.10,26.10,26.20,26.20,26.20,26.20,26.30,26.40,26.30,26.40,26.40,26.40,26.40,26.50,26.40,26.40,26.60,26.60,26.40,26.60,26.30,26.60,26.40,26.30,26.50,26.30,26.40,26.20,26.40,26.30,26.30,26.10,26.20,25.90,26.10,26.00,25.90,26.20,26.10,25.90,26.10,26.20,26.10,26.40,26.20,26.20,26.40,26.40,26.20,26.20,26.20,26.10,26.10,26.10,25.90,26.10,26.30,26.30,26.10,26.20,26.30,25.90,26.10,25.90,26.00,26.00,26.00,26.10,25.90,25.90,25.80,25.50,25.60,25.60,25.60,25.70,25.70,25.80,25.50,25.80,25.60,25.70,25.70,25.80,25.80,25.90,25.80,26.10,25.70,25.80,26.20,25.90,25.80,26.00,25.90,25.90,25.70,25.60,25.60,25.80,25.90,25.90,26.00,25.70,25.80,26.20,25.70,25.90,25.90,26.00,26.10,25.90,26.10,26.20,25.90,26.20,26.00,26.20,25.90,26.40,25.90,26.20,26.10,26.20,26.00,25.80,25.80,25.90,26.40,26.50,26.10,26.10,26.10,26.20,26.20,26.20,26.10,26.20,26.40,26.20,26.20,26.30,26.20,26.10,26.10,26.20,26.10,26.20,26.20,26.40,26.10,26.00,26.20,26.40,26.20,26.30,26.40,26.10,26.00,26.10,26.10,26.40,26.20,26.20,26.40,26.50,26.20,26.20,26.50,26.50,26.30,26.20,26.30,26.40,26.40,26.30,26.10,26.10,26.10,26.10,26.10,26.30,26.60,26.60,26.40,26.40,26.40,26.20,26.40,26.50,26.40,26.40,26.40,26.40,26.40,26.30,26.30,26.30,26.50,26.70,26.70,26.60,26.40,26.60,26.60,26.50,26.60,26.60,26.40,26.30,26.50,26.80,26.50,26.60,26.90,26.70,26.70,26.70,26.60,26.60,26.60,26.80,26.70
26.20,26.00,25.90,26.10,26.10,26.10,26.10,26.10,26.10,26.30,26.10,25.90,25.90,26.10,25.90,25.90,25.90,26.00,26.10,26.30,26.20,26.10,25.90,26.10,26.00,25.80,26.00,26.10,26.20,26.10,25.90,26.10,26.20,25.90,26.10,26.20,26.10,26.00,26.20,26.30,26.10,26.20,26.20,26.20,26.20,26.20,26.20,26.10,26.30,26.40,26.30,26.20,26.20,26.20,26.20,26.20,26.00,26.10,26.10,26.20,26.20,26.20,26.30,26.40,26.20,26.40,26.50,26.40,26.40,26.60,26.40,26.40,26.60,26.60,26.60,26.60,26.60,26.60,26.60,26.60,26.40,26.40,26.40,26.40,26.50,26.50,26.70,26.70,26.60,26.60,26.60,26.60,26.40,26.50,26.60,26.70,26.90,26.80,26.90,26.70,26.60,26.80,26.90,26.90,27.10,26.80,26.80,27.00,27.00,27.00,27.00,27.10,26.90,27.00,27.10,27.10,27.00,27.10,27.00,26.90,26.80,26.90,27.00,27.10,27.20,27.10,27.00,27.10,27.10,26.90,27.00,27.00,26.70,26.90,27.10,26.90,26.90,26.90,26.90,26.80,26.80,26.70,26.60,26.70,26.20,26.70,26.20,26.20,26.10,26.20,26.40,26.10,26.20,26.10,26.00,25.90,26.00,26.00,26.10,25.80,26.10,26.50,26.30,26.20,26.30,26.20,26.40,26.30,26.60,26.60,26.70,26.70,26.50,26.70,26.60,26.40,26.40,26.50,26.70,26.50,26.40,26.30,26.30,26.50,26.60,26.50,26.10,26.40,26.20,26.20,25.80,26.20,25.90,26.10,26.00,26.10,26.20,26.00,26.10,26.10,26.10,26.20,26.40,26.40,26.40,26.20,26.40,26.20,26.10,26.50,25.80,26.20,26.20,26.20,26.20,26.20,26.20,26.00,26.10,26.30,26.10,26.10,25.90,25.80,26.00,26.10,26.00,25.90,26.00,25.80,25.70,25.80,25.80,25.60,25.80,25.60,25.40,25.50,25.80,25.80,25.70,25.60,25.80,25.80,25.90,25.90,26.10,26.20,25.90,26.10,25.80,26.00,25.90,26.10,25.90,25.90,25.90,26.00,26.10,25.90,25.90,25.90,25.80,26.00,26.10,26.10,25.90,25.90,25.80,26.00,25.90,26.10,26.40,26.00,26.00,26.10,26.30,25.90,26.10,25.90,26.10,26.10,26.20,26.20,26.10,25.70,25.90,26.20,26.30,26.20,26.00,26.10,26.10,26.10,26.10,26.10,26.20,26.20,26.20,26.10,26.20,26.20,26.20,26.10,26.10,25.90,26.20,26.20,26.30,26.20,26.10,26.00,26.30,26.20,26.40,26.40,26.20,26.20,26.20,26.10,26.10,26.20,26.40,26.40,26.50,26.20,26.30,26.20,26.40,26.30,26.20,26.20,26.20,26.30,26.40,26.30,26.40,26.40,26.20,26.10,26.10,26.20,26.40,26.30,26.30,26.30,26.40,26.20,26.30,26.40,26.40,26.40,26.30,26.30,26.40,26.40,26.40,26.40,26.50,26.60,26.60,26.60,26.40,26.40,26.40,26.50,26.40,26.40,26.60,26.40,26.60,26.70,26.50,26.20,26.30,26.50,26.70,26.70,26.60,26.50,26.70,26.70
26.00,26.00,26.10,26.10,26.10,26.10,25.90,26.10,26.20,26.20,26.10,26.10,26.00,26.00,26.10,26.10,26.10,26.10,26.20,26.20,26.10,26.10,26.10,26.00,25.90,25.90,26.20,26.20,26.10,26.00,26.20,26.30,26.20,25.80,26.10,26.20,26.40,26.40,26.30,26.20,26.30,26.20,26.20,26.30,26.20,26.20,26.10,26.10,26.40,26.40,26.40,26.30,26.20,26.20,26.30,26.10,26.10,26.30,26.10,26.30,26.30,26.30,26.20,26.40,26.40,26.50,26.40,26.50,26.60,26.60,26.40,26.40,26.40,26.60,26.60,26.60,26.70,26.40,26.60,26.30,26.40,26.50,26.50,26.40,26.50,26.40,26.70,26.70,26.30,26.40,26.60,26.60,26.60,26.60,26.70,27.00,26.90,26.80,26.90,26.90,26.90,27.10,27.00,26.90,27.10,26.90,26.70,26.70,26.90,27.00,27.00,27.30,26.90,27.10,27.00,27.00,27.10,27.10,27.10,26.90,26.80,26.70,26.70,27.00,27.00,27.00,26.90,26.80,27.00,27.00,27.10,26.90,26.90,26.90,26.80,26.90,27.00,26.60,26.60,26.70,26.70,26.70,26.70,26.60,26.40,26.30,26.30,26.20,26.20,26.10,26.20,26.20,26.20,26.20,26.10,25.90,26.00,26.20,25.70,26.40,26.40,26.40,26.20,26.40,26.50,26.30,26.40,26.30,26.60,26.40,26.60,26.70,26.40,26.70,26.50,26.60,26.40,26.30,26.40,26.70,26.30,26.50,26.40,26.60,26.50,26.40,26.20,26.30,26.40,26.20,26.40,26.20,26.20,26.10,26.10,26.10,26.00,26.10,26.20,26.50,26.30,26.10,26.10,26.40,26.40,26.20,26.10,26.20,26.10,26.20,25.90,26.10,26.10,26.20,26.20,26.20,26.10,26.00,26.20,26.20,26.20,26.20,26.20,25.90,26.10,25.90,25.90,26.00,26.00,25.70,25.80,25.60,26.10,25.50,25.60,25.80,25.80,25.50,25.50,25.70,25.70,25.70,25.90,25.80,25.90,25.80,25.90,26.00,26.00,25.90,25.80,26.10,25.90,26.10,25.80,25.90,26.10,26.00,26.00,26.00,26.10,26.00,25.90,26.10,26.10,26.10,25.90,25.90,25.80,26.20,26.20,26.00,26.20,26.10,25.90,26.10,26.10,25.90,26.00,26.10,25.90,25.90,25.90,25.90,26.20,25.90,25.90,26.30,26.30,26.20,26.10,26.00,26.20,26.10,26.00,26.10,26.30,26.10,26.20,26.40,26.20,26.10,26.20,26.20,26.20,25.90,26.10,26.20,26.30,26.30,26.40,26.20,26.30,26.10,26.10,26.20,26.20,26.20,26.30,26.40,26.40,26.20,26.20,26.50,26.30,26.30,26.20,26.20,26.10,26.20,26.20,26.20,26.20,26.20,26.20,26.10,26.20,26.40,26.30,26.20,26.20,26.20,26.20,26.30,26.20,26.20,26.40,26.20,26.20,26.20,26.40,26.50,26.50,26.20,26.30,26.30,26.30,26.40,26.30,26.40,26.20,26.40,26.50,26.40,26.30,26.40,26.50,26.40,26.50,26.60,26.30,26.40,26.40,26.40,26.30,26.20,26.70,26.70,26.70,26.70,26.60,26.70
26.10,26.10,26.10,26.10,26.10,26.10,26.10,26.10,26.10,26.10,26.00,26.10,26.10,26.00,26.10,26.10,26.10,26.00,26.10,26.10,26.10,26.10,26.00,25.90,26.00,26.20,26.20,26.20,26.20,26.20,26.30,26.20,26.20,26.10,26.10,26.30,26.30,26.40,26.00,26.30,26.40,26.10,26.20,26.10,26.10,26.10,26.10,26.20,26.30,26.20,26.50,26.40,26.20,26.10,26.10,26.00,26.20,26.30,26.40,26.20,26.60,26.30,26.30,26.20,26.30,26.40,26.40,26.40,26.40,26.40,26.20,26.40,26.60,26.40,26.40,26.70,26.60,26.40,26.70,26.70,26.50,26.60,26.40,26.50,26.50,26.40,26.70,26.70,26.50,26.60,26.80,26.70,26.70,26.70,26.90,26.90,26.90,26.80,26.80,26.80,26.90,27.00,26.90,26.90,26.90,26.90,26.90,27.00,27.00,26.90,27.00,27.10,27.00,26.90,27.00,27.10,27.00,27.10,27.00,27.00,26.90,26.90,27.10,27.00,26.90,26.90,26.90,27.00,27.00,27.10,27.00,26.70,26.90,26.90,26.70,27.00,26.80,26.70,26.90,26.60,26.60,26.70,26.80,26.40,26.60,26.40,26.30,26.40,26.40,26.40,26.40,26.40,26.10,26.20,26.10,26.00,26.10,26.20,26.20,26.00,26.30,26.20,26.30,26.20,26.50,26.10,26.20,26.30,26.40,26.20,26.50,26.50,26.60,26.80,26.50,26.70,26.50,26.40,26.20,26.80,26.30,26.60,26.40,26.40,26.30,26.50,26.20,26.20,26.20,26.20,26.10,26.20,26.40,26.40,26.30,26.20,26.00,26.30,26.40,26.30,26.30,26.20,26.50,26.40,26.40,26.30,26.20,26.20,26.10,26.00,25.90,26.10,25.90,26.10,26.20,26.30,25.90,26.20,26.20,26.30,26.10,26.20,26.20,26.20,26.10,25.90,25.90,26.00,26.00,25.80,25.80,25.20,26.20,25.70,25.60,25.30,25.50,25.60,25.40,25.60,25.60,25.80,25.80,25.80,25.90,25.80,25.80,25.90,26.10,25.80,25.80,25.90,25.70,26.20,25.80,25.90,26.10,26.10,25.90,26.10,26.10,26.10,26.10,26.10,26.10,26.00,25.90,25.90,25.90,26.00,26.20,26.10,25.90,26.00,26.20,26.10,26.10,25.80,26.00,26.20,26.40,26.30,26.10,26.00,26.10,26.10,26.10,26.10,26.20,26.10,26.20,26.20,26.20,26.00,26.20,26.00,26.30,26.20,26.20,26.30,26.20,26.10,26.10,26.20,26.40,26.00,26.10,26.20,26.30,26.30,26.20,26.40,26.40,26.40,26.10,26.10,26.20,26.20,26.20,26.20,26.20,26.20,26.00,26.20,26.20,26.20,26.20,26.00,26.20,26.10,26.30,26.40,26.40,26.00,26.20,26.10,26.00,26.20,26.30,26.30,26.20,26.30,26.20,26.20,26.30,26.30,26.30,26.30,26.20,26.30,26.40,26.50,26.50,26.40,26.50,26.60,26.20,26.40,26.20,25.90,26.30,26.40,26.40,26.40,26.40,26.40,26.40,26.40,26.40,26.60,26.70,26.60,26.50,26.40,26.40,26.30,26.40,26.60,26.70,26.60,26.60,26.50
26.10,26.10,26.10,26.10,26.10,26.10,26.10,26.10,26.10,26.10,25.90,26.10,25.90,25.80,26.00,26.00,26.00,25.90,26.10,26.10,26.10,26.00,26.00,26.10,25.90,26.00,26.10,26.20,26.10,26.10,26.10,26.10,26.10,26.20,26.20,26.10,26.20,26.40,26.10,26.30,26.20,26.10,26.20,26.20,26.40,26.40,26.20,26.40,26.30,26.20,26.20,26.30,26.20,26.20,26.10,26.60,26.20,26.40,26.50,26.20,26.10,26.40,26.30,26.40,26.40,26.50,26.40,26.30,26.30,26.40,26.50,26.20,26.60,26.40,26.50,26.40,26.40,26.60,26.70,26.60,26.50,26.60,26.30,26.60,26.60,26.80,26.60,26.60,26.60,26.70,26.80,26.90,26.70,26.90,26.70,26.70,26.80,26.90,26.90,26.70,26.90,26.90,26.70,26.70,26.90,27.00,27.00,27.10,27.10,27.00,26.90,26.90,27.00,27.00,27.00,27.10,27.10,26.90,27.00,27.00,27.00,27.10,27.10,27.00,27.00,27.00,26.90,27.10,27.00,27.00,27.10,27.10,26.90,26.70,26.90,27.00,26.80,26.80,26.70,26.50,26.70,26.70,26.70,26.60,26.60,26.40,26.30,26.30,26.40,26.20,26.30,26.20,26.30,26.20,26.20,26.20,26.20,26.20,26.40,26.10,26.40,26.20,26.20,26.40,26.30,26.30,26.60,26.40,26.50,26.20,26.60,26.20,26.90,26.90,26.70,26.90,26.60,26.60,26.30,26.70,26.20,26.50,26.40,26.40,26.30,26.20,26.20,26.30,26.20,26.20,26.10,26.20,26.30,26.20,26.20,26.30,26.10,26.30,26.30,26.30,26.30,26.30,26.60,26.30,26.30,26.20,26.40,26.40,26.10,26.10,25.80,26.30,26.20,26.40,25.90,25.80,25.90,25.90,26.10,26.20,26.40,26.20,26.20,26.40,26.20,26.00,26.10,25.80,26.20,26.00,25.60,25.80,25.60,25.50,25.60,25.50,25.60,25.70,25.40,25.50,25.60,25.50,25.90,25.60,25.70,25.80,25.80,25.80,26.00,25.80,25.90,25.70,25.90,26.10,25.90,25.90,26.00,26.00,26.10,25.90,26.20,26.10,26.30,26.10,26.10,26.20,26.20,26.10,26.00,26.00,26.00,26.20,26.20,26.30,26.20,26.10,26.10,25.90,25.90,26.20,26.10,26.10,26.10,26.20,26.30,26.20,26.10,26.10,26.00,26.00,26.10,25.90,26.10,25.90,26.20,26.10,26.10,26.10,26.10,26.10,26.10,26.20,26.10,26.20,26.20,26.30,26.40,26.40,26.40,26.30,26.10,26.10,26.00,26.10,26.20,26.10,26.20,26.40,26.50,26.30,26.20,26.00,26.20,26.20,26.20,26.20,26.20,26.20,26.30,26.20,26.20,26.50,26.20,26.20,26.30,26.40,25.80,26.10,26.20,26.20,26.20,26.20,26.30,26.40,26.40,26.40,26.30,26.20,26.20,26.30,26.40,26.40,26.40,26.40,26.30,26.60,26.40,26.50,26.70,26.40,26.40,26.40,26.20,26.40,26.40,26.40,26.40,26.30,26.20,26.70,26.50,26.40,26.40,26.40,26.40,26.50,26.50,26.60,26.70,26.40,26.30,26.40
26.00,26.20,25.90,26.10,26.20,26.00,26.10,26.00,25.90,25.90,25.90,25.90,25.90,25.90,26.10,26.10,26.00,26.00,26.10,26.10,26.30,26.00,26.10,26.00,26.10,26.10,26.10,26.10,26.10,26.10,26.20,26.10,26.10,26.20,26.10,26.20,26.20,26.20,26.20,26.40,26.20,26.10,26.20,26.30,26.30,26.20,26.20,26.40,26.40,26.30,26.20,25.90,26.20,26.10,26.30,26.30,26.70,26.70,26.40,26.30,26.30,26.50,26.50,26.40,26.40,26.40,26.40,26.20,26.20,26.40,26.40,26.50,26.40,26.40,26.50,26.50,26.60,26.60,26.60,26.60,26.40,26.60,26.20,26.70,26.70,26.70,26.40,26.30,26.50,26.80,26.60,26.70,26.70,26.90,26.40,26.60,26.90,26.70,26.60,26.70,26.70,26.80,26.80,26.90,27.00,26.90,26.90,27.10,27.00,27.00,26.90,27.00,27.30,27.10,27.00,27.20,27.10,27.00,27.20,27.20,27.00,27.10,27.00,27.10,26.90,26.90,26.70,27.00,27.10,26.90,27.10,26.90,26.90,26.60,26.70,26.80,27.00,26.70,26.70,26.60,26.70,26.60,26.70,26.40,26.60,26.30,26.40,26.30,26.40,26.10,26.40,26.20,26.30,26.40,26.20,26.10,26.40,26.20,26.40,26.50,26.40,26.20,26.20,26.30,26.40,26.20,26.40,26.40,26.40,26.40,26.60,26.60,26.90,26.50,26.70,26.60,26.30,26.60,26.40,26.40,26.20,26.30,26.40,26.40,26.30,26.10,26.20,26.30,26.40,26.20,26.20,26.20,26.20,26.10,26.10,26.30,26.20,26.20,26.10,26.30,26.30,26.30,26.40,26.20,26.10,26.10,26.40,26.10,26.20,26.20,26.20,26.00,26.10,26.20,26.20,26.10,26.10,26.10,26.20,26.20,26.20,26.20,26.30,26.40,26.20,26.10,25.90,26.10,26.00,25.90,25.90,25.90,25.50,25.60,25.60,25.60,25.80,26.00,25.80,25.60,25.70,25.50,25.80,25.50,25.80,25.70,25.90,25.90,25.80,26.00,25.90,25.80,26.00,25.90,26.00,25.60,26.30,26.00,26.10,26.20,26.00,26.10,26.40,26.10,26.20,26.20,26.20,26.10,26.00,26.10,26.00,25.80,25.90,26.10,26.10,26.00,26.10,26.10,26.10,26.20,26.20,25.90,25.90,26.10,26.20,26.20,26.10,26.10,25.80,26.20,26.40,26.10,26.10,26.00,25.90,25.90,26.00,26.10,26.10,25.60,25.90,26.40,26.10,26.20,26.10,26.00,26.10,26.20,26.30,26.20,26.10,26.20,26.20,26.10,26.20,26.20,26.10,26.10,26.20,26.50,26.40,26.50,26.10,26.20,26.20,26.30,26.30,26.30,26.30,26.30,26.20,26.00,26.20,26.20,26.40,26.60,26.50,26.30,26.20,26.20,26.20,26.20,26.20,26.20,26.40,26.40,26.50,26.60,26.30,26.20,26.30,26.40,26.40,26.30,26.20,26.30,26.40,26.40,26.40,26.50,26.60,26.40,26.30,26.30,26.30,26.30,26.30,26.30,26.20,26.40,26.40,26.20,26.20,26.40,26.50,26.40,26.40,26.50,26.60,26.50,26.40,26.40
25.90,26.20,25.90,25.90,25.90,25.90,25.90,25.90,26.00,25.90,26.00,26.10,25.90,26.00,26.10,26.20,26.20,26.10,25.90,26.20,26.10,25.90,25.90,26.00,26.10,26.10,25.90,25.90,26.00,26.10,26.10,26.10,26.10,26.10,26.10,26.20,26.30,26.20,26.20,26.40,26.10,26.20,26.20,25.90,26.10,26.20,26.30,26.30,26.40,26.20,26.10,26.20,26.40,26.40,26.30,26.40,26.60,26.40,26.40,26.40,26.50,26.40,26.70,26.40,26.40,26.40,26.40,26.50,26.40,26.30,26.50,26.40,26.30,26.40,26.60,26.60,26.60,26.70,26.70,26.60,26.50,26.60,26.40,26.70,26.20,26.50,26.50,26.30,26.50,26.60,26.50,26.70,26.70,26.90,26.90,26.70,27.00,26.60,26.60,27.00,27.00,27.00,26.90,26.90,27.10,27.00,27.00,26.90,27.00,27.10,26.90,27.10,27.00,27.00,27.00,27.10,27.10,27.00,27.10,27.20,26.80,27.10,27.10,27.10,27.10,27.00,27.00,26.90,27.10,26.90,26.90,26.90,26.90,26.70,26.80,26.90,26.70,26.60,26.90,26.80,26.70,26.30,26.60,26.60,26.60,26.40,26.50,26.40,26.40,26.20,26.40,26.10,26.20,26.10,26.10,26.10,26.10,26.30,26.10,26.50,26.40,26.20,26.20,26.10,26.60,26.40,26.40,26.50,26.50,26.50,26.60,26.60,26.90,26.90,26.60,26.40,26.60,26.50,26.10,26.70,26.50,26.40,26.60,26.40,26.20,26.40,26.20,26.20,26.40,26.20,26.10,26.20,26.40,26.00,26.00,26.10,26.20,26.20,25.90,26.10,25.90,26.30,26.20,26.30,26.10,26.00,26.00,26.00,26.00,26.20,26.00,26.10,26.00,26.20,26.20,26.00,26.20,26.20,26.20,26.40,26.10,26.20,26.40,26.00,25.90,26.20,26.30,26.00,25.90,25.90,25.80,26.10,25.50,25.80,25.60,25.70,25.60,25.50,25.60,25.80,25.90,25.60,25.70,25.60,26.00,25.80,25.80,26.00,26.00,25.90,26.00,25.90,26.00,25.90,25.90,25.90,26.30,26.10,26.10,26.50,25.90,26.10,26.10,25.90,26.10,26.20,26.20,26.10,26.00,26.00,25.90,26.00,26.10,26.10,25.90,25.90,26.00,26.20,26.10,26.20,26.10,25.90,25.90,26.10,26.10,26.20,26.00,26.10,25.80,26.40,26.40,26.30,26.20,26.10,26.10,26.10,26.00,26.10,26.10,26.30,26.30,26.40,26.20,26.10,26.20,26.20,26.20,26.20,26.10,26.40,26.40,26.30,26.30,26.30,26.20,26.20,26.10,26.10,25.90,26.10,26.40,26.40,26.20,26.20,26.30,26.20,26.30,26.30,26.40,26.40,26.30,26.10,26.20,26.20,26.20,26.60,26.40,26.40,26.20,26.20,26.30,26.20,26.20,26.10,26.10,26.20,26.40,26.60,26.60,26.40,26.20,26.40,26.30,26.20,26.10,26.40,26.50,26.50,26.20,26.10,26.20,26.40,26.40,26.40,26.20,26.20,26.30,26.40,26.30,26.20,26.40,26.90,26.60,26.40,26.40,26.30,26.40,26.60,26.60,26.50,26.40,26.40
26.20,26.20,25.90,25.90,26.00,25.90,25.90,26.10,26.20,26.00,26.10,26.10,26.10,26.10,26.20,26.10,26.20,26.10,26.00,26.10,25.90,26.00,26.20,26.20,26.10,26.10,25.80,25.90,25.90,26.00,26.00,26.10,26.20,26.00,26.10,26.20,26.20,26.10,26.00,26.10,26.20,26.20,26.10,26.00,26.20,26.30,26.30,26.20,26.40,26.20,26.30,26.40,26.40,26.30,26.20,26.40,26.40,26.30,26.40,26.40,26.40,26.50,26.60,26.40,26.40,26.30,26.40,26.60,26.30,26.70,26.40,26.30,26.40,26.50,26.50,26.60,26.60,26.60,26.60,26.50,26.60,26.60,26.60,26.60,26.50,26.60,26.60,26.30,26.70,26.60,26.90,26.90,26.80,26.80,27.00,26.80,26.90,26.60,26.70,27.00,27.00,26.90,26.90,26.80,27.00,27.00,27.00,27.00,27.00,27.20,27.00,27.10,26.90,26.80,26.80,27.00,27.00,26.90,27.10,27.10,27.00,26.70,27.10,27.10,27.20,27.00,27.00,27.00,26.90,26.90,26.70,26.90,26.80,26.70,26.80,26.90,26.90,26.90,26.90,27.00,26.70,26.40,26.60,26.60,26.50,26.30,26.50,26.10,26.20,26.40,26.40,26.00,26.20,26.20,26.20,26.30,26.30,26.30,26.10,26.40,26.40,26.30,26.20,26.10,26.70,26.60,26.50,26.60,26.60,26.50,26.50,26.60,26.70,26.70,26.60,26.60,26.50,26.40,26.40,26.40,26.50,26.40,26.20,26.20,26.60,26.10,26.10,26.40,26.40,26.00,26.20,26.40,26.40,26.40,26.00,25.90,26.30,26.10,26.60,26.20,26.20,26.20,26.40,26.10,26.30,26.10,26.00,25.90,26.10,26.10,25.90,26.10,26.20,26.10,26.10,26.00,26.20,26.20,26.20,26.30,26.20,26.40,26.10,26.00,25.90,26.30,26.10,25.90,26.00,25.90,25.80,25.90,25.60,25.80,25.90,25.60,25.60,25.70,25.70,25.90,25.90,25.80,25.60,25.90,25.90,25.70,25.90,25.90,25.90,25.90,25.90,26.20,26.20,26.10,25.90,26.00,26.10,26.10,26.00,26.20,26.10,26.10,26.10,26.10,26.10,26.10,26.40,26.10,26.10,26.00,26.10,25.90,26.10,26.10,26.00,26.20,26.10,26.20,26.20,26.20,26.10,26.10,26.10,26.10,26.10,26.30,25.80,26.10,25.90,26.20,26.30,26.10,25.90,26.10,26.20,26.20,26.10,26.20,26.10,26.10,26.20,26.40,26.30,26.40,26.20,26.10,26.20,26.40,26.40,26.40,26.30,26.40,26.40,26.40,26.10,26.20,26.10,26.10,26.20,26.30,26.60,26.40,26.40,26.40,26.30,26.20,26.20,26.20,26.20,26.20,26.30,26.20,26.20,26.30,26.20,26.30,26.40,26.30,26.30,26.20,26.30,26.30,26.10,26.20,26.20,26.20,26.40,26.30,26.50,26.60,26.30,26.20,26.20,26.20,26.10,26.20,26.40,26.40,26.30,26.30,26.30,26.40,26.50,26.50,26.20,26.30,26.40,26.40,26.40,26.40,26.20,26.80,26.70,26.40,26.20,26.20,26.10,26.50,26.50,26.50,26.20,26.40
26.10,26.00,26.00,26.20,26.10,25.90,26.10,26.10,26.00,26.20,26.10,26.10,26.10,26.10,26.00,25.90,26.10,26.10,26.20,26.10,26.20,26.30,26.20,26.10,26.00,25.90,25.80,25.90,26.00,26.20,26.10,26.20,26.20,26.10,26.20,26.10,26.00,26.00,26.20,26.20,26.20,26.20,26.10,26.30,26.40,26.40,26.20,26.30,26.20,26.30,26.20,26.20,26.30,26.20,26.20,26.40,26.40,26.40,26.40,26.40,26.40,26.50,26.60,26.40,26.30,26.20,26.40,26.40,26.40,26.60,26.40,26.30,26.50,26.60,26.50,26.50,26.50,26.50,26.50,26.60,26.60,26.60,26.50,26.60,26.60,26.60,26.70,26.50,26.70,26.60,26.80,26.70,26.70,26.90,27.00,26.80,26.90,26.90,26.80,26.90,27.00,26.90,26.70,27.10,26.70,27.00,26.90,27.00,26.90,27.20,27.00,27.10,26.90,26.80,26.70,27.00,27.00,26.80,27.20,27.00,27.00,26.90,27.00,27.00,27.00,26.90,26.90,27.10,26.90,26.90,27.00,26.90,26.70,26.70,26.70,26.70,26.80,26.90,26.90,26.70,26.70,26.70,26.60,26.40,26.50,26.20,26.60,26.20,26.10,26.40,26.20,26.30,26.60,26.40,26.40,26.40,26.30,26.40,26.40,26.60,26.30,26.40,26.30,26.30,26.50,26.20,26.40,26.60,26.70,26.70,26.40,26.60,26.50,26.50,26.60,26.70,26.40,26.50,26.40,26.40,26.40,26.40,26.40,26.40,26.40,26.20,26.10,26.20,26.20,26.10,26.20,26.50,26.20,26.20,26.20,26.10,26.20,26.10,26.50,26.10,26.20,26.20,26.30,26.10,26.10,26.10,26.00,25.90,26.10,26.10,25.90,26.20,26.30,25.90,25.90,26.00,25.90,26.10,26.30,26.20,26.30,26.30,26.20,26.20,26.10,26.20,26.00,25.90,26.10,25.90,26.10,25.90,25.80,26.10,25.60,25.60,25.60,25.60,25.70,25.90,25.80,25.70,25.60,25.80,25.80,25.70,25.90,25.90,25.90,25.90,26.20,26.10,25.90,25.90,25.90,26.00,25.90,25.90,25.90,26.10,26.10,26.10,26.10,26.10,25.90,25.90,25.80,26.10,26.10,26.00,26.10,25.90,25.80,26.20,25.90,26.10,26.10,26.20,26.20,26.40,26.00,26.00,26.20,25.90,26.10,26.10,25.90,26.00,26.10,26.10,26.20,26.10,26.00,26.00,26.20,26.40,26.30,26.10,26.10,26.10,25.90,26.00,26.10,26.20,26.20,26.10,26.10,25.90,26.20,26.30,26.20,26.00,26.20,26.20,26.00,26.10,26.10,25.90,26.40,26.40,26.60,26.50,26.20,26.20,26.30,26.20,26.20,26.20,26.30,26.00,26.20,26.30,26.20,26.20,26.40,26.10,26.10,25.90,26.30,26.40,26.30,26.30,26.30,26.40,26.30,26.30,26.60,26.40,26.40,26.60,26.40,26.20,25.90,26.10,26.20,26.20,26.10,26.10,26.20,26.40,26.30,26.40,26.40,26.40,26.60,26.40,26.40,26.30,26.40,26.40,26.40,26.60,26.70,26.40,26.40,26.40,26.30,26.40,26.40,26.30,26.50,26.50
26.00,26.10,26.00,25.90,25.80,25.90,26.10,25.90,26.10,26.20,26.30,26.20,26.10,26.00,26.10,26.10,25.90,26.30,26.20,25.90,26.00,26.00,26.10,26.00,26.00,26.00,26.10,25.90,26.10,26.20,26.10,26.00,26.10,26.20,26.20,25.90,25.90,26.10,26.40,26.20,26.20,26.20,26.40,26.50,26.30,26.40,26.40,26.20,26.20,26.40,26.30,26.40,26.30,26.20,26.20,26.40,26.40,26.40,26.40,26.50,26.40,26.40,26.40,26.30,26.30,26.30,26.50,26.40,26.40,26.60,26.60,26.30,26.70,26.60,26.60,26.60,26.60,26.70,26.40,26.60,26.50,26.50,26.50,26.50,26.50,26.60,26.50,26.60,26.90,26.50,26.70,26.60,26.70,26.90,26.80,26.70,26.70,26.70,26.70,26.80,26.90,26.80,26.80,27.10,26.80,27.00,26.70,27.00,26.80,27.20,27.20,26.90,26.90,26.90,26.70,26.90,27.00,26.80,27.00,27.10,27.00,26.90,27.10,27.00,26.90,26.90,26.90,27.00,26.90,27.00,27.00,26.90,26.80,26.90,26.80,26.40,26.80,26.80,26.70,26.70,26.70,26.60,26.60,26.60,26.50,26.40,26.60,26.20,26.30,26.40,26.20,26.10,26.20,26.40,26.20,26.20,26.10,26.50,26.60,26.60,26.40,26.40,26.40,26.60,26.60,26.60,26.40,26.30,26.40,26.40,26.60,26.90,26.50,26.40,26.70,26.70,26.60,26.60,26.30,26.50,26.40,26.40,26.40,26.50,26.30,26.20,26.20,26.20,26.20,26.10,26.20,26.40,26.20,26.20,26.20,26.10,26.00,26.00,26.20,26.20,26.10,26.20,26.20,26.10,25.90,26.20,26.10,26.10,26.20,26.10,26.00,26.30,26.10,25.90,25.90,26.10,25.80,26.10,25.90,26.20,26.20,26.40,26.30,26.30,26.30,26.10,26.00,26.00,25.60,25.80,26.00,25.90,25.90,25.90,25.50,25.70,25.80,25.60,25.60,25.60,25.70,25.80,25.90,25.80,25.60,25.70,25.90,25.80,25.90,25.90,25.80,25.90,26.10,26.00,26.00,26.10,26.00,26.10,26.10,26.10,26.10,26.00,26.10,25.90,25.90,26.00,25.90,26.10,26.00,26.20,25.90,26.00,25.90,26.10,25.90,26.20,26.00,26.20,26.20,26.20,26.10,26.00,26.10,25.90,26.00,26.10,26.00,26.00,26.10,26.10,25.90,26.00,26.10,26.10,26.00,26.10,26.20,26.20,26.10,26.20,26.20,25.90,26.00,26.10,26.00,26.30,26.10,26.10,26.10,26.30,26.10,26.10,26.20,26.20,25.90,25.80,25.90,26.20,26.30,26.40,26.40,26.30,26.40,26.30,26.30,26.30,26.20,26.10,26.20,26.00,26.10,26.20,26.10,26.20,26.40,26.40,26.20,26.30,26.20,26.40,26.40,26.30,26.20,26.30,26.50,26.40,26.50,26.50,26.40,26.50,26.50,26.40,26.10,26.30,26.20,26.40,26.40,26.30,26.20,26.40,26.20,26.40,26.60,26.40,26.60,26.70,26.20,26.50,26.50,26.40,26.50,26.60,26.60,26.00,26.20,26.40,26.60,26.60,26.60,26.50,26.50,26.50
26.10,26.10,26.00,26.10,26.00,26.10,26.10,25.80,26.10,26.10,25.90,25.90,25.90,26.00,26.10,26.10,26.00,26.00,25.90,25.80,25.90,26.10,26.10,25.80,25.90,26.10,26.20,26.10,26.30,26.20,26.10,26.20,26.20,26.20,26.10,26.00,26.10,26.10,26.20,26.20,26.20,26.20,26.30,26.00,26.20,26.40,26.40,26.20,26.40,26.50,26.50,26.40,26.30,26.20,26.20,26.30,26.40,26.60,26.70,26.60,26.40,26.60,26.60,26.50,26.40,26.40,26.50,26.50,26.60,26.60,26.60,26.40,26.40,26.70,26.80,26.60,26.60,26.70,26.30,26.30,26.50,26.60,26.60,26.80,26.70,26.50,26.50,26.70,26.70,26.70,26.60,26.60,26.80,26.70,27.00,26.80,26.60,26.60,26.70,26.90,26.90,26.80,27.00,27.00,26.90,27.00,27.00,27.00,26.90,27.10,27.00,27.00,26.90,26.90,26.80,26.90,26.80,26.90,27.00,26.90,26.90,27.00,27.10,26.90,26.90,27.00,26.90,27.00,26.90,27.00,27.00,26.80,26.80,26.90,26.70,26.70,27.00,26.60,26.50,26.60,26.70,26.60,26.40,26.60,25.90,26.40,26.60,26.00,26.50,26.40,26.20,26.20,26.30,26.40,26.40,26.60,26.40,26.20,26.20,26.60,26.50,26.40,26.40,26.70,26.60,26.70,26.50,26.40,26.50,26.60,26.80,26.70,26.20,26.20,26.60,26.90,26.70,26.40,26.30,26.70,26.50,26.20,26.10,26.50,26.40,26.10,26.20,26.20,26.30,26.10,26.30,26.10,26.30,26.10,26.10,26.10,25.90,25.80,25.80,26.40,26.10,26.20,26.10,26.20,25.90,26.20,26.20,26.10,26.30,26.20,26.20,26.20,26.10,26.20,26.00,25.90,26.00,25.90,25.80,26.20,26.10,26.60,26.40,26.20,26.10,26.30,26.20,26.10,25.90,25.90,25.90,25.90,25.80,25.90,25.60,25.70,26.00,25.80,25.70,25.60,25.70,25.80,25.80,25.80,25.60,25.80,25.90,25.80,25.90,25.80,26.00,25.90,26.10,26.20,26.00,25.80,26.10,26.10,26.10,25.90,26.00,26.00,25.90,26.10,26.00,26.10,26.10,26.00,26.10,26.30,25.90,26.20,26.10,26.10,25.80,26.20,26.20,25.90,26.10,26.20,26.20,26.20,26.10,26.00,26.10,26.20,26.00,25.80,26.20,26.30,25.90,25.90,26.20,26.00,26.10,26.10,26.10,26.30,26.30,26.10,26.20,26.00,26.00,26.00,26.00,26.10,26.10,26.10,26.30,26.30,26.20,26.20,26.20,26.20,26.30,26.20,25.90,26.40,26.20,26.10,26.30,26.20,26.40,26.60,26.20,26.00,26.20,26.10,26.00,26.20,26.20,26.30,26.10,26.20,26.20,26.40,26.20,26.40,26.50,26.40,26.30,26.20,26.20,26.10,26.30,26.40,26.40,26.50,26.40,26.40,26.40,26.40,26.30,26.40,26.50,26.40,26.40,26.40,26.40,26.40,26.40,26.40,26.70,26.40,26.30,26.20,26.10,26.30,26.60,26.40,26.30,26.40,26.80,26.20,26.10,26.30,26.60,26.40,26.40,26.60,26.50,26.40
